-- phpMyAdmin SQL Dump
-- version 5.2.1
-- https://www.phpmyadmin.net/
--
-- 主機： 127.0.0.1
-- 產生時間： 2023-10-13 11:56:40
-- 伺服器版本： 10.4.28-MariaDB
-- PHP 版本： 8.2.4

SET SQL_MODE = "NO_AUTO_VALUE_ON_ZERO";
START TRANSACTION;
SET time_zone = "+00:00";


/*!40101 SET @OLD_CHARACTER_SET_CLIENT=@@CHARACTER_SET_CLIENT */;
/*!40101 SET @OLD_CHARACTER_SET_RESULTS=@@CHARACTER_SET_RESULTS */;
/*!40101 SET @OLD_COLLATION_CONNECTION=@@COLLATION_CONNECTION */;
/*!40101 SET NAMES utf8mb4 */;

--
-- 資料庫： `group2`
--

-- --------------------------------------------------------

--
-- 資料表結構 `adm`
--

CREATE TABLE `adm` (
  `adm_id` int(11) NOT NULL,
  `adm_name` varchar(30) NOT NULL,
  `adm_psw` varchar(30) NOT NULL,
  `adm_level` tinyint(2) NOT NULL DEFAULT 1,
  `adm_img` varchar(30) NOT NULL
) ENGINE=InnoDB DEFAULT CHARSET=utf8mb4 COLLATE=utf8mb4_general_ci;

--
-- 傾印資料表的資料 `adm`
--

INSERT INTO `adm` (`adm_id`, `adm_name`, `adm_psw`, `adm_level`, `adm_img`) VALUES
(1, '杜騰寓', '123', 2, '01.png'),
(2, '吳博棕', '123', 1, '02.png'),
(3, '洪碩亨', '123', 1, '03.png'),
(4, '林胤丞', '123', 1, ''),
(5, '蔡文凱', '123', 1, '');

-- --------------------------------------------------------

--
-- 資料表結構 `bookmark_camp`
--

CREATE TABLE `bookmark_camp` (
  `id` int(11) NOT NULL,
  `user_id` int(11) NOT NULL,
  `campGroundID` int(11) NOT NULL
) ENGINE=InnoDB DEFAULT CHARSET=utf8mb4 COLLATE=utf8mb4_general_ci;

--
-- 傾印資料表的資料 `bookmark_camp`
--

INSERT INTO `bookmark_camp` (`id`, `user_id`, `campGroundID`) VALUES
(1, 4, 1),
(3, 5, 1),
(4, 5, 2),
(5, 62, 1),
(6, 62, 2),
(7, 50, 1),
(8, 50, 2),
(9, 4, 2);

-- --------------------------------------------------------

--
-- 資料表結構 `bookmark_event`
--

CREATE TABLE `bookmark_event` (
  `id` int(11) NOT NULL,
  `user_id` int(11) NOT NULL,
  `events_id` int(11) NOT NULL
) ENGINE=InnoDB DEFAULT CHARSET=utf8mb4 COLLATE=utf8mb4_general_ci;

--
-- 傾印資料表的資料 `bookmark_event`
--

INSERT INTO `bookmark_event` (`id`, `user_id`, `events_id`) VALUES
(1, 4, 1),
(2, 4, 3),
(3, 4, 4),
(4, 4, 15),
(5, 4, 18),
(6, 4, 21),
(7, 4, 20),
(8, 4, 25),
(9, 4, 10);

-- --------------------------------------------------------

--
-- 資料表結構 `bookmark_product`
--

CREATE TABLE `bookmark_product` (
  `id` int(11) NOT NULL,
  `user_id` int(11) NOT NULL,
  `product_id` int(11) NOT NULL
) ENGINE=InnoDB DEFAULT CHARSET=utf8mb4 COLLATE=utf8mb4_general_ci;

--
-- 傾印資料表的資料 `bookmark_product`
--

INSERT INTO `bookmark_product` (`id`, `user_id`, `product_id`) VALUES
(2, 4, 40),
(13, 4, 41),
(16, 4, 42);

-- --------------------------------------------------------

--
-- 資料表結構 `brand`
--

CREATE TABLE `brand` (
  `brand_id` int(11) NOT NULL,
  `brand_name` varchar(128) NOT NULL
) ENGINE=InnoDB DEFAULT CHARSET=utf8mb4 COLLATE=utf8mb4_general_ci;

--
-- 傾印資料表的資料 `brand`
--

INSERT INTO `brand` (`brand_id`, `brand_name`) VALUES
(1, 'Coleman'),
(2, 'Snow Peak'),
(3, 'Heron'),
(4, 'Gustav'),
(5, 'The North Face'),
(6, 'Norm'),
(7, 'Rapide'),
(8, 'Polar'),
(9, 'Arcteryx'),
(10, 'Kraken'),
(11, 'ZIZ');

-- --------------------------------------------------------

--
-- 資料表結構 `campground`
--

CREATE TABLE `campground` (
  `campGroundID` int(11) NOT NULL,
  `campgroundName` varchar(1000) DEFAULT NULL,
  `campgroundDescription` varchar(1000) DEFAULT NULL,
  `campgroundAddress` varchar(1000) DEFAULT NULL,
  `campgroundArea` varchar(1000) DEFAULT NULL,
  `elevation` varchar(1000) DEFAULT NULL,
  `isValid` int(1) NOT NULL DEFAULT 1
) ENGINE=InnoDB DEFAULT CHARSET=utf8mb4 COLLATE=utf8mb4_general_ci;

--
-- 傾印資料表的資料 `campground`
--

INSERT INTO `campground` (`campGroundID`, `campgroundName`, `campgroundDescription`, `campgroundAddress`, `campgroundArea`, `elevation`, `isValid`) VALUES
(1, '森林之谷', '坐落於茂密的森林中，遠離塵囂，是大自然的天然避風港。', 'XX市XX區XX路XX號', '6911坪', '92公尺', 1),
(2, '湖畔風情', '湖邊景色宜人，清晨湖光山色，夜晚星光點點，是愜意的度假勝地。', 'XX市XX區XX路XX號', '5434坪', '520公尺', 1),
(3, '山谷秘境', '位於峽谷深處，四周峰疊嵐疊，環境清幽適合放鬆身心。', 'XX市XX區XX路XX號', '6438坪', '324公尺', 1),
(4, '星空露營場', '擁有最佳觀星位置，夜晚滿天星斗，讓您感受星空之美。', 'XX市XX區XX路XX號', '5888坪', '63公尺', 1),
(5, '沙灘樂園', '坐落於金色沙灘旁，享受沙灘度假樂趣，讓您玩得開心。', 'XX市XX區XX路XX號', '126坪', '343公尺', 1),
(6, '湖光山色', '環湖繞山，湖光山色交相輝映，是拍照打卡的好地方。', 'XX市XX區XX路XX號', '2965坪', '525公尺', 1),
(7, '逍遙谷', '大片草原和山谷交錯，空氣清新，是親近自然的好去處。', 'XX市XX區XX路XX號', '4448坪', '599公尺', 1),
(8, '藍天白雲', '寬闊的天空，清澈的湖水，是悠閒度假的理想地點。', 'XX市XX區XX路XX號', '3347坪', '418公尺', 1),
(9, '涼爽林間', '綠意盎然的森林中，清涼怡人，是避暑的好選擇。', 'XX市XX區XX路XX號', '3389坪', '294公尺', 1),
(10, '111', '222', '333', '444', '555', 0),
(11, '山野風情', '遠離塵囂的山野間，親近自然，感受山林風情。', 'XX市XX區XX路XX號', '6907坪', '216公尺', 1),
(12, '湖光山色營地', '湖光山色，風景優美，是放鬆心情的好去處。', 'XX市XX區XX路XX號', '4368坪', '200公尺', 1),
(13, '星空露台營區', '坐擁絕佳觀星位置，讓您感受星空的奇妙。', 'XX市XX區XX路XX號', '1121坪', '350公尺', 1),
(14, '溪畔營地', '緊鄰溪流，悠然自得，與自然共處的愜意時光。', 'XX市XX區XX路XX號', '2499坪', '153公尺', 1),
(15, '海濱營區', '海灘沙灘，玩水、戲沙，讓您盡情享受海灘樂趣。', 'XX市XX區XX路XX號', '9134坪', '713公尺', 1),
(16, '山谷湖光', '湖光山色相映襯，山谷湖光，讓您陶醉其中。', 'XX市XX區XX路XX號', '8174坪', '106公尺', 1),
(17, 'ㄋ', 'ㄋ', 'ㄋ', 'ㄋ', 'ㄋ', 0),
(18, '原野風光', '廣袤的原野景色，遠離塵囂，讓您回歸自然。', 'XX市XX區XX路XX號', '3469坪', '394公尺', 1),
(19, '湖畔星空', '湖邊環湖地形，觀星視野極佳，夜晚星光璀璨。', 'XX市XX區XX路XX號', '2825坪', '651公尺', 1),
(20, '高山營地', '位於高山山區，山巒疊翠，氣候清涼宜人。', 'XX市XX區XX路XX號', '3715坪', '74公尺', 1),
(21, '瀑布側營地', '鄰近瀑布，聽瀑布洶湧的水聲，讓人心神愜意。', 'XX市XX區XX路XX號', '101坪', '417公尺', 1),
(22, '測試營地', '測試營地', '測試營地', '測試營地', '測試營地', 0),
(23, '雲端營地', '位於山頂，彷彿身處雲端，雲海美景，讓人心馳神往。', 'XX市XX區XX路XX號', '9362坪', '863公尺', 1),
(24, '風景優美', '四周風景優美，空氣新鮮，是散步、健行的好地方。', 'XX市XX區XX路XX號', '6506坪', '63公尺', 1),
(25, '藍海營地', '臨海而建，海風拂面，享受海邊營地的無限樂趣。', 'XX市XX區XX路XX號', '4446坪', '728公尺', 1),
(26, '', '', '', '', '', 0),
(27, '樹間小徑', '穿梭在林間小徑，享受森林浴的舒適體驗。', 'XX市XX區XX路XX號', '2713坪', '453公尺', 1),
(28, '星空湖光', '擁有極佳觀星視野，是星空愛好者的最愛。', 'XX市XX區XX路XX號', '225坪', '82公尺', 1);

-- --------------------------------------------------------

--
-- 資料表結構 `campgroundadditionaloptions`
--

CREATE TABLE `campgroundadditionaloptions` (
  `campgroundAdditionalOptionsID` int(11) NOT NULL,
  `optionName` varchar(1000) NOT NULL,
  `optionPrice` decimal(10,0) NOT NULL,
  `optionDetails` varchar(1000) NOT NULL,
  `isValid` int(1) NOT NULL DEFAULT 1
) ENGINE=InnoDB DEFAULT CHARSET=utf8mb4 COLLATE=utf8mb4_general_ci;

--
-- 傾印資料表的資料 `campgroundadditionaloptions`
--

INSERT INTO `campgroundadditionaloptions` (`campgroundAdditionalOptionsID`, `optionName`, `optionPrice`, `optionDetails`, `isValid`) VALUES
(1, '柚子檸檬塔', 180, '柚子與檸檬的清新組合，塔皮酥脆內餡酸甜可口。', 1),
(2, ' 烤肉啤酒＋海鮮', 6888, '啤酒3箱＋烤肉用具+海鮮', 0),
(3, '焗烤起司', 320, '奶香起司與嫩滑意面完美結合，烤至黃金酥脆。', 1),
(4, '海鮮燉飯', 420, '鮮美海鮮和米飯經燉煮，濃郁的海洋風味', 1),
(5, '海鮮333', 33344, '3333', 0),
(6, '1', 1, '1', 0),
(7, '蒜香烤雞', 280, '嫩滑雞肉蘸以蒜香醬汁，烤至金黃酥脆。', 1),
(8, '香煎牛排', 380, '經典牛排烤至香嫩，是美味的代表之一。', 1),
(9, 'template方案', 7864, 'template方案', 0),
(10, '豪華湖景別墅', 2500, '湖景豪華別墅，享受美妙的湖泊風景。', 1),
(11, '森林小木屋', 1200, '坐落於森林中的舒適小木屋，與大自然親密接觸。', 1),
(12, '溪畔帳篷', 800, '於溪邊搭建的帳篷區，聆聽溪水的潺潺聲音。', 1),
(13, '星空露台', 1000, '帶有露天露台的房間，夜晚觀賞繁星點點。', 1),
(14, '山景套房', 1800, '俯瞰群山美景的豪華套房，享受宜人氛圍。', 1),
(15, '海鮮烤盤套餐', 1200, '豐盛的海鮮烤肉套餐，包含新鮮海鮮和各種美味配菜。', 1),
(16, '牛排燒烤組合', 900, '多種口味的牛排燒烤，滿足肉食愛好者。', 1),
(17, '蔬果海鮮燒烤', 800, '多樣蔬果和海鮮，適合健康美食愛好者。', 1),
(18, '酒釀雞翅串', 600, '特製酒釀醃製的雞翅串，口味獨特美味。', 1),
(19, '香烤牡蠣', 1000, '鮮嫩牡蠣以特製醬料烤至香酥，是海鮮愛好者的最愛。', 1),
(20, '高級紅酒品鑑', 2500, '品嚐多款高級紅酒，專業品鑑體驗。', 1),
(21, '香濃拿鐵咖啡', 150, '濃郁的拿鐵咖啡，提供您清晨的能量。', 1),
(22, '草莓冰沙', 180, '新鮮草莓打造的冰涼冰沙，解暑又美味。', 1),
(23, '夏日雞尾酒', 220, '清涼的夏日雞尾酒，讓您在夜晚放鬆身心。', 1),
(24, '水果雞尾酒', 200, '多種新鮮水果混合而成的雞尾酒，果香四溢。', 1),
(25, '高級沙灘別墅', 2800, '坐落於私人沙灘的豪華別墅，享受沙灘陽光和海洋美景。', 1),
(26, '森林大木屋', 1350, '另一種風格的森林小木屋，讓您感受不同的大自然氛圍。', 1),
(27, '湖畔帳篷', 950, '靠近湖泊的帳篷區，與自然和湖水零距離。', 1),
(28, '星際露台', 1180, '位於高處的露天露台房間，觀賞星空與城市夜景。', 1),
(29, '山谷套房', 1960, '坐落於山谷中的豪華套房，鳥瞰綿延山脈美景。', 1),
(30, '海鮮盛宴', 1380, '多款海鮮美食盛宴，新鮮的海味滿足您的味蕾。', 1),
(31, '肉食者天堂', 880, '炙燒各式肉品，肉食愛好者的天堂饗宴。', 1),
(32, '蔬食健康', 720, '以新鮮蔬果製作的健康美食，照顧您的身心健康。', 1),
(33, '啤酒派對', 580, '暢飲各式啤酒的派對時光，與好友共度美好時光。', 1),
(34, '美味雞尾酒', 960, '多款口味雞尾酒，為您帶來愉悅的飲品體驗。', 1),
(35, '葡萄酒之旅', 2750, '專業品鑑多款葡萄酒，品味來自各地的美酒風采。', 1),
(36, '清新冰咖', 190, '冰涼清新的咖啡飲品，消暑解渴的好選擇。', 1),
(37, '濃郁巧克力', 220, '香濃美味的巧克力飲品，讓您陶醉在甜蜜滋味中。', 1),
(38, '夏日綺麗', 320, '綻放夏日風情的水果雞尾酒，色彩鮮豔口感美妙。', 1);

-- --------------------------------------------------------

--
-- 資料表結構 `campgroundshoppingcart`
--

CREATE TABLE `campgroundshoppingcart` (
  `cartID` int(100) NOT NULL,
  `userID` int(11) NOT NULL,
  `campGroundID` int(11) NOT NULL,
  `campingType` int(11) NOT NULL,
  `campgroundAdditionalOptionsID` int(11) NOT NULL,
  `checkInDate` date NOT NULL,
  `checkOutDate` date NOT NULL
) ENGINE=InnoDB DEFAULT CHARSET=utf8mb4 COLLATE=utf8mb4_general_ci;

--
-- 傾印資料表的資料 `campgroundshoppingcart`
--

INSERT INTO `campgroundshoppingcart` (`cartID`, `userID`, `campGroundID`, `campingType`, `campgroundAdditionalOptionsID`, `checkInDate`, `checkOutDate`) VALUES
(1, 3, 2, 4, 1, '2023-07-17', '2023-07-19'),
(2, 13, 1, 2, 1, '2023-07-24', '2023-07-25'),
(3, 8, 2, 3, 1, '2023-07-24', '2023-07-26');

-- --------------------------------------------------------

--
-- 資料表結構 `campground_img`
--

CREATE TABLE `campground_img` (
  `campGround_imgID` int(11) NOT NULL,
  `campGroundID` int(11) NOT NULL,
  `file` varchar(1000) CHARACTER SET armscii8 COLLATE armscii8_general_ci NOT NULL
) ENGINE=InnoDB DEFAULT CHARSET=utf8mb4 COLLATE=utf8mb4_general_ci;

--
-- 傾印資料表的資料 `campground_img`
--

INSERT INTO `campground_img` (`campGround_imgID`, `campGroundID`, `file`) VALUES
(20, 18, '1690351660.png'),
(21, 19, '1690351672.png'),
(22, 20, '1690351700.png'),
(23, 21, '1690351718.png'),
(24, 22, '1690356517.png'),
(27, 24, '1690360753.png'),
(33, 24, '1690361622.png'),
(40, 23, '1690474284.png'),
(43, 25, '1690505785.png'),
(44, 27, '1690613103.png'),
(45, 27, '1690613104.png');

-- --------------------------------------------------------

--
-- 資料表結構 `campingareafacilities`
--

CREATE TABLE `campingareafacilities` (
  `campingAreaFacilitiesID` int(11) NOT NULL,
  `campingAreaTypeID` int(11) NOT NULL,
  `bathroom` tinyint(1) NOT NULL DEFAULT 0,
  `hairdryer` tinyint(1) NOT NULL DEFAULT 0,
  `outdoorBarbecueGrill` tinyint(1) NOT NULL DEFAULT 0,
  `toiletries` tinyint(1) NOT NULL DEFAULT 0,
  `medicalKit` tinyint(1) NOT NULL DEFAULT 0,
  `carAwning` tinyint(1) NOT NULL DEFAULT 0,
  `WiFiRouter` tinyint(1) NOT NULL DEFAULT 0,
  `parkingSpace` tinyint(1) NOT NULL DEFAULT 0
) ENGINE=InnoDB DEFAULT CHARSET=utf8mb4 COLLATE=utf8mb4_general_ci;

--
-- 傾印資料表的資料 `campingareafacilities`
--

INSERT INTO `campingareafacilities` (`campingAreaFacilitiesID`, `campingAreaTypeID`, `bathroom`, `hairdryer`, `outdoorBarbecueGrill`, `toiletries`, `medicalKit`, `carAwning`, `WiFiRouter`, `parkingSpace`) VALUES
(1, 1, 0, 1, 0, 1, 1, 1, 1, 1),
(2, 22, 1, 0, 0, 0, 0, 0, 0, 1),
(3, 23, 1, 0, 0, 0, 0, 0, 0, 0),
(4, 24, 1, 1, 1, 1, 1, 1, 1, 1),
(5, 25, 1, 0, 0, 0, 0, 0, 0, 0),
(6, 26, 1, 1, 1, 1, 0, 0, 0, 0),
(7, 27, 0, 1, 1, 1, 1, 1, 1, 1),
(8, 28, 1, 0, 0, 0, 0, 1, 0, 0),
(9, 29, 0, 1, 1, 0, 1, 0, 1, 0),
(10, 30, 1, 1, 0, 0, 1, 1, 1, 0),
(11, 31, 1, 0, 1, 0, 1, 0, 0, 1),
(12, 32, 0, 0, 1, 0, 1, 0, 1, 1),
(13, 33, 0, 1, 1, 0, 1, 0, 1, 0),
(14, 34, 0, 0, 1, 0, 0, 1, 1, 1),
(15, 35, 0, 0, 0, 1, 1, 1, 1, 1),
(16, 36, 1, 0, 1, 0, 1, 0, 0, 0),
(17, 37, 0, 0, 1, 1, 1, 1, 0, 0),
(18, 38, 1, 0, 1, 0, 1, 0, 1, 0),
(19, 39, 0, 0, 1, 1, 0, 0, 1, 0),
(20, 40, 1, 1, 0, 0, 1, 0, 1, 1),
(21, 41, 1, 1, 0, 0, 1, 1, 0, 1),
(22, 42, 1, 1, 1, 1, 1, 1, 0, 0),
(23, 43, 0, 1, 1, 0, 0, 1, 0, 1),
(24, 44, 0, 0, 1, 0, 0, 0, 0, 1),
(25, 45, 0, 0, 0, 0, 0, 1, 0, 0),
(26, 46, 1, 1, 0, 1, 1, 1, 0, 0),
(27, 47, 0, 1, 1, 0, 0, 1, 0, 1),
(28, 48, 1, 1, 1, 1, 1, 0, 0, 1),
(29, 49, 0, 1, 1, 1, 1, 0, 1, 0),
(30, 50, 0, 1, 0, 1, 1, 0, 0, 1),
(31, 51, 1, 1, 1, 1, 1, 1, 1, 0),
(32, 52, 0, 0, 1, 1, 1, 1, 1, 0),
(33, 53, 0, 1, 1, 0, 0, 1, 0, 1);

-- --------------------------------------------------------

--
-- 資料表結構 `campingarealist`
--

CREATE TABLE `campingarealist` (
  `campingAreaListID` int(11) NOT NULL,
  `campGroundID` int(11) DEFAULT NULL,
  `campingTypeID` int(11) DEFAULT NULL,
  `campingAreaDescription` varchar(1000) NOT NULL,
  `campingAreaPrice` decimal(10,0) NOT NULL,
  `numberOfTents` varchar(1000) NOT NULL,
  `isValid` int(1) NOT NULL DEFAULT 1
) ENGINE=InnoDB DEFAULT CHARSET=utf8mb4 COLLATE=utf8mb4_general_ci;

--
-- 傾印資料表的資料 `campingarealist`
--

INSERT INTO `campingarealist` (`campingAreaListID`, `campGroundID`, `campingTypeID`, `campingAreaDescription`, `campingAreaPrice`, `numberOfTents`, `isValid`) VALUES
(1, 1, 2, '靠近湖泊或水域的露營區，環境清幽宜人，提供釣魚、划船等水上活動，讓露營體驗更加豐富多彩。', 2265, '8帳', 1),
(2, 2, 4, '廣闊的平坦地帶，沒有太多地形變化，便於搭建帳篷和舉辦各類戶外活動，是初學者和大型露營團隊的首選。', 3652, '1帳', 1),
(3, 3, 3, '地勢較平緩的小山丘地區，視野開闊，通常風景優美，適合進行野餐和休閒活動，是家庭和朋友聚會的好地方。', 1466, '1帳', 1),
(22, 1, 1, '環抱在樹林之中的露營區，擁有茂密的樹木和清新的空氣，提供天然的陰涼避暑場所，是尋求大自然寧靜的理想之地。', 6372, '2帳', 1),
(23, 2, 2, '靠近湖泊或水域的露營區，環境清幽宜人，提供釣魚、划船等水上活動，讓露營體驗更加豐富多彩。', 7466, '9帳', 1),
(24, 1, 4, '廣闊的平坦地帶，沒有太多地形變化，便於搭建帳篷和舉辦各類戶外活動，是初學者和大型露營團隊的首選。', 8212, '9帳', 1),
(25, 1, 5, '這是一個供營火的特別指定區域，露營者可以在此篝火烤食、取暖，營火的美好氛圍讓夜晚變得溫馨而浪漫。', 8664, '9帳', 1),
(26, 2, 3, '地勢較平緩的小山丘地區，視野開闊，通常風景優美，適合進行野餐和休閒活動，是家庭和朋友聚會的好地方。', 8683, '8帳', 1),
(27, 1, 5, '這是一個供營火的特別指定區域，露營者可以在此篝火烤食、取暖，營火的美好氛圍讓夜晚變得溫馨而浪漫。', 7424, '5帳', 1),
(28, 1, 1, '環抱在樹林之中的露營區，擁有茂密的樹木和清新的空氣，提供天然的陰涼避暑場所，是尋求大自然寧靜的理想之地。', 1070, '1帳', 1),
(29, 2, 5, '這是一個供營火的特別指定區域，露營者可以在此篝火烤食、取暖，營火的美好氛圍讓夜晚變得溫馨而浪漫。', 3081, '0帳', 1),
(30, 25, 1, '   大象在森林44', 2000, '12帳', 0),
(31, 21, 1, '     假資料21森林', 2100, '125帳', 0),
(32, 3, 24, '位於山腳或山丘上的露營區，環境優美，擁有俯瞰景觀，通常風景怡人，適合喜歡山地風光的露營者。', 2193, '6帳', 1),
(33, 16, 49, '河畔營區的優勢在於其與水相近的位置，提供了獨特的露營體驗和許多愉悅的活動機會。這些營區環境通常清幽宜人，讓人感覺靠近大自然的懷抱。', 7749, '10帳', 1);

-- --------------------------------------------------------

--
-- 資料表結構 `campingarealist_img`
--

CREATE TABLE `campingarealist_img` (
  `campingAreaList_imgID` int(11) NOT NULL,
  `campingAreaListID` int(11) NOT NULL,
  `file` varchar(1000) CHARACTER SET armscii8 COLLATE armscii8_general_ci NOT NULL
) ENGINE=InnoDB DEFAULT CHARSET=utf8mb4 COLLATE=utf8mb4_general_ci;

--
-- 傾印資料表的資料 `campingarealist_img`
--

INSERT INTO `campingarealist_img` (`campingAreaList_imgID`, `campingAreaListID`, `file`) VALUES
(7, 30, '1690505918.png'),
(8, 30, '1690506314.png'),
(10, 31, '1690506809.png'),
(11, 32, '1690613208.png'),
(12, 3, '1690613307.png');

-- --------------------------------------------------------

--
-- 資料表結構 `campingareatype`
--

CREATE TABLE `campingareatype` (
  `campingAreaTypeID` int(11) NOT NULL,
  `typeName` varchar(255) NOT NULL,
  `isValid` int(1) NOT NULL DEFAULT 1
) ENGINE=InnoDB DEFAULT CHARSET=utf8mb4 COLLATE=utf8mb4_general_ci;

--
-- 傾印資料表的資料 `campingareatype`
--

INSERT INTO `campingareatype` (`campingAreaTypeID`, `typeName`, `isValid`) VALUES
(1, '森林區', 1),
(2, '湖泊區', 1),
(3, '丘陵區', 1),
(4, '平原區', 1),
(5, '火焰區', 1),
(6, '沙漠區3', 0),
(7, '沙漠區2', 0),
(8, '森林區2', 0),
(9, '', 0),
(10, '', 0),
(11, 'ty1', 0),
(12, 'TY火焰', 0),
(13, '增加露營區類型表單', 0),
(14, '', 0),
(15, '', 0),
(16, '', 0),
(22, '山坡區', 0),
(23, '山坡區', 0),
(24, '山坡區', 1),
(25, '山坡區', 0),
(26, '海豚區', 1),
(27, '烤肉區', 1),
(28, '水獺區', 1),
(29, '蔚藍營區', 1),
(30, '綠谷營區', 1),
(31, '風情營區', 1),
(32, '溪畔小木屋', 1),
(33, '星夜營區', 1),
(34, '幽靜營區', 1),
(35, '鳥語花香營區', 1),
(36, '森林綠洲', 1),
(37, '夜空露台', 1),
(38, '水岸營區', 1),
(39, '林間帳棚', 1),
(40, '花海營區', 1),
(41, '清幽營區', 1),
(42, '山泉營區', 1),
(43, '溫泉營區', 1),
(44, '森野營區', 1),
(45, '天際營區', 1),
(46, '草原小木屋', 1),
(47, '森林秘境', 1),
(48, '青山野營', 1),
(49, '河畔營區', 1),
(50, '山麓帳篷', 1),
(51, '晨曦營區', 1),
(52, '山川營區', 1),
(53, '美景帳棚', 1);

-- --------------------------------------------------------

--
-- 資料表結構 `cart`
--

CREATE TABLE `cart` (
  `cart_id` int(11) NOT NULL,
  `pcs_purchased` int(11) NOT NULL,
  `user_id` int(11) NOT NULL,
  `inventory_id` int(11) NOT NULL
) ENGINE=InnoDB DEFAULT CHARSET=utf8mb4 COLLATE=utf8mb4_general_ci;

--
-- 傾印資料表的資料 `cart`
--

INSERT INTO `cart` (`cart_id`, `pcs_purchased`, `user_id`, `inventory_id`) VALUES
(1, 1, 4, 7);

-- --------------------------------------------------------

--
-- 資料表結構 `category`
--

CREATE TABLE `category` (
  `category_id` int(11) NOT NULL,
  `sub_category_name` varchar(50) DEFAULT NULL,
  `category_name` varchar(50) DEFAULT NULL
) ENGINE=InnoDB DEFAULT CHARSET=utf8mb4 COLLATE=utf8mb4_general_ci;

--
-- 傾印資料表的資料 `category`
--

INSERT INTO `category` (`category_id`, `sub_category_name`, `category_name`) VALUES
(2, '帳篷', '帳篷'),
(3, '登山帳篷', '帳篷'),
(4, '露營帳篷', '帳篷'),
(5, '篷布', '篷布'),
(6, '尼龍', '篷布'),
(7, '聚酯纖維', '篷布'),
(8, '露營工具', '露營工具'),
(9, '營釘', '露營工具'),
(10, '營釘鎚', '露營工具'),
(11, '營繩', '露營工具'),
(12, '摺疊桌椅', '露營用品'),
(13, '睡袋', '露營用品'),
(14, '野炊用具', '露營用品'),
(15, '上身', '精選服飾'),
(16, '褲裝', '精選服飾'),
(17, '配件', '精選服飾'),
(18, '鞋子', '精選服飾'),
(19, '精選服飾', '精選服飾');

-- --------------------------------------------------------

--
-- 資料表結構 `collect`
--

CREATE TABLE `collect` (
  `id` int(11) NOT NULL,
  `userID` int(11) NOT NULL,
  `articleID` int(11) NOT NULL
) ENGINE=InnoDB DEFAULT CHARSET=utf8mb4 COLLATE=utf8mb4_general_ci;

-- --------------------------------------------------------

--
-- 資料表結構 `coupon`
--

CREATE TABLE `coupon` (
  `coupon_no` int(11) NOT NULL,
  `coupon_id` int(11) NOT NULL,
  `user_id` int(11) NOT NULL,
  `coupon_state` tinyint(1) NOT NULL DEFAULT 1,
  `coupon_date` timestamp NOT NULL DEFAULT current_timestamp() ON UPDATE current_timestamp()
) ENGINE=InnoDB DEFAULT CHARSET=utf8mb4 COLLATE=utf8mb4_general_ci;

--
-- 傾印資料表的資料 `coupon`
--

INSERT INTO `coupon` (`coupon_no`, `coupon_id`, `user_id`, `coupon_state`, `coupon_date`) VALUES
(1, 1, 14, 1, '2023-08-23 12:29:16'),
(2, 1, 14, 1, '2023-08-16 12:29:16'),
(5, 1, 14, 1, '2023-08-16 12:29:16'),
(6, 1, 4, 1, '2023-08-22 12:29:16'),
(7, 1, 5, 1, '2023-08-15 12:29:16'),
(9, 1, 8, 1, '2023-08-16 12:29:16'),
(24, 2, 4, 1, '2023-08-26 12:44:55'),
(25, 2, 5, 1, '2023-08-26 12:44:55'),
(26, 2, 7, 1, '2023-08-26 12:44:55'),
(27, 2, 8, 1, '2023-08-26 12:44:55'),
(38, 2, 23, 1, '2023-08-28 04:18:37'),
(39, 2, 24, 1, '2023-08-28 04:18:37'),
(40, 2, 25, 1, '2023-08-28 04:18:37'),
(41, 2, 26, 1, '2023-08-28 04:18:37'),
(42, 2, 27, 1, '2023-08-28 04:18:37'),
(44, 2, 37, 1, '2023-08-28 04:18:37'),
(45, 2, 38, 1, '2023-08-28 04:18:37'),
(46, 2, 46, 1, '2023-08-28 04:18:37'),
(47, 4, 6, 1, '2023-08-08 04:19:28'),
(48, 4, 9, 1, '2023-08-08 04:19:28'),
(49, 4, 11, 1, '2023-08-08 04:19:28'),
(50, 4, 43, 1, '2023-08-08 04:19:28'),
(52, 3, 14, 1, '2023-09-27 05:47:26'),
(53, 3, 15, 1, '2023-09-27 05:47:26'),
(54, 8, 12, 1, '2023-08-28 05:47:52'),
(55, 8, 16, 1, '2023-08-28 05:47:52'),
(56, 8, 17, 1, '2023-08-28 05:47:52'),
(57, 8, 21, 1, '2023-08-28 05:47:52'),
(60, 1, 13, 1, '2023-08-28 07:31:57'),
(61, 4, 13, 1, '2023-08-08 07:32:01'),
(71, 3, 6, 1, '2023-07-29 04:10:18'),
(72, 3, 9, 1, '2023-07-29 04:10:18'),
(73, 3, 11, 1, '2023-07-29 04:10:18'),
(74, 3, 43, 1, '2023-07-29 04:10:18'),
(75, 1, 4, 1, '2023-08-30 10:06:11'),
(76, 1, 5, 1, '2023-08-30 10:06:11'),
(77, 1, 7, 1, '2023-08-30 10:06:11'),
(78, 1, 8, 1, '2023-08-30 10:06:11'),
(79, 1, 10, 1, '2023-08-30 10:06:11'),
(80, 1, 47, 1, '2023-08-30 10:06:11');

-- --------------------------------------------------------

--
-- 資料表結構 `coupon_list`
--

CREATE TABLE `coupon_list` (
  `coupon_id` int(11) NOT NULL,
  `coupon_name` varchar(20) NOT NULL,
  `coupon_detail` varchar(200) NOT NULL,
  `discount_price` smallint(10) NOT NULL,
  `limit_day` int(5) NOT NULL
) ENGINE=InnoDB DEFAULT CHARSET=utf8mb4 COLLATE=utf8mb4_general_ci;

--
-- 傾印資料表的資料 `coupon_list`
--

INSERT INTO `coupon_list` (`coupon_id`, `coupon_name`, `coupon_detail`, `discount_price`, `limit_day`) VALUES
(1, '白金折扣劵', '消費現折500元', 500, 30),
(2, '省下一杯珍奶折扣劵', '炎炎夏日，幫你省下飲料費，消費折抵50元', 50, 30),
(3, '黃金折扣劵', '黃金會員以上專屬優惠劵，使用期限加長，消費立即折抵100元', 100, 60),
(4, '尊爵折扣劵', '給我們最忠實的顧客，最尊爵不凡的優惠，限期10天，消費折抵750元', 750, 10),
(5, '小確幸折扣劵', '感謝會員愛戴，全面回饋，百元折抵優惠大放送', 100, 15),
(7, 'SP-1', '好吃好吃', 100, 30),
(8, '超級優惠', '給你意想不到的超級折扣', 500, 30),
(9, '超級優惠2', '給你意想不到的超級折扣!!!!!!!!!!!', 10, 30);

-- --------------------------------------------------------

--
-- 資料表結構 `events`
--

CREATE TABLE `events` (
  `events_id` int(11) NOT NULL,
  `title` varchar(255) NOT NULL,
  `registration_start_time` date DEFAULT NULL,
  `registration_end_time` date DEFAULT NULL,
  `event_start_time` datetime DEFAULT NULL,
  `event_end_time` datetime DEFAULT NULL,
  `simpleIntro` varchar(255) DEFAULT NULL,
  `applicantlimitedqty` int(255) DEFAULT NULL,
  `fullIntro` varchar(255) DEFAULT NULL,
  `location` varchar(255) DEFAULT NULL,
  `eventscategory_id` int(255) DEFAULT NULL,
  `level_id` int(255) DEFAULT NULL,
  `store_id` int(255) DEFAULT NULL
) ENGINE=InnoDB DEFAULT CHARSET=utf8mb4 COLLATE=utf8mb4_unicode_ci;

--
-- 傾印資料表的資料 `events`
--

INSERT INTO `events` (`events_id`, `title`, `registration_start_time`, `registration_end_time`, `event_start_time`, `event_end_time`, `simpleIntro`, `applicantlimitedqty`, `fullIntro`, `location`, `eventscategory_id`, `level_id`, `store_id`) VALUES
(1, '初次攀岩 第一次攀岩就上手', '2023-08-01', '2023-08-31', '2023-09-16 09:00:00', '2023-09-16 16:00:00', '攀岩不是肌肉男的專利\r\n攀岩運動不分男女，就算是初學者只要找到安全攀岩場、學習基本技巧，並帶著一顆勇於挑戰的心，相信你也可以從中找到樂趣。\r\n\r\n ', 10, '上攀是大家對攀岩的第一印象，有著大約3層樓高（9-15米不等）的上攀牆，需穿著安全吊帶與攀岩鞋，使用專門的繩索與快扣，下方有一位確保員。\r\n抱石是攀岩的一種型態，但是與多數攀登型態最大不同處是抱石不用繩索等器材確保，因而攀爬高度不高，以確保攀登者墜落無危險。而確保方法也異於一般攀登確保，抱石確保其目的也非使攀登者遠離地面，而是使確保者墜落時，身體為垂直地面，避免使攀登者因墜落而造成背與頭部傷害。', '台北市萬華區大理街149號', 1, 2, 1),
(2, '最安全的極限運動！最爽酷的娛樂健身！', '2023-09-01', '2023-09-30', '2023-10-14 13:00:00', '2023-10-14 17:00:00', '想學衝浪又不想跑海邊讓衝浪新手挑戰大海前先在這裡好好練習。', 10, '體驗室內衝浪，也有專業的教練課程，讓教練針對每個人不同的體能情形，手把手帶你學習衝浪的酷炫特技。\r\n結束後裡面還有各種娛樂設施像是恆溫泳池、泡泡池、健身房、滑水供會員體驗結束後使用。', '新北市板橋區華江三路211號1樓', 1, 3, 1),
(3, '極限體能王', '2023-10-01', '2023-10-31', '2023-11-11 14:00:00', '2023-11-11 16:00:00', '極限體能王全新副本開啟！考驗平衡、膽試、協調性、敏捷、爆發力、身體應用能力。\r\n', 10, '課程時間90分鐘，依序先熱身，讓教練了解大家體能狀況，接著進行關卡示範教學與練習。\r\n在此階段，教練會視情況調整關卡難易程度。最後將關卡串聯起來，進行個人挑戰或分組對抗，或者是繼續練習/挑戰其他項目。剩下30分鐘可自由練習關卡。', '台北市信義區基隆路一段25號', 1, 3, 1),
(4, '海上巡航 包船狂歡', '2024-06-01', '2024-06-30', '2024-07-13 07:00:00', '2024-07-13 13:00:00', '走向海洋感受浪漫仙境龜山島牛奶海的魅力，享受浪漫帆船融入遼闊山海，並在平靜水域進行水上活動！', 10, '★【浪漫牛奶海】最壯闊！最熱門！ 最夯！最潮！法式雙體帆船豪華派對雙體帆船SUP體驗\r\n★【說走就走 包船行程】不跟別人湊團併船！不尷尬！好安排！放鬆、自在、玩到瘋！\r\n★【海上戲水趴】提供SUP立槳、充氣浮具、海上魔毯、音樂派對、紅酒香檳享高端\r\n★【活動有保障】企業經營！合法船艇！多重保險！救生員教練、教學戒護！\r\n★【帆船派對FU】感受海洋魅力、享受渡假甜蜜、編織美麗回憶！', '宜蘭縣頭城鎮烏石遊艇碼頭', 2, 5, 1),
(5, '什麼，城市裡也能潛水？', '2023-11-01', '2023-11-30', '2023-12-16 10:00:00', '2023-12-16 12:00:00', '不需要舟車勞頓在城市中客製化你的潛水活動! ', 10, '水肺潛水沉船體驗\r\n座落在台中西屯區的都市水下沈船\r\n風靡了亞洲海內外的潛水員前來朝聖！\r\n不需要到外海深處\r\n在都市中就可以體驗沈船探險\r\n專屬於水肺潛水員的沈船區\r\n不會游泳也可以來體驗！', '台中市西屯區安和西路69號', 1, 4, 2),
(6, '準備好與好友一決勝負或者來探索古埃及之謎…', '2023-12-01', '2023-12-31', '2024-01-13 14:00:00', '2024-01-13 17:00:00', '雷射槍戰是一種射擊遊戲，在遊戲中每位玩家使用雷射槍去射擊對手或敵方隊伍來取得分數以贏得最後的勝利!!!', 20, '遊戲進行時，每位玩家將會穿著六度空間所提供的感應背心和雷射槍。六度空間的雷射對戰遊戲是非常安全不會有任何疼痛的(除非你很久沒運動肌肉痠痛)，而且也不需要準備任何服裝及裝備，隨時都能與親友一起進行激戰!!!\r\n感應系統可以讓我們在不同遊戲模式中得到不同的體驗並搭配上您自己的對戰策略，這將會是智力與體力上的挑戰!!!', '台灣台中市南屯區豐偉路87號B1', 1, 2, 2),
(7, '輕航機飛行體驗', '2024-01-01', '2024-01-31', '2024-02-10 08:00:00', '2024-02-10 16:00:00', '台中輕航機體驗，當一日飛行員!', 10, '無需任何飛行經驗，即可翱翔於藍天白雲間\r\n專業機師教練全程陪同，最高級的設備帶你俯瞰台中市容\r\n秉持「專業、合法、安全」三大精神，幫助有心飛向天際的有志之士一圓飛行夢', '台中市烏日區慶光路59-6號', 2, 4, 2),
(8, '台中露營｜森渼原ALIVE Glamping Base', '2024-02-01', '2024-02-29', '2024-03-16 15:00:00', '2024-03-16 11:00:00', '以大地為床、星空為幕的頂級旅宿體驗！\r\n', 12, '懶人豪華露營，入住絕美神殿帳、露營車，享受星級飯店規格寢具住宿！\r\n配備有舒適的寢具用品、設計精緻的浴廁空間\r\n一泊三食享受在地食材異國料理的餐飲服務', '台中市外埔區二崁路700號', 2, 5, 2),
(9, '流動小熊DIY手作課程體驗', '2024-02-01', '2024-02-29', '2024-03-23 13:00:00', '2024-03-23 15:00:00', '藝術來自於生活中每一個細節，最需要先學習放手感受，享受美好瞬間', 12, '不需繪畫基礎、沒有特定框架也能開心體會手作的樂趣\r\n產品介紹、手做流體小熊DIY體驗', '高雄市新興區玉竹一街17巷9號2樓', 1, 2, 3),
(10, '遠山望月溫泉風呂露營', '2024-03-01', '2024-03-31', '2024-04-13 17:00:00', '2024-04-14 11:00:00', '位於高雄六龜的遠山望月溫泉風呂露營體驗，來到這邊遠離都會喧囂，放鬆身心。', 12, '露營的同時，可享受擁有美人湯之稱的碳酸氫鹽泉，浸泡其中有如沐浴於天然化妝水中，具有滋潤肌膚的功效\r\n遠山望月溫泉風呂露營體驗，返璞歸真的環境氛圍，讓來到六龜寶來中海拔的山區之中的旅人，藉以重新思考真正「生活豐饒」的定義。', '高雄市六龜區寶來二巷花賞溫泉公園', 2, 4, 3),
(11, '橋頭水彈槍戰．弓箭對戰體驗', '2024-04-01', '2024-04-30', '2024-05-18 14:00:00', '2024-05-18 16:30:00', '平均10分鐘即可完成一局水彈槍戰；弓箭對戰項目，享受不同類型的對戰樂趣，一次玩得盡興。\r\n', 20, '平均10分鐘即可完成一局水彈槍戰；弓箭對戰項目，享受不同類型的對戰樂趣，一次玩得盡興\r\n水彈槍安全性高，只要佩戴護目鏡就可以放心玩耍，不用擔心對身體和周邊物件造成破壞\r\n不會產生污染、環境清理問題，也不像漆彈那樣在您身上殘留油彩\r\n適合親子同樂的新型態槍戰水彈槍的安全性高於軟氣槍和漆彈槍', '高雄市橋頭區橋南路688-1號', 2, 2, 3),
(12, '暢跳體驗', '2024-05-01', '2024-05-31', '2024-06-15 11:00:00', '2024-06-15 21:00:00', '開放式遊樂大空間以「彈跳」為主題，引進美國製造最高品質的彈跳床設施', 20, '專業美國原廠技師來台技術指導，一起快樂運動\r\n透過遊戲提升體能與四肢協調性，也可培養孩子學習運用頭腦通過重重未知的關卡，進而具備克服並挑戰困難的心理素質。\r\n勇者堡壘滑梯遊樂區、XBOX互動遊戲區、雷射迷宮等各項遊樂主題等你來挑戰，加上不定時舉辦躲避球大賽、排球大賽、雷射 PARTY、彈跳團體課程，讓你天天驚喜不斷！', '高雄市前鎮區中安路1-1號（KM PARK Outlets 高雄草衙大道西2樓\r\n', 1, 2, 3),
(13, '泛舟體驗', '2024-05-01', '2024-05-31', '2024-06-15 09:00:00', '2024-06-15 16:00:00', '領略秀姑巒溪河岸風光，平川與激流相結合，零經驗也沒問題', 16, '希望能到大自然裡面放鬆身心，相比之下安全係數更高的輕挑戰更能讓人釋放壓力。像原始人一樣駕一葉小舟，時而徜徉於平川、時而飛越激流，驚險刺激的泛舟是放鬆自己的不錯選擇。台灣秀姑巒溪的美無需贅述，此地泛舟之頻繁，無論是教練還是裝備的專業性也相當值得信賴，乘坐最先進的小舟，便可無後顧之憂地盡情放肆了。', '秀姑巒溪泛舟中心（花蓮縣瑞穗鎮中山路三段216號）\r\n\r\n', 2, 3, 4),
(14, '獵人體驗', '2024-06-01', '2024-06-30', '2024-07-13 13:30:00', '2024-07-13 16:30:00', '接受傳統弓箭、彈弓的獵人資格考驗，了解先人如何智取獵物', 20, '體驗花東原住民的生活方式，感受阿美族的熱情與好客！\r\n使用新鮮的竹子和米飯，自己手做美味的竹筒飯\r\n接受傳統弓箭、彈弓的獵人資格考驗，了解先人如何智取獵物\r\n學會捕魚和鑽木生火等求生技能\r\n享用由多種當季野菜煮成的原住民間康風味湯品', '花蓮縣吉安鄉吉興二街231號', 2, 3, 4),
(15, '清水斷崖SUP立槳體驗', '2024-07-01', '2024-07-31', '2024-08-17 09:00:00', '2024-08-17 13:00:00', '在台灣十景之一的花蓮清水斷崖玩SUP，欣賞太平洋海天一色', 20, '專業教練會在岸上進行教學，再帶你破浪出海，探訪開車到不了的私房景點。\r\n海平面上感受磅礴的斷崖山勢，不同時段出發各有其不同特色。\r\n專業教練指導陪同，附贈拍照服務，為你捕捉最美的回憶\r\n體驗近年超夯的立式划槳SUP！站著、坐著、趴著隨你玩！', '花蓮縣秀林鄉海濱路98-2號', 2, 3, 4),
(16, '野猴子探險森林', '2024-08-01', '2024-08-31', '2024-09-14 09:00:00', '2024-09-14 12:00:00', '擁抱台灣東部亞熱帶森林的壯麗美景', 20, '欣賞花蓮鬱鬱葱葱的茂盛綠植跟著中文教練的腳步，穿越迷宮般的森林，從樹梢上欣賞山脈和平原的全景，體驗樹頂探險、空中迷宮、森林溜索。', '花蓮縣壽豐鄉月眉路三段10號', 2, 2, 4),
(17, 'ㄅ', '2023-07-26', '2023-07-26', '2023-07-26 10:15:11', '2023-07-26 10:15:11', '1', 1, '1', '1', 1, 1, 1),
(18, '1', '2023-07-26', '2023-07-26', '2023-07-26 10:22:38', '2023-07-26 10:22:38', NULL, NULL, NULL, NULL, 1, 2, 1),
(24, '12', '2023-07-27', '2023-07-26', '2023-07-26 11:14:09', '2023-07-26 11:14:09', NULL, NULL, NULL, NULL, 2, 2, 2),
(26, 'vu v ', '2010-12-12', NULL, NULL, NULL, '123o', 20, '123', '123', 2, 1, 1),
(27, '123', '2023-07-20', '2023-07-28', NULL, NULL, NULL, NULL, NULL, NULL, 2, 4, 3),
(28, '123123', '2023-07-29', '2023-07-31', '2023-08-01 12:29:00', '2023-08-02 12:29:00', '1', 10, '1', '1', 2, 5, 3),
(29, '123', '2023-07-27', '2023-07-27', '2023-07-28 13:37:00', '2023-07-29 13:37:00', NULL, NULL, NULL, NULL, 1, 3, 1),
(30, '123', '2023-07-28', '2023-07-28', '2023-07-29 13:40:00', '2023-07-29 13:40:00', '', NULL, NULL, NULL, 2, 6, 2),
(31, '123', '2023-07-27', '2023-07-28', '2023-07-29 13:44:00', '2023-07-29 13:44:00', '123', 10, 'asd', 'asdasd', 2, 1, 2),
(37, '123121', '2023-07-28', '2023-07-28', '2023-07-29 11:35:00', '2023-07-29 11:35:00', '123', 12, '123', '123', 1, 2, 3),
(38, '123', '2023-07-28', '2023-07-29', '2023-07-30 12:06:00', '2023-07-30 12:06:00', '12313', 10, '123', '123123', 1, 2, 3),
(39, 'asasdasdsadasdasd', '2023-07-28', '2023-07-28', '2023-07-29 12:19:00', '2023-07-29 12:19:00', 'asdasd', 12, 'asdasd', 'asdasd', 1, 2, 2),
(40, 'asdadad', '2023-07-28', '2023-07-29', '2023-07-30 12:20:00', '2023-07-31 12:20:00', 'asdasd', 12, 'asdasd', 'asdada', 2, 3, 2),
(44, '1231313', '2023-07-28', '2023-07-28', '2023-07-29 16:34:00', '2023-07-30 16:34:00', '123r', 20, '333rff', 'fffffff', 6, 3, 2),
(45, '1231313', '2023-07-28', '2023-07-28', '2023-07-29 16:34:00', '2023-07-30 16:34:00', '123r', 20, '333rff', 'fffffff', 6, 3, 2),
(46, 'zxzxcxzcxzcxzcxzc', '2023-07-28', '2023-07-28', '2023-07-30 16:38:00', '2023-07-30 16:38:00', 'zxczxc', 12, 'zxczxczxc', 'zxczxcxzc', 2, 1, 2),
(47, 'qeqeweqeqeqe', '2023-07-29', '2023-07-29', '2023-07-30 16:41:00', '2023-07-30 16:41:00', 'qwqweq', 14, 'qwqweq', 'qewqweqe', 7, 4, 11),
(48, 'qeqeweqeqeqe', '2023-07-29', '2023-07-29', '2023-07-30 16:41:00', '2023-07-30 16:41:00', 'qwqweq', 14, 'qwqweq', 'qewqweqe', 7, 4, 11),
(49, 'asdf', '2023-07-28', '2023-07-21', '2023-07-05 16:53:00', '2023-07-14 16:53:00', 'asdf', 10, 'adsfg', 'asdfg', 2, 2, 2),
(50, 'asdf2', '2023-07-14', '2023-07-06', '2023-07-19 16:57:00', '2023-07-06 16:57:00', 'adsf', 14, 'asdf', 'asdf', 2, 2, 2),
(51, 'adsf', '2023-07-10', '2023-07-17', '2023-07-17 16:59:00', '2023-07-18 16:59:00', 'adsf', 16, 'adsf', 'asdf', 6, 2, 3),
(52, 'adsf', '2023-07-13', '2023-07-12', '2023-07-25 17:02:00', '2023-07-11 17:02:00', 'asdf', 16, 'adsf', 'asdf', 5, 2, 3),
(53, 'adsf', '2023-07-13', '2023-07-12', '2023-07-25 17:02:00', '2023-07-11 17:02:00', 'asdf', 16, 'adsf', 'asdf', 5, 2, 3),
(54, '1234', '2023-07-13', '2023-07-10', '2023-07-10 17:04:00', '2023-07-10 17:04:00', 'asdf', 16, 'asdf', 'asdf', 2, 1, 1),
(56, '123123', '2023-07-28', '2023-07-29', '2023-07-30 17:07:00', '2023-07-31 17:07:00', '123123', 14, '12312', '12313', 1, 1, 2),
(57, '123123', '2023-07-28', '2023-07-29', '2023-07-30 17:07:00', '2023-07-31 17:07:00', '123123', 14, '12312', '12313', 1, 1, 2),
(58, '123123', '2023-07-28', '2023-07-29', '2023-07-30 17:07:00', '2023-07-31 17:07:00', '123123', 14, '12312', '12313', 1, 1, 2),
(59, '123123', '2023-07-28', '2023-07-29', '2023-07-30 17:07:00', '2023-07-31 17:07:00', '123123', 14, '12312', '12313', 1, 1, 2),
(60, 'asdasasdada', '2023-07-28', '2023-07-29', '2023-07-30 17:11:00', '2023-07-31 17:11:00', 'asddasdad', 16, 'asdasda', 'asdasdasdsad', 5, 3, 11),
(65, '哈哈哈哈哈哈哈哈哈哈哈哈', '2023-07-30', '2023-07-30', '2023-07-31 15:41:00', '2023-07-31 15:41:00', '嘻嘻嘻嘻嘻嘻嘻嘻嘻嘻嘻嘻嘻嘻嘻嘻', 10, '霍霍霍霍霍霍霍霍霍霍霍霍霍霍霍霍霍霍霍霍霍霍霍霍', '霍元甲拳館', 1, 6, 13);

-- --------------------------------------------------------

--
-- 資料表結構 `eventscategory`
--

CREATE TABLE `eventscategory` (
  `eventscategory_id` int(10) NOT NULL,
  `eventscategoryname` varchar(20) NOT NULL
) ENGINE=InnoDB DEFAULT CHARSET=utf8mb4 COLLATE=utf8mb4_general_ci;

--
-- 傾印資料表的資料 `eventscategory`
--

INSERT INTO `eventscategory` (`eventscategory_id`, `eventscategoryname`) VALUES
(1, '室內活動'),
(2, '戶外活動'),
(5, '動漫'),
(6, '美食'),
(7, '活動'),
(8, '道教'),
(11, '123123'),
(12, 'asas'),
(13, '動雌動雌動雌'),
(14, '哈哈哈哈哈'),
(15, 'vu vu vu vu vu vu '),
(16, '哈哈哈嘻嘻'),
(17, '你啊們啊啊');

-- --------------------------------------------------------

--
-- 資料表結構 `eventsimage`
--

CREATE TABLE `eventsimage` (
  `eventsimage_id` int(100) NOT NULL,
  `events_id` int(100) NOT NULL,
  `file` varchar(255) NOT NULL
) ENGINE=InnoDB DEFAULT CHARSET=utf8mb4 COLLATE=utf8mb4_general_ci;

--
-- 傾印資料表的資料 `eventsimage`
--

INSERT INTO `eventsimage` (`eventsimage_id`, `events_id`, `file`) VALUES
(1, 1, '1690684961.jpeg'),
(2, 1, '1690687304.jpeg'),
(3, 1, '1690684936.jpg'),
(4, 1, ''),
(5, 2, '1690687515.jpg'),
(6, 2, '1690687515.jpg'),
(7, 2, '1690687515.jpg'),
(8, 2, '1690687515.jpg'),
(9, 3, '1690687530.jpg'),
(10, 3, '1690687530.jpg'),
(11, 3, '1690687530.jpg'),
(12, 3, '1690687530.jpg'),
(13, 4, '1690687910.jpg'),
(14, 4, '1690687910.jpg'),
(15, 4, '1690687910.jpg'),
(16, 4, '1690687910.jpg'),
(17, 5, '1690689548.jpg'),
(18, 5, '1690689548.jpg'),
(19, 5, '1690689548.jpg'),
(20, 5, '1690689548.jpg'),
(21, 6, '1690684936.jpg'),
(22, 6, ''),
(23, 6, ''),
(24, 6, ''),
(25, 7, ''),
(26, 7, ''),
(27, 7, ''),
(28, 7, ''),
(29, 8, ''),
(30, 8, ''),
(31, 8, ''),
(32, 10, ''),
(33, 9, 'sdsddsd'),
(34, 45, '1690446996.jpg'),
(35, 49, '1690448024.jpeg'),
(36, 59, '1690449031.jpeg'),
(37, 60, '1690449109.jpeg'),
(38, 61, '1690449200.jpg'),
(39, 61, '1690449201.jpeg'),
(40, 61, '1690449202.jpg'),
(41, 10, ''),
(42, 11, ''),
(43, 12, ''),
(44, 12, ''),
(45, 13, ''),
(46, 14, ''),
(47, 15, ''),
(48, 16, ''),
(49, 17, ''),
(50, 18, ''),
(51, 19, ''),
(52, 20, ''),
(53, 21, ''),
(54, 22, ''),
(55, 23, ''),
(56, 25, ''),
(57, 24, ''),
(58, 24, ''),
(59, 26, ''),
(60, 27, ''),
(61, 28, ''),
(62, 28, ''),
(63, 29, ''),
(64, 30, ''),
(65, 32, ''),
(66, 32, ''),
(67, 31, ''),
(68, 31, ''),
(69, 33, ''),
(70, 34, ''),
(71, 35, ''),
(72, 36, ''),
(73, 37, ''),
(74, 38, ''),
(75, 39, ''),
(76, 40, ''),
(77, 41, ''),
(78, 42, ''),
(79, 43, ''),
(80, 65, '1690689882.jpeg'),
(83, 62, '1690515892.jpeg'),
(84, 63, '1690615481.jpeg'),
(85, 64, '1690616126.jpg'),
(87, 6, '123');

-- --------------------------------------------------------

--
-- 資料表結構 `imgs`
--

CREATE TABLE `imgs` (
  `img_id` int(11) NOT NULL,
  `product_id` int(11) NOT NULL,
  `img_file_path` text NOT NULL
) ENGINE=InnoDB DEFAULT CHARSET=utf8mb4 COLLATE=utf8mb4_general_ci;

-- --------------------------------------------------------

--
-- 資料表結構 `inventory`
--

CREATE TABLE `inventory` (
  `inventory_id` int(11) NOT NULL,
  `product_id` int(11) NOT NULL,
  `color_spec` int(11) DEFAULT NULL,
  `size_spec` int(11) DEFAULT NULL,
  `material_spec` int(11) DEFAULT NULL,
  `quantity` int(11) NOT NULL
) ENGINE=InnoDB DEFAULT CHARSET=utf8mb4 COLLATE=utf8mb4_general_ci;

--
-- 傾印資料表的資料 `inventory`
--

INSERT INTO `inventory` (`inventory_id`, `product_id`, `color_spec`, `size_spec`, `material_spec`, `quantity`) VALUES
(7, 39, 2, 5, 10, 5),
(8, 39, 2, 6, 10, 3),
(9, 39, 2, 7, 10, 2),
(11, 40, 5, 19, 10, 3);

-- --------------------------------------------------------

--
-- 資料表結構 `level`
--

CREATE TABLE `level` (
  `level_id` tinyint(2) NOT NULL,
  `level_name` varchar(25) NOT NULL,
  `level_standard` int(50) NOT NULL,
  `level_describe` varchar(500) NOT NULL,
  `permissions` int(1) NOT NULL
) ENGINE=InnoDB DEFAULT CHARSET=utf8mb4 COLLATE=utf8mb4_general_ci;

--
-- 傾印資料表的資料 `level`
--

INSERT INTO `level` (`level_id`, `level_name`, `level_standard`, `level_describe`, `permissions`) VALUES
(1, '一般會員', 0, '普通會員', 1),
(2, '青銅會員', 3000, '半年內消費滿三千。', 2),
(3, '黃金會員', 10000, '半年內消費滿一萬。', 2),
(4, '白金會員', 20000, '半年內消費滿兩萬。', 3),
(5, '鑽石會員', 30000, '半年內消費滿三萬。', 3),
(6, '尊爵榮譽會員', 50000, '半年內消費滿五萬。', 4);

-- --------------------------------------------------------

--
-- 資料表結構 `members`
--

CREATE TABLE `members` (
  `user_id` int(11) NOT NULL,
  `user_name` varchar(100) NOT NULL,
  `password` varchar(100) NOT NULL,
  `first_name` varchar(50) NOT NULL,
  `last_name` varchar(50) NOT NULL,
  `gender` tinyint(1) NOT NULL,
  `user_mail` varchar(75) NOT NULL,
  `user_img` varchar(100) NOT NULL,
  `user_phone` varchar(15) NOT NULL,
  `city` varchar(10) NOT NULL,
  `area` varchar(10) NOT NULL,
  `user_address` varchar(100) NOT NULL,
  `postal_code` int(6) NOT NULL,
  `create_date` timestamp NOT NULL DEFAULT current_timestamp(),
  `update_date` timestamp NOT NULL DEFAULT current_timestamp(),
  `user_state` tinyint(1) NOT NULL DEFAULT 1,
  `level_id` tinyint(2) NOT NULL DEFAULT 1
) ENGINE=InnoDB DEFAULT CHARSET=utf8mb4 COLLATE=utf8mb4_general_ci;

--
-- 傾印資料表的資料 `members`
--

INSERT INTO `members` (`user_id`, `user_name`, `password`, `first_name`, `last_name`, `gender`, `user_mail`, `user_img`, `user_phone`, `city`, `area`, `user_address`, `postal_code`, `create_date`, `update_date`, `user_state`, `level_id`) VALUES
(4, 'Tom123', '$2a$08$y8yrg3gG3.IH5N59L/rbV.WYBAjiDJHEMJRQWxZBSBrkva0MY5t0G', 'Close', 'Tom', 1, 'Tom_Close@campmail.com', '1690687248.png', '1234567890', '臺南市', '永康區', '永安路16號', 700, '2023-07-24 06:00:30', '2023-07-30 03:20:48', 1, 2),
(5, 'Amy456', '12345', '宜琳', '陳', 1, '456@campmail.com', '1690687262.png', '9364444444', '屏東縣', '新園鄉', '中山路3號', 900, '2023-07-24 06:02:24', '2023-07-30 03:21:02', 1, 2),
(6, 'Sue111', '12345', '江', '一二', 0, 'AGGGG@campmail.com', '1690686557.png', '1234567890', '宜蘭縣', '員山鄉', '大湖十二路14號', 264, '2023-07-24 06:22:16', '2023-07-28 09:32:08', 1, 3),
(7, 'Salen156', '45678', '林', '國', 1, 'TTSSS13@campmail.com', '1690687273.png', '1456667890', '臺南市', '仁德區', '中清路14號', 700, '2023-07-24 06:22:16', '2023-07-30 03:21:13', 1, 2),
(8, 'Tony8792', '12894aa', '洪', '都拉斯', 1, 'Tose@campmail.com', '1690687281.png', '9553658464', '花蓮縣', '光復鄉', '民生路11號', 970, '2023-07-24 06:22:16', '2023-07-30 03:21:21', 1, 2),
(9, 'Alex579', 'aaa58', '林', '小明', 1, 'Toe1385@campmail.com', '1690687529.png', '8085956321', '臺北市', '大安區', '濟南路23號', 100, '2023-07-24 06:22:16', '2023-07-30 03:25:29', 1, 3),
(10, 'Rest', '2334as5', '王', '曉華', 0, 'G153as@campmail.com', '1690687529.png', '2592585299', '臺中市', '神岡區', '前寮路31號', 429, '2023-07-24 06:22:16', '2023-07-24 06:22:16', 1, 2),
(11, 'TT45676', 'xc845', '吳', '柏毅', 1, 'cpcp@campmail.com', '1690687529.png', '1659665842', '彰化縣', '花壇鄉', '虎山街16號', 503, '2023-07-24 06:22:16', '2023-07-24 06:22:16', 1, 3),
(12, 'Reee13', 'r98cg', '賴', '貼圖', 1, 'vvvv@campmail.com', '1690684385.png', '9854621351', '臺中市', '烏日區', '三榮路5號', 414, '2023-07-24 06:22:16', '2023-07-26 06:11:01', 1, 4),
(13, 'YEEEEsss', 'ns86d45s', '蔡', '英文', 0, 'aspsds@campmail.com', '1690684385.png', '2147483647', '高雄市', '旗山區', '光復二街21號', 800, '2023-07-24 06:22:16', '2023-07-30 02:33:05', 1, 6),
(14, 'POPEOL', 'dsd94', '蘇', '加權', 1, 'aposldd@campmail.com', '1690684385.png', '9845741691', '桃園市', '大溪區', '安和路29號', 335, '2023-07-24 06:22:16', '2023-07-24 06:22:16', 1, 5),
(15, 'KLOL333', 'eeret9', '江', '哲明', 1, 'bbsdsds@campmail.com', '1690684352.png', '9874581651', '苗栗縣', '頭份市', '興四街25號', 351, '2023-07-24 06:22:16', '2023-07-24 06:22:16', 1, 5),
(16, 'Sue11', '12345', '江', '二', 1, 'AGGG@campmail.com', '1690684352.png', '1234554690', '臺中市', '北屯區', '景賢三路31號', 406, '2023-07-24 06:31:27', '2023-07-24 06:31:27', 1, 4),
(17, 'Sal156', '45678', '林', '家女孩', 0, 'TTS13@campmail.com', '1690684352.png', '1123667890', '臺南市', '關廟區', '深坑三街33號', 718, '2023-07-24 06:31:27', '2023-07-24 06:31:27', 1, 4),
(18, 'Ton792', '12894aa', '洪', '黃藍', 1, 'Toe@campmail.com', '1690684352.png', '9553489462', '新北市', '雙溪區', '大平21號', 207, '2023-07-24 06:31:27', '2023-07-30 06:07:09', 1, 1),
(19, 'Al579', 'aaa58', '林', '阿明', 1, 'To185@campmail.com', '1690686541.png', '8085556321', '彰化縣', '和美鎮', '忠全路10號', 500, '2023-07-24 06:31:27', '2023-07-30 03:09:01', 1, 1),
(20, 'Rt', '2334as5', '王', '國華', 0, 'G53as@campmail.com', '1690684352.png', '2592225255', '南投縣', '南投市', '大庄路16號', 540, '2023-07-24 06:31:27', '2023-07-30 03:09:05', 1, 1),
(21, 'TT676', 'xc845', '陳', '相', 0, 'ccp@campmail.com', '1690686557.png', '1659655442', '臺中市', '大里區', '上田街21號', 412, '2023-07-24 06:31:27', '2023-07-24 06:31:27', 1, 4),
(22, 'Re13', 'r98cg', '賴', '痛', 1, 'vvv@campmail.com', '1690686557.png', '9878921359', '宜蘭縣', '五結鄉', '錦草五路16號', 260, '2023-07-24 06:31:27', '2023-07-30 03:09:17', 1, 1),
(23, 'YEEEss', 'ns86d45s', '蔡', '菜子', 0, 'aspds@campmail.com', '1690686569.png', '2147483647', '南投縣', '集集鎮', '中山街13號', 540, '2023-07-24 06:31:27', '2023-07-30 03:09:29', 1, 1),
(24, 'POPE', 'dsd94', '蘇', '達丙', 1, 'apldd@campmail.com', '1690686630.png', '9845789699', '桃園市', '中壢區', '松智二街5號', 320, '2023-07-24 06:31:27', '2023-07-30 03:10:30', 1, 1),
(25, 'LOL3', 'eeret9', '蘇', '翠翠', 0, 'bbdss@campmail.com', '1690686648.png', '9877891654', '雲林縣', '麥寮鄉', '光復路6號', 630, '2023-07-24 06:31:27', '2023-07-30 03:10:48', 1, 1),
(26, 'Tony8792', '12894aa', '洪', '都拉斯', 0, 'Tose@campmail.com', '1690686682.png', '9553658464', '花蓮縣', '光復鄉', '民生路11號', 970, '2023-07-24 06:22:16', '2023-07-30 03:11:22', 1, 1),
(27, 'Andy123', '14569', '王', '中仁', 1, 'andy879@campmail.com', '1690687189.png', '1254984521', '臺中市', '西區', '精誠三十街5號', 400, '2023-07-24 08:55:58', '2023-07-30 03:19:49', 1, 1),
(37, 'YEEEEsss', 'ns86d45s', '蔡', '英文', 0, 'aspsds@campmail.com', '1690687218.png', '2147483647', '高雄市', '旗山區', '光復二街21號', 800, '2023-07-26 09:55:53', '2023-07-30 03:20:18', 1, 1),
(38, 'YEEEEsss', 'ns86d45s', '蔡', '英文', 0, 'aspsds@campmail.com', '1690687227.png', '2147483647', '高雄市', '旗山區', '光復二街21號', 800, '2023-07-26 10:17:55', '2023-07-30 03:20:27', 1, 1),
(43, 'ROE888', '12345', '王', '大名', 1, 'REN888@campmail.com', '1690370680.jpg', '1698745862', '台北市', '信義區', '吃吃路呵呵街56號', 124, '2023-07-26 11:56:00', '2023-07-26 11:56:00', 1, 3),
(46, 'Tom123', 'a12345', '林', '天與', 1, '1@13.mo', '1690687241.png', '1985649372', '新北市', '深坑區', '00路000號', 207, '2023-07-28 06:42:37', '2023-07-30 03:20:41', 1, 1),
(47, 'Sal156', '45678', '林', '家女孩', 0, 'TTS13@campmail.com', '1690687352.png', '1123667890', '臺南市', '關廟區', '深坑三街33號', 700, '2023-07-24 06:31:27', '2023-07-30 03:22:32', 1, 2);

-- --------------------------------------------------------

--
-- 資料表結構 `msgcategory`
--

CREATE TABLE `msgcategory` (
  `id` int(3) NOT NULL,
  `uid` int(11) DEFAULT NULL,
  `name` varchar(30) NOT NULL,
  `createTime` datetime DEFAULT NULL,
  `modifyTime` datetime DEFAULT NULL,
  `isValid` int(1) DEFAULT 1
) ENGINE=InnoDB DEFAULT CHARSET=utf8mb4 COLLATE=utf8mb4_general_ci;

--
-- 傾印資料表的資料 `msgcategory`
--

INSERT INTO `msgcategory` (`id`, `uid`, `name`, `createTime`, `modifyTime`, `isValid`) VALUES
(1, 5, '心情', '2023-07-25 10:57:25', '2023-07-31 09:19:46', 1),
(2, 5, '分享', '2023-07-25 10:57:51', NULL, 1),
(3, 5, '教學', '2023-07-25 10:57:57', NULL, 1),
(4, 5, '討論', '2023-07-25 11:18:22', NULL, 1),
(40, 0, 'KEVIN', '2023-07-29 14:40:42', '2023-07-29 14:40:45', 0),
(41, 0, 'KEVIN', '2023-07-29 14:44:04', '2023-07-29 14:44:11', 0),
(42, 0, 'KEVIN', '2023-07-29 14:44:17', '2023-07-29 14:44:19', 0),
(43, 0, 'KEVIN', '2023-07-29 15:00:45', '2023-07-29 15:00:56', 0),
(44, 0, 'KEVIN', '2023-07-30 15:03:45', '2023-07-30 15:05:18', 0),
(45, 0, 'KEVINn', '2023-07-30 15:04:38', '2023-07-30 15:05:15', 0),
(46, 0, 'dwadsa', '2023-07-30 15:04:48', '2023-07-30 15:05:09', 0),
(47, 0, 'KEVIN', '2023-07-30 15:05:23', '2023-07-30 15:06:08', 0),
(48, 0, 'KEVIN', '2023-07-30 15:06:13', '2023-07-30 15:09:55', 0),
(49, 0, 'KEVIN', '2023-07-30 15:10:05', '2023-07-30 15:10:21', 0),
(50, 0, 'KEVIN', '2023-07-30 15:10:49', '2023-07-30 15:11:36', 0),
(51, 0, 'KEVIN', '2023-07-30 15:11:44', '2023-07-30 15:14:19', 0),
(52, 0, 'KEVIN', '2023-07-30 15:20:42', '2023-07-30 15:20:49', 0),
(53, 0, 'KEVIN', '2023-07-30 15:25:43', '2023-07-30 15:27:58', 0),
(54, 0, 'KEVIN', '2023-07-30 15:29:11', '2023-07-30 15:31:33', 0),
(55, 0, 'KEVIN', '2023-07-30 15:31:59', '2023-07-30 15:38:01', 0),
(56, 0, 'KEVIN', '2023-07-30 15:38:08', '2023-07-30 15:39:13', 0),
(57, 0, 'KEVIN', '2023-07-30 15:39:19', '2023-07-30 15:39:26', 0),
(58, 0, 'KEVINnnn', '2023-07-30 15:39:30', '2023-07-30 15:40:26', 0),
(59, 0, 'KEVIN', '2023-07-30 15:49:26', '2023-07-30 15:49:30', 0),
(60, 0, 'KEVIN', '2023-07-30 15:49:43', '2023-07-30 15:49:52', 0),
(61, 0, 'KEVIN', '2023-07-31 09:19:49', '2023-07-31 09:19:52', 0),
(62, NULL, '223', '2023-07-31 15:11:59', '2023-07-31 15:12:11', 0),
(63, NULL, 'nnvv', '2023-07-31 15:51:30', '2023-07-31 15:51:41', 0),
(64, NULL, 'nnbb', '2023-07-31 15:52:20', '2023-07-31 15:52:28', 0);

-- --------------------------------------------------------

--
-- 資料表結構 `msgimgs`
--

CREATE TABLE `msgimgs` (
  `id` int(10) NOT NULL,
  `msgID` int(5) NOT NULL,
  `file` varchar(50) NOT NULL,
  `isValid` int(1) NOT NULL DEFAULT 1
) ENGINE=InnoDB DEFAULT CHARSET=utf8mb4 COLLATE=utf8mb4_general_ci;

--
-- 傾印資料表的資料 `msgimgs`
--

INSERT INTO `msgimgs` (`id`, `msgID`, `file`, `isValid`) VALUES
(8, 151, '1690440521.jpg', 1),
(9, 181, '1690456599.jpg', 1),
(10, 181, '1690456868.jpg', 1),
(11, 181, '1690456897.jpg', 1),
(12, 181, '1690456934.jpg', 1),
(13, 182, '1690457032.jpg', 1),
(14, 181, '1690683585.jpg', 1),
(15, 208, '1690790907.png', 1),
(16, 208, '1690791125.png', 1),
(17, 209, '1690795546.png', 1),
(18, 209, '1690795826.png', 1),
(19, 209, '1690796061.png', 1),
(20, 209, '1690796140.png', 1),
(21, 209, '1690796183.png', 1),
(22, 209, '1690796290.png', 1),
(23, 209, '1690796662.jpg', 1);

-- --------------------------------------------------------

--
-- 資料表結構 `msgs`
--

CREATE TABLE `msgs` (
  `id` int(5) NOT NULL,
  `name` varchar(30) NOT NULL,
  `msgcategory` int(3) DEFAULT NULL,
  `title` varchar(30) DEFAULT NULL,
  `content` text NOT NULL,
  `img` varchar(50) DEFAULT NULL,
  `createTime` datetime NOT NULL DEFAULT current_timestamp(),
  `modifyTime` datetime DEFAULT NULL,
  `isValid` int(1) NOT NULL DEFAULT 1,
  `browse` int(11) NOT NULL DEFAULT 0,
  `isTop` tinyint(1) NOT NULL DEFAULT 0,
  `userID` int(11) DEFAULT NULL
) ENGINE=InnoDB DEFAULT CHARSET=utf8mb4 COLLATE=utf8mb4_general_ci;

--
-- 傾印資料表的資料 `msgs`
--

INSERT INTO `msgs` (`id`, `name`, `msgcategory`, `title`, `content`, `img`, `createTime`, `modifyTime`, `isValid`, `browse`, `isTop`, `userID`) VALUES
(115, 'KEVIN', 4, '露營小幫手', '甚麼都不會', '', '2023-07-25 11:03:54', NULL, 1, 0, 0, 0),
(116, 'KEVIN', 4, '天氣不好也能露營的地點', '在陽台就好', '', '2023-07-25 11:26:11', NULL, 1, 0, 0, 0),
(117, 'Eryck', 2, '冬天好冷 我們去死亡谷找天體溫泉野營過冬吧!', '死亡谷國家公園對我來說是個很特別的地方\r\n他是我第一個獨自公路旅行的地點 也是讓我對越野跟overland開始有興趣的地方\r\n那是2017年 我那時候開MK6 GTI 所以只能待在鋪裝路面上參觀觀光客景點\r\n隔年 我換了4Rrunner 在除了越野胎跟車頂架以外其他都沒改也沒經驗的情況下 第一次下場越野\r\n然後就卡住了\r\n好不容易脫困後回到家 第二趟死亡谷之旅開啟了我一生至今最大的開銷之路\r\n地點\r\n死亡谷國家公園在加州中間偏東 離內華達州很近\r\n在18 19世紀跟美西很多地方一樣 以開礦為主要的經濟活動\r\n豐富的礦產是因為地質運動的關係而產生的\r\n(好啦 我想大家看我的文不是來上課的 對於死亡谷的過去有興趣的朋友可以自己估狗 接下來我們繼續觀光團看不到的東西)\r\n', NULL, '2023-07-25 13:35:00', NULL, 1, 0, 0, 0),
(118, 'Eryck', 1, '請益輕便易攜帶露營折疊椅', '優點:\r\n椅背後面有帶子可以掛東西、椅布是加厚牛津布\r\n扶手部分使用的是柚木扶手，滿特別的，第一次看到這樣的設計\r\n感覺擺在家裡也很有質感 ，可以露營用也可居家用\r\n\r\n缺點:\r\n無法調整椅背角度', NULL, '2023-07-25 13:35:00', NULL, 1, 0, 0, 0),
(119, 'Eryck', 2, '露營這回事並不是比裝備，很膚淺', '台灣的露營風潮從疫情後開始大流行，因為無法出國，轉向戶外活動，走向大自然，很多都是有小孩的家庭，但並不是所有人都可以馬上適應戶外的環境，比如颳風下雨，酷熱，酷寒還有蚊蟲的問題，自然就會因為環境而添購裝備解決這些問題，但如果喜歡愛上了，這勢必是一個坑，你有你的想法，有你想要的氣氛，為了達到氣氛而去添購設備！有的人喜歡簡簡單單的配置，或是喜歡原始一點的野營，那就是他喜歡的生活\r\n比裝備是比不完的，有人花一萬元的裝備就可以露營很開心，就可以感受露營的氣氛就夠了 有人光一張露營椅子就上萬元，但看到的風景是一樣的不是？我相信真的露營的人不會去比較裝備，而是只是覺得好看，適合自己，實用而已《補充：不是裝備價格與否，依照自己的能力與價值觀買適合自己的，而不是去比較》', NULL, '2023-07-25 13:35:00', NULL, 1, 0, 0, 0),
(120, 'wakamoto', 2, '夏日露營，高海拔營區', '這次來到嘉義梅山區，振峰茶園太平山營地，這次幸運的在太平山營區初開放時首搭\r\n營主及小編也介紹了景點及步道供與我們前往觀賞\r\n體驗一下山林茶園步道之美，也走走太平老街嘗嘗在地美食，\r\n露營車宿星空，體驗夏日露營在高海拔營區也能夠舒服的體驗露營的樂趣\r\n就讓我們來趟露營車宿美食之旅吧!', NULL, '2023-07-25 13:35:00', NULL, 1, 0, 0, 0),
(121, 'wakamoto', 1, '露營野餐的好幫手 - Metsa米特薩 眠月充氣床', '但由於本人淺眠 + 認床, 每次出去睡覺床如果不OK就很難睡得好(我老婆說我簡直是豌豆公主再世orz)\r\n所以找到一個在野外可以好睡的床真的是非常必要的事情啊(點頭)\r\n\r\n有時候為了滿足女兒露營的需求, 我們還常常自己在室內搭帳篷, 讓女兒可以睡在裡面, 但是, 哪有小朋友不愛跳的?\r\n跳完以後, 你就會看到老爸進入一個地獄般的循環:\r\n\r\n充氣床打氣完畢 => 女兒上去睡 => 睡不著開始跳 => 跳完充氣床開始沒氣 => 大人睡不好、女兒開始鬧 => 老爸繼續幫充氣床打氣...\r\n\r\n營都還沒開始露, 老爸都快掛了', NULL, '2023-07-25 13:35:00', NULL, 1, 0, 0, 0),
(122, 'wakamoto', 2, '夏天要去北海道露營, 請推薦帳篷', '一般營地(沒電吃電池)與小木屋(電池充電)交替著露營, 預計10天左右\r\n1. 越輕越好, 要上飛機\r\n2. 預計要4人帳, 家裡成員3人\r\n3. 帳篷要有前庭, 放行李箱', NULL, '2023-07-25 13:35:00', NULL, 1, 0, 0, 0),
(123, 'Tend', 2, 'COSTCO 部分露營用品特價', '剛剛去賣場看到的，現場床墊已搶光(內湖)，但線上還可以下單。', NULL, '2023-07-25 13:35:00', NULL, 1, 0, 0, 0),
(124, 'Tend', 4, '海邊露營', '露營車長期停在 海邊露營 ，會不會有侵占國有地問題', NULL, '2023-07-25 13:35:00', NULL, 1, 0, 0, 0),
(125, 'Jay', 2, '渡假風格露營區、這三款裝備懶人最愛', '嗨大家，我是Jay\r\n這次來到苗栗逗點露營區\r\n假日是很熱門的營區\r\n還好我們喜歡平日露營\r\n\r\n營區就在柏油路旁\r\n在這裡刮風下雨曝曬都不用怕\r\n因為全區都有雨棚\r\n而且每區的風格都不太一樣\r\n像渡假村一樣附很多的設施\r\n是帶小孩放電的好地方\r\n\r\n這次開一頂新的氣柱帳\r\n山型小屋有不一樣的fu\r\n搭設也真的很簡單方便\r\n有更多時間能享受\r\n所以也帶了充氣沙發\r\nAnna攤在上面沒一會就睡著了\r\n耍廢放鬆神器\r\n\r\n露營料理Anna也正常發揮\r\n餐點準備了三道啤酒入菜\r\n來去看看她都弄了些什麼吧', NULL, '2023-07-25 13:35:00', NULL, 1, 0, 0, 0),
(126, 'Jay', 3, 'COTD超完美烤盤 | 輕便型不沾烤盤開箱 | 露營好夥伴.', '帶著COTD超完美烤盤去露營，要來開箱跟大家分享這一款超級輕便的烤盤\r\n勺勺露營最喜歡烤五花肉了，之前帶去露營用的烤盤清洗不方便、重量也蠻重的\r\n後來看到了COTD超完美烤盤，主打輕便、好清洗而且價格不貴就立馬入手來用用看\r\n每次在露營幾乎都是我掌廚，所以需要一個方便與實用性的鍋子\r\n不只能帶出門，而在家也能使用，就屬COTD超完美烤盤CP值最高\r\n接下來一起來開箱吧\r\n\r\nCOTD超完美烤盤開箱配件\r\n一個烤盤、木質手柄、瀝油架，還有一個提袋\r\n烤盤是一體成形，無接縫，在清洗時非常輕易就能洗去髒污油垢\r\n材質是鋁合金鍋體，雙面麥飯石塗層鍋內鍋外不沾鍋\r\n烤盤體容量大，不論是煎/炒/煮/烤，都可以\r\n重點油煙量比較小，不會搞的烏煙瘴氣，身上都是油煙味\r\n比一般傳統的烤盤還能使用明火爐/電池爐/黑晶爐，使用上不設限', NULL, '2023-07-25 13:35:00', NULL, 1, 1, 0, 0),
(127, 'Eryck', 3, '冬天好冷 我們去死亡谷找天體溫泉野營過冬吧!', '死亡谷國家公園對我來說是個很特別的地方\r\n他是我第一個獨自公路旅行的地點 也是讓我對越野跟overland開始有興趣的地方\r\n那是2017年 我那時候開MK6 GTI 所以只能待在鋪裝路面上參觀觀光客景點\r\n隔年 我換了4Rrunner 在除了越野胎跟車頂架以外其他都沒改也沒經驗的情況下 第一次下場越野\r\n然後就卡住了\r\n好不容易脫困後回到家 第二趟死亡谷之旅開啟了我一生至今最大的開銷之路\r\n地點\r\n死亡谷國家公園在加州中間偏東 離內華達州很近\r\n在18 19世紀跟美西很多地方一樣 以開礦為主要的經濟活動\r\n豐富的礦產是因為地質運動的關係而產生的\r\n(好啦 我想大家看我的文不是來上課的 對於死亡谷的過去有興趣的朋友可以自己估狗 接下來我們繼續觀光團看不到的東西)\r\n', '1690268161.jpg', '2023-07-25 13:35:15', '2023-07-27 18:00:15', 1, 45, 0, 0),
(128, 'Eryck', 2, '請益輕便易攜帶露營折疊椅', '優點:\r\n椅背後面有帶子可以掛東西、椅布是加厚牛津布\r\n扶手部分使用的是柚木扶手，滿特別的，第一次看到這樣的設計\r\n感覺擺在家裡也很有質感 ，可以露營用也可居家用\r\n\r\n缺點:\r\n無法調整椅背角度', NULL, '2023-07-25 13:35:15', NULL, 1, 5, 0, 0),
(129, 'Eryck', 3, '露營這回事並不是比裝備，很膚淺', '台灣的露營風潮從疫情後開始大流行，因為無法出國，轉向戶外活動，走向大自然，很多都是有小孩的家庭，但並不是所有人都可以馬上適應戶外的環境，比如颳風下雨，酷熱，酷寒還有蚊蟲的問題，自然就會因為環境而添購裝備解決這些問題，但如果喜歡愛上了，這勢必是一個坑，你有你的想法，有你想要的氣氛，為了達到氣氛而去添購設備！有的人喜歡簡簡單單的配置，或是喜歡原始一點的野營，那就是他喜歡的生活\r\n比裝備是比不完的，有人花一萬元的裝備就可以露營很開心，就可以感受露營的氣氛就夠了 有人光一張露營椅子就上萬元，但看到的風景是一樣的不是？我相信真的露營的人不會去比較裝備，而是只是覺得好看，適合自己，實用而已《補充：不是裝備價格與否，依照自己的能力與價值觀買適合自己的，而不是去比較》', NULL, '2023-07-25 13:35:15', NULL, 1, 2, 0, 0),
(130, 'wakamoto', 0, '夏日露營，高海拔營區', '這次來到嘉義梅山區，振峰茶園太平山營地，這次幸運的在太平山營區初開放時首搭\r\n營主及小編也介紹了景點及步道供與我們前往觀賞\r\n體驗一下山林茶園步道之美，也走走太平老街嘗嘗在地美食，\r\n露營車宿星空，體驗夏日露營在高海拔營區也能夠舒服的體驗露營的樂趣\r\n就讓我們來趟露營車宿美食之旅吧!', NULL, '2023-07-25 13:35:15', '2023-07-30 10:08:32', 1, 5, 0, 0),
(131, 'wakamoto', 2, '露營野餐的好幫手 - Metsa米特薩 眠月充氣床', '但由於本人淺眠 + 認床, 每次出去睡覺床如果不OK就很難睡得好(我老婆說我簡直是豌豆公主再世orz)\r\n所以找到一個在野外可以好睡的床真的是非常必要的事情啊(點頭)\r\n\r\n有時候為了滿足女兒露營的需求, 我們還常常自己在室內搭帳篷, 讓女兒可以睡在裡面, 但是, 哪有小朋友不愛跳的?\r\n跳完以後, 你就會看到老爸進入一個地獄般的循環:\r\n\r\n充氣床打氣完畢 => 女兒上去睡 => 睡不著開始跳 => 跳完充氣床開始沒氣 => 大人睡不好、女兒開始鬧 => 老爸繼續幫充氣床打氣...\r\n\r\n營都還沒開始露, 老爸都快掛了', NULL, '2023-07-25 13:35:15', NULL, 1, 0, 0, 0),
(132, 'wakamoto', 1, '夏天要去北海道露營, 請推薦帳篷', '一般營地(沒電吃電池)與小木屋(電池充電)交替著露營, 預計10天左右\r\n1. 越輕越好, 要上飛機\r\n2. 預計要4人帳, 家裡成員3人\r\n3. 帳篷要有前庭, 放行李箱', NULL, '2023-07-25 13:35:15', NULL, 1, 2, 0, 0),
(133, 'Tend', 1, 'COSTCO 部分露營用品特價', '剛剛去賣場看到的，現場床墊已搶光(內湖)，但線上還可以下單。', NULL, '2023-07-25 13:35:15', NULL, 1, 13, 0, 0),
(134, 'Tend', 4, NULL, '露營車長期停在 海邊露營 ，會不會有侵占國有地問題', NULL, '2023-07-25 13:35:15', '2023-07-25 13:37:05', 0, 0, 0, 0),
(135, 'Jay', 3, '渡假風格露營區、這三款裝備懶人最愛', '嗨大家，我是Jay\r\n這次來到苗栗逗點露營區\r\n假日是很熱門的營區\r\n還好我們喜歡平日露營\r\n\r\n營區就在柏油路旁\r\n在這裡刮風下雨曝曬都不用怕\r\n因為全區都有雨棚\r\n而且每區的風格都不太一樣\r\n像渡假村一樣附很多的設施\r\n是帶小孩放電的好地方\r\n\r\n這次開一頂新的氣柱帳\r\n山型小屋有不一樣的fu\r\n搭設也真的很簡單方便\r\n有更多時間能享受\r\n所以也帶了充氣沙發\r\nAnna攤在上面沒一會就睡著了\r\n耍廢放鬆神器\r\n\r\n露營料理Anna也正常發揮\r\n餐點準備了三道啤酒入菜\r\n來去看看她都弄了些什麼吧', NULL, '2023-07-25 13:35:15', NULL, 1, 1, 0, 0),
(136, 'Jay', 4, 'COTD超完美烤盤 | 輕便型不沾烤盤開箱 | 露營好夥伴.', '帶著COTD超完美烤盤去露營，要來開箱跟大家分享這一款超級輕便的烤盤\r\n勺勺露營最喜歡烤五花肉了，之前帶去露營用的烤盤清洗不方便、重量也蠻重的\r\n後來看到了COTD超完美烤盤，主打輕便、好清洗而且價格不貴就立馬入手來用用看\r\n每次在露營幾乎都是我掌廚，所以需要一個方便與實用性的鍋子\r\n不只能帶出門，而在家也能使用，就屬COTD超完美烤盤CP值最高\r\n接下來一起來開箱吧\r\n\r\nCOTD超完美烤盤開箱配件\r\n一個烤盤、木質手柄、瀝油架，還有一個提袋\r\n烤盤是一體成形，無接縫，在清洗時非常輕易就能洗去髒污油垢\r\n材質是鋁合金鍋體，雙面麥飯石塗層鍋內鍋外不沾鍋\r\n烤盤體容量大，不論是煎/炒/煮/烤，都可以\r\n重點油煙量比較小，不會搞的烏煙瘴氣，身上都是油煙味\r\n比一般傳統的烤盤還能使用明火爐/電池爐/黑晶爐，使用上不設限', NULL, '2023-07-25 13:35:15', NULL, 1, 0, 0, 0),
(181, 'KEVIN', 0, '死亡谷國家公園對我來說是個很特別的地方他是我第一個獨自公', '死亡谷國家公園對我來說是個很特別的地方\r\n他是我第一個獨自公路旅行的地點 也是讓我對越野跟overland開始有興趣的地方\r\n那是2017年 我那時候開MK6 GTI 所以只能待在鋪裝路面上參觀觀光客景點\r\n隔年 我換了4Rrunner 在除了越野胎跟車頂架以外其他都沒改也沒經驗的情況下 第一次下場越野\r\n然後就卡住了\r\n好不容易脫困後回到家 第二趟死亡谷之旅開啟了我一生至今最大的開銷之路\r\n地點\r\n死亡谷國家公園在加州中間偏東 離內華達州很近\r\n在18 19世紀跟美西很多地方一樣 以開礦為主要的經濟活動\r\n豐富的礦產是因為地質運動的關係而產生的\r\n(好啦 我想大家看我的文不是來上課的 對於死亡谷的過去有興趣的朋友可以自己估狗 接下來我們繼續觀光團看不到的東西)\r\n', '1690683575.jpg', '2023-07-27 17:49:48', '2023-07-30 10:19:35', 1, 14, 0, 0),
(183, 'KEVIN', 1, 'a', 'a', '', '2023-07-28 15:12:58', NULL, 0, 0, 0, 0),
(184, 'KEVIN', 0, 'tag測試tag測試tag測試', 'tag測試', '', '2023-07-28 15:38:48', '2023-07-30 15:20:26', 0, 11, 0, 0),
(185, 'KEVIN', 0, 'aaaaaaaaaaaaaaaaaaaaaaaaaaaaaa', 'aaaaaaaaaaaaaaaaaaaaaa', '', '2023-07-29 16:03:57', '2023-07-30 10:18:37', 0, 0, 1, 0),
(186, 'KEVIN', 1, 'aaa', 'aaa', '', '2023-07-30 15:20:04', NULL, 0, 0, 0, 0),
(187, 'KEVIN', 1, '1411', '147174', '', '2023-07-30 15:50:37', NULL, 0, 0, 0, 0),
(188, 'KEVIN', 1, 'aaa', 'aaa', '', '2023-07-30 15:57:19', NULL, 0, 0, 0, 0),
(189, 'KEVIN', 1, 'aaa', 'aaa', '1690703854.jpg', '2023-07-30 15:57:34', NULL, 0, 0, 0, 0),
(190, 'KEVIN', 1, 'aaa', 'aaa', '', '2023-07-30 15:58:20', NULL, 0, 0, 0, 0),
(191, 'KEVIN', 1, 'aa', 'aa', '1690703934.jpg', '2023-07-30 15:58:54', NULL, 0, 0, 0, 0),
(192, 'KEVIN', 1, 'aa', 'aa', '1690703999.jpg', '2023-07-30 15:59:59', NULL, 0, 0, 0, 0),
(193, 'KEVIN', 1, 'aa', 'aa', '1690704004.jpg', '2023-07-30 16:00:04', NULL, 0, 0, 0, 0),
(194, 'KEVIN', 1, 'aaa', 'aaa', '1690704111.jpg', '2023-07-30 16:01:51', NULL, 0, 0, 0, 0),
(195, 'KEVIN', 1, 'aa', 'aaa', '1690704183.jpg', '2023-07-30 16:03:03', NULL, 0, 0, 0, 0),
(196, 'KEVIN', 1, 'aaa', 'aa', '1690704200.jpg', '2023-07-30 16:03:20', NULL, 0, 0, 0, 0),
(197, 'KEVIN', 1, 'aa', 'a', '1690704389.jpg', '2023-07-30 16:06:29', NULL, 0, 0, 0, 0),
(198, 'KEVIN', 1, 'aa', 'aa', '1690704408.jpg', '2023-07-30 16:06:48', NULL, 0, 0, 0, 0),
(199, 'KEVIN', 0, 'fcda', 'fasfsa', '1690704465.jpg', '2023-07-30 16:07:45', '2023-07-31 09:35:01', 0, 0, 0, 0),
(200, 'KEVIN', 1, 'aaaaaaaaaaaaaaaaaaaaaaaaaa', 'aaaaa', '1690704502.jpg', '2023-07-30 16:08:22', '2023-07-31 09:38:04', 0, 0, 0, 0),
(201, 'KEVIN', 0, 'aaaaaaaaaa', 'aa', '1690704528.jpg', '2023-07-30 16:08:48', '2023-07-31 09:30:24', 0, 4, 0, 0),
(202, 'KEVIN', 1, 'aa', 'aaaaa', '', '2023-07-31 09:38:20', NULL, 0, 0, 0, 0),
(203, 'KEVIN', 1, '颱風天要怎麼露營', '不要露營去泛舟', '', '2023-07-31 10:06:59', NULL, 1, 3, 0, 0),
(204, 'KEVIN', 1, 's', 's', '1690783485.jpg', '2023-07-31 14:03:07', '2023-07-31 14:04:45', 0, 0, 0, 0),
(205, '11', 0, '222', '333', '', '2023-07-31 15:33:46', '2023-07-31 15:40:36', 0, 0, 0, NULL),
(206, 'ww', 0, 'ww', 'ww', '', '2023-07-31 15:46:09', '2023-07-31 15:52:46', 0, 1, 0, NULL),
(207, 'hh', 0, 'hh', 'hh', '', '2023-07-31 15:56:57', '2023-07-31 15:58:20', 0, 0, 0, NULL),
(208, 'bb', 0, 'bb', 'bb', '1690791586.jpg', '2023-07-31 15:57:27', '2023-07-31 16:19:46', 0, 1, 0, NULL),
(209, 'GUSTAV 4P 登山帳1', 1, 'mm', 'mm', '1690796645.jpg', '2023-07-31 17:25:38', '2023-07-31 17:44:55', 0, 0, 0, NULL),
(210, '333', 1, '333', '333', '1690796726.jpg', '2023-07-31 17:45:26', NULL, 0, 0, 0, NULL);

-- --------------------------------------------------------

--
-- 資料表結構 `orderinformation`
--

CREATE TABLE `orderinformation` (
  `orderInformationID` int(11) NOT NULL,
  `OrderNumber` int(255) NOT NULL,
  `user_id` int(11) NOT NULL,
  `campGroundID` int(11) NOT NULL,
  `campingAreaListID` int(11) NOT NULL,
  `campgroundAdditionalOptionsID` int(11) NOT NULL,
  `checkInDate` date NOT NULL,
  `checkOutDate` date NOT NULL,
  `totalOrderPrice` decimal(10,2) NOT NULL,
  `OrderPlacementTime` date NOT NULL DEFAULT current_timestamp()
) ENGINE=InnoDB DEFAULT CHARSET=utf8mb4 COLLATE=utf8mb4_general_ci;

--
-- 傾印資料表的資料 `orderinformation`
--

INSERT INTO `orderinformation` (`orderInformationID`, `OrderNumber`, `user_id`, `campGroundID`, `campingAreaListID`, `campgroundAdditionalOptionsID`, `checkInDate`, `checkOutDate`, `totalOrderPrice`, `OrderPlacementTime`) VALUES
(1, 1, 13, 2, 3, 1, '2023-07-24', '2023-07-24', 123456.00, '2023-07-10'),
(2, 2, 3, 1, 3, 1, '2023-07-10', '2023-07-10', 6655.00, '2023-07-10'),
(3, 3, 13, 2, 3, 1, '2023-07-18', '2023-07-12', 1234.00, '2023-07-17'),
(4, 4, 13, 6, 6, 29, '2023-09-25', '2023-08-08', 77620.00, '2023-07-30'),
(5, 5, 11, 18, 2, 22, '2024-05-13', '2023-08-01', 34908.00, '2023-07-30'),
(6, 5, 25, 24, 13, 11, '2024-05-07', '2023-08-06', 15079.00, '2023-07-30'),
(7, 6, 10, 6, 18, 15, '2023-11-08', '2023-08-05', 89938.00, '2023-07-30'),
(8, 7, 23, 12, 10, 27, '2023-10-07', '2023-08-03', 19831.00, '2023-07-30'),
(9, 8, 16, 4, 4, 25, '2023-11-15', '2023-08-02', 25269.00, '2023-07-30'),
(10, 9, 9, 20, 3, 27, '2023-08-11', '2023-08-05', 77180.00, '2023-07-30'),
(11, 10, 4, 24, 7, 25, '2023-08-20', '2023-08-09', 65869.00, '2023-07-30'),
(12, 11, 9, 10, 17, 20, '2024-04-01', '2023-08-07', 84866.00, '2023-07-30'),
(13, 12, 24, 21, 2, 12, '2024-01-07', '2023-08-08', 93952.00, '2023-07-30'),
(14, 13, 6, 21, 9, 21, '2024-06-05', '2023-08-05', 10210.00, '2023-07-30'),
(15, 14, 15, 12, 9, 24, '2024-03-16', '2023-08-09', 75758.00, '2023-07-30'),
(16, 15, 10, 7, 22, 29, '2023-10-20', '2023-08-02', 40316.00, '2023-07-30'),
(17, 16, 5, 12, 16, 11, '2024-01-23', '2023-08-01', 52399.00, '2023-07-30'),
(18, 17, 23, 17, 12, 23, '2024-06-23', '2023-08-05', 87057.00, '2023-07-30'),
(19, 18, 21, 7, 12, 29, '2023-12-19', '2023-07-31', 23121.00, '2023-07-30'),
(20, 19, 16, 9, 15, 16, '2024-06-20', '2023-08-04', 48620.00, '2023-07-30'),
(21, 20, 25, 6, 22, 14, '2023-11-30', '2023-07-31', 31358.00, '2023-07-30'),
(22, 21, 4, 15, 7, 27, '2024-01-30', '2023-08-09', 40360.00, '2023-07-30'),
(23, 22, 22, 24, 23, 11, '2024-03-04', '2023-08-07', 14017.00, '2023-07-30'),
(24, 23, 26, 15, 15, 20, '2024-05-18', '2023-08-04', 10381.00, '2023-07-30'),
(25, 24, 17, 24, 14, 13, '2023-11-03', '2023-08-07', 19179.00, '2023-07-30'),
(26, 25, 4, 9, 2, 22, '2023-08-12', '2023-08-02', 28020.00, '2023-07-30'),
(27, 26, 9, 15, 18, 12, '2024-02-18', '2023-08-03', 29782.00, '2023-07-30'),
(28, 27, 27, 7, 21, 27, '2024-06-13', '2023-08-06', 83355.00, '2023-07-30'),
(29, 28, 4, 18, 24, 11, '2024-01-05', '2023-08-09', 58232.00, '2023-07-30'),
(30, 29, 22, 9, 23, 27, '2024-02-25', '2023-08-02', 68697.00, '2023-07-30'),
(31, 30, 14, 8, 18, 10, '2024-07-21', '2023-08-07', 11239.00, '2023-07-30'),
(32, 31, 20, 15, 5, 21, '2023-12-22', '2023-08-02', 83770.00, '2023-07-30'),
(33, 32, 15, 27, 12, 17, '2024-01-21', '2023-08-02', 94403.00, '2023-07-30'),
(34, 33, 24, 15, 21, 25, '2024-01-01', '2023-08-07', 47423.00, '2023-07-30'),
(35, 34, 24, 5, 19, 24, '2023-10-15', '2023-08-09', 92734.00, '2023-07-30'),
(36, 35, 24, 17, 6, 17, '2023-11-06', '2023-08-02', 32745.00, '2023-07-30'),
(37, 36, 18, 12, 22, 18, '2024-01-28', '2023-08-01', 46625.00, '2023-07-30'),
(38, 37, 15, 9, 17, 23, '2023-12-15', '2023-08-08', 23025.00, '2023-07-30'),
(39, 38, 7, 12, 6, 12, '2024-07-08', '2023-08-03', 90116.00, '2023-07-30'),
(40, 39, 14, 13, 20, 27, '2024-05-16', '2023-08-04', 81938.00, '2023-07-30'),
(41, 40, 20, 4, 24, 27, '2024-01-03', '2023-08-05', 47124.00, '2023-07-30'),
(42, 41, 14, 26, 11, 17, '2024-02-28', '2023-08-07', 18554.00, '2023-07-30'),
(43, 42, 7, 16, 5, 14, '2024-04-17', '2023-08-08', 21604.00, '2023-07-30'),
(44, 43, 5, 27, 18, 22, '2023-08-05', '2023-08-01', 87939.00, '2023-07-30'),
(45, 44, 22, 4, 3, 23, '2024-07-10', '2023-08-07', 21271.00, '2023-07-30'),
(46, 45, 9, 23, 11, 23, '2023-08-27', '2023-08-03', 62535.00, '2023-07-30'),
(47, 46, 23, 13, 11, 10, '2024-06-15', '2023-08-02', 82139.00, '2023-07-30'),
(48, 47, 7, 11, 2, 18, '2023-08-07', '2023-08-07', 85308.00, '2023-07-30'),
(49, 48, 24, 20, 22, 20, '2024-06-02', '2023-08-06', 83865.00, '2023-07-30'),
(50, 49, 6, 27, 16, 16, '2024-03-31', '2023-08-03', 86885.00, '2023-07-30'),
(51, 50, 7, 8, 12, 26, '2024-04-13', '2023-07-31', 24146.00, '2023-07-30');

-- --------------------------------------------------------

--
-- 資料表結構 `payment`
--

CREATE TABLE `payment` (
  `payment_id` int(11) NOT NULL,
  `payment_method` varchar(128) NOT NULL,
  `payment_amount` int(11) NOT NULL
) ENGINE=InnoDB DEFAULT CHARSET=utf8mb4 COLLATE=utf8mb4_general_ci;

--
-- 傾印資料表的資料 `payment`
--

INSERT INTO `payment` (`payment_id`, `payment_method`, `payment_amount`) VALUES
(1, 'LINE PAY', 1250),
(4, '銀行匯款', 340),
(6, '信用卡', 350);

-- --------------------------------------------------------

--
-- 資料表結構 `product`
--

CREATE TABLE `product` (
  `product_id` int(11) NOT NULL,
  `product_name` varchar(128) NOT NULL,
  `product_description` text DEFAULT NULL,
  `unit_price` int(11) NOT NULL,
  `category_id` int(10) DEFAULT NULL,
  `brand_id` int(10) DEFAULT NULL,
  `list_img` varchar(999) DEFAULT NULL,
  `isDisplay` tinyint(1) NOT NULL DEFAULT 1,
  `create_date` datetime NOT NULL DEFAULT current_timestamp(),
  `last_update` datetime DEFAULT current_timestamp()
) ENGINE=InnoDB DEFAULT CHARSET=utf8mb4 COLLATE=utf8mb4_general_ci;

--
-- 傾印資料表的資料 `product`
--

INSERT INTO `product` (`product_id`, `product_name`, `product_description`, `unit_price`, `category_id`, `brand_id`, `list_img`, `isDisplay`, `create_date`, `last_update`) VALUES
(39, 'The North Face Men\'s Arctic Parka GTX', '這款長及大腿的 Arctic 派克大衣採用防水、透氣的 DryVent™ 2L 面料，採用 550 填充羽絨和 150 克 Heatseeker™ Eco 保暖，打造修身貼合感和出色的保暖重量比。', 6900, 15, 5, 'artic_parka_gtx_list.png,artic_parka_gtx(1).webp,artic_parka_gtx(2).webp,artic_parka_gtx(3).webp,artic_parka_gtx(4).webp,artic_parka_gtx(5).webp', 1, '2022-10-13 11:42:09', '2022-10-13 11:42:09'),
(40, 'The North Face Men\'s Circaloft Zip Pullover', 'Circaloft—我們全新的輕量、高度可包裝的合成絕緣產品線。 男士Circaloft 拉鍊套衫具有令人印象深刻的保暖重量比、完全回收的面料、可調節兜帽以及可存放在右手口袋（或外部儲物袋）中的能力，是一款多功能的首選單品。\r\n作為我們的圓形設計風格之一，純色選項採用具有可持續意識的材料製成，當您將其返還給我們時，可以回收。', 5600, 15, 5, 'circaloft_zip_pullo_list.png,circaloft_zip_pullo(1).webp,circaloft_zip_pullo(2).webp,circaloft_zip_pullo(3).webp,circaloft_zip_pullo(4).webp,circaloft_zip_pullo(5).webp', 1, '2023-10-04 14:22:03', '2023-10-04 14:22:03'),
(41, 'ZIZ TENT SHELTER ROCK GREY', '「ZIZ」是一款兩房帳篷，為家庭和團體提供舒適的空間。它有寬敞的起居和用餐空間，也可以用作巨大的庇護所。這是 Muraco 系列中最大的帳篷。內帳篷最多可容納 5 人。包括屋頂蓋。', 28900, 4, 11, 'ziz_tent_shelter_rock_grey_list.webp,ziz_tent_shelter_rock_grey1.jpg,ziz_tent_shelter_rock_grey4.jpg,ziz_tent_shelter_rock_grey3.webp,ziz_tent_shelter_rock_grey2.webp,ziz_tent_shelter_rock_grey1.webp', 1, '2023-10-05 09:38:18', '2023-10-05 09:38:18'),
(42, 'RAPIDE X1-2P GREY', 'RAPIDE X1是一款在舒適性和抗風性方面取得良好平衡的山地帳篷。這是一款適合日本氣候的兩人雙層圓頂帳篷。車架採用了muraco新開發的「ZETA Frame」。橫架交叉處裝有中心輪轂，可強力抑制風造成的變形。內帳篷的布料可依使用情況選擇全網布或半網布。最小重量為 1,630 克。外帳的顏色是「石墨灰」。', 9900, 3, 7, 'rapide_x1_2p_grey_list.webp,rapide_x1_2p_grey2.jpg,rapide_x1_2p_grey3.jpg,rapide_x1_2p_grey2.webp,rapide_x1_2p_grey1.jpg,rapide_x1_2p_grey1.webp,rapide_x1_2p_grey3.webp', 1, '2023-10-05 09:57:31', '2023-10-05 09:57:31'),
(43, 'GUSTAV 6P', 'Gustav 是一款旨在用作高海拔登山大本營的帳篷。它採用六桿組成的測地結構，兼具壓倒性的抗風性和宜居性。基本設計是基於 TUSKER TRAIL 官方採用的模型，TUSKER TRAIL 是一家攀登非洲大陸最高峰乞力馬扎羅山的旅遊公司。配備多種通風設備以適應日本濕熱的野外條件，是追求舒適性能的Muraco獨創規格。最多可容納 6 人。', 22000, 3, 4, 'gustav_6p_list.png,gustav_6p_11.webp,gustav_6p_6.jpg,gustav_6p_5.jpg,gustav_6p_4.jpg,gustav_6p_3.jpg,gustav_6p_2.jpg,gustav_6p_1.jpg,gustav_6p_10.jpg,gustav_6p_9.webp,gustav_6p_8.jpg,gustav_6p_7.webp', 1, '2023-10-08 17:39:00', '2023-10-08 17:39:00'),
(44, 'Heron 1 Pole Shelter', '與 and walk 合作的 1 桿帳篷庇護所。只要在放下外帳的四個角落後，簡單地豎起中心桿，您就可以在很短的時間內輕鬆搭建起避難所。\r\n*這是一套外帳和中心桿。不含內帳篷。', 17000, 4, 3, 'heron_1_pole_shelter_list.webp,heron_1_pole_shelter_1.jpeg,heron_1_pole_shelter_2.webp,heron_1_pole_shelter_3.jpeg,heron_1_pole_shelter_4.webp,heron_1_pole_shelter_5.jpeg,heron_1_pole_shelter_6.jpeg', 1, '2023-10-08 17:45:14', '2023-10-08 17:45:14'),
(45, 'Heron 2 Pole Shelter', '與 and walk 和 muraco 合作創建的露營帳篷。外帳採用 40D 防撕裂尼龍，耐水壓為 1500 毫米。桿體採用鋁合金材質，直徑25mm。只需將外帳的四個角釘住，然後豎起中心桿，您就可以在很短的時間內輕鬆搭建起一個大容量的庇護所。\r\n*這是一套外帳和中心桿。不含內帳篷。', 32000, 4, 3, 'heron_2_pole_shelter_list.webp,heron_2_pole_shelter_1.jpeg,heron_2_pole_shelter_2.jpeg,heron_2_pole_shelter_3.webp,heron_2_pole_shelter_4.jpeg', 1, '2023-10-08 18:11:19', '2023-10-08 18:11:19'),
(46, 'RAPIDE X1-2P INTERNATIONAL ORANGE', 'RAPIDE X1是一款在舒適性和抗風性方面取得良好平衡的山地帳篷。這是一款適合日本氣候的兩人雙層圓頂帳篷。車架採用了muraco新開發的「ZETA Frame」。橫架交叉處裝有中心輪轂，可強力抑制風造成的變形。內帳篷的布料可依使用情況選擇全網布或半網布。最小重量為 1,630 克。外帳的顏色是「International Orange」。', 14000, 3, 7, 'rapide_x1_2p_international_orange_list.webp,rapide_x1_2p_international_orange_1.jpg,rapide_x1_2p_international_orange_2.jpg,rapide_x1_2p_international_orange_3.webp,rapide_x1_2p_international_orange_4.webp,rapide_x1_2p_international_orange_5.webp', 1, '2023-10-08 18:24:18', '2023-10-08 18:24:18'),
(47, 'Heron Beak', 'HERON BEAK 與 HERON 系列方艙搭配使用。將其安裝到 HERON 外帳的拉鍊部分並用桿子將其升起，您可以創建一個與前艙空間相連的屋簷狀空間。', 2400, 4, 3, 'heron_beak_2.jpg,heron_beak_3.jpg,heron_beak_4.jpg,heron_beak_5.webp,heron_beak_6.webp,heron_beak_7.webp', 1, '2023-10-08 18:43:14', '2023-10-08 18:43:14'),
(48, 'Coleman 4P Shelter', '可與帳篷連結的大型網屋，讓起居空間更舒適\r\n四面紗網可拉起使用，保持室內空氣流通\r\n搭設簡易，1人就可以順利搭營\r\n附有易套接帳篷布\r\n', 12000, 4, 1, 'coleman_4P_shelter_list.jpeg,coleman_4P_shelter _2.jpeg,coleman_4P_shelter _1.jpg', 1, '2023-10-08 18:50:19', '2023-10-08 18:50:19'),
(49, 'Arcteryx Women\'s Salal Jacket Black', '防風防水的 40D 3L GORE-TEX面料搭配C-KNIT™內裡，柔軟舒適且透氣\r\n•經無氟DWR防潑水處理\r\n•可調兜帽提供保護\r\n•後側通風口幫助調節體溫\r\n•腰部後側調節繩可提升貼合度及顯腰身\r\n•彈性袖口可避免寒風侵入\r\n•兩個拉鍊插手口袋\r\n•標準版型及立體剪裁提升活動靈活度及穿著舒適度，方便層搭', 18800, 15, 9, 'salal_jacket_black_list.jpg,salal_jacket_black_1.jpg,salal_jacket_black_2.jpg,salal_jacket_black_3.jpg,salal_jacket_black_4.jpg,salal_jacket_black_5.jpg,salal_jacket_black_6.jpg', 1, '2023-10-08 18:59:10', '2023-10-08 18:59:10'),
(50, 'The North Face Men\'s Tek Piping Wind Pants', '反光線條、高度防風的 WindWall™ 布料和前衛的設計使這款休閒版型 Tek Piping Wind 長褲成為校園或外出小徑的首選。', 2300, 16, 5, 'tek_piping_wind_pants_list.jpg,tek_piping_wind_pants_1.jpg,tek_piping_wind_pants_2.jpg,tek_piping_wind_pants_3.webp,tek_piping_wind_pants_4.webp,tek_piping_wind_pants_5.webp', 1, '2023-10-08 19:06:35', '2023-10-08 19:06:35'),
(51, 'The North Face Women\'s Corefire Down Windstopper Jacket', '為了更新我們的女式Corefire 羽絨服，我們添加了完全防風、100% 可回收的GORE-TEX WINDSTOPPER® 外殼，以增加山上保護。為了最大限度地提高性能並提高保暖重量比，我們策略性地對主要部分進行了隔熱處理。主體採用550 填充羽絨，側片、兜帽和腋下採用合成Heatseeker™ Eco Pro。配有充足的安全拉鍊口袋、腋下通風口和按扣式粉裙，讓您從第一把椅子到最後一張椅子。', 14400, 15, 5, 'corefire_down_windstopper_jacket_list.webp,corefire_down_windstopper_jacket_1.webp,corefire_down_windstopper_jacket_2.webp,corefire_down_windstopper_jacket_3.webp,corefire_down_windstopper_jacket_4.webp,corefire_down_windstopper_jacket_5.webp,', 1, '2023-10-08 21:08:14', '2023-10-08 21:08:14'),
(52, 'The North Face Men\'s Chilkat V Lace Waterproof Boots', '全新的男士 Chilkat V 蕾絲防水靴輕盈舒適，這款經典冬季主力靴的新版本將使您在下一次冷鋒襲來時歡呼雀躍。讓你寒冷的氣候露營時感到非常暖和。', 4200, 18, 5, 'chilkat_v_lace_waterproof_boots_list.jpg,chilkat_v_lace_waterproof_boots_1.jpg,chilkat_v_lace_waterproof_boots_2.webp,chilkat_v_lace_waterproof_boots_4.webp,chilkat_v_lace_waterproof_boots_3.webp', 1, '2023-10-08 21:18:37', '2023-10-08 21:18:37'),
(53, 'The North Face Men Nuptse Mules Corduroy', '這款耐用的男士 Nuptse 穆勒燈芯絨鞋採用 550 填充羽絨保暖，是我們經典的寒冷天氣鞋履，配有精緻的燈芯絨外層。', 2700, 18, 5, 'men_nuptse_mules_corduroy_list.jpg,men_nuptse_mules_corduroy_1.jpg,men_nuptse_mules_corduroy_3.webp,men_nuptse_mules_corduroy_2.jpg,men_nuptse_mules_corduroy_4.webp', 1, '2023-10-08 21:25:43', '2023-10-08 21:25:43'),
(54, 'The North Face Men NSE Low Shoes', '男士 NSE Low 是一款風格前衛且超級舒適的懶人鞋，採用再生 P.E.T. 防撕裂鞋面和堅固的外底。您剛剛找到了適合城市冒險的新鞋。', 3100, 18, 5, 'nse_low_shoes_list.webp,nse_low_shoes_1.webp,nse_low_shoes_2.webp,nse_low_shoes_3.webp,nse_low_shoes_4.jpg', 1, '2023-10-08 21:32:34', '2023-10-08 21:32:34'),
(55, 'Polar 400', '「POLAR」是一款以800FP灰鵝絨製成的高品質羽絨睡袋。立式箱式被子可有效循環身體熱量，中央拉鍊可輕鬆打開和關閉。容易受涼的腳部採用橫向絎縫立體腳盒。此款式採用 400 克羽絨，適合全年穿著，從夏季的高山到冬季的低山。舒適溫度6℃～下限溫度-3℃', 11000, 13, 8, 'polar_400_list.webp,polar_400_1.webp,polar_400_2.webp,polar_400_3.webp,polar_400_4.webp,polar_400_5.webp,polar_400_6.webp', 1, '2023-10-09 00:29:48', '2023-10-09 00:29:48'),
(56, 'Polar 750', 'POLAR」是一款以800FP灰鵝絨製成的高品質羽絨睡袋。立式箱式被子可有效循環身體熱量，中央拉鍊可輕鬆打開和關閉。容易受涼的腳部採用橫向絎縫立體腳盒。含750克羽絨，適合冬季登山、冬季露營、車內睡覺。舒適溫度-3℃ / 下限溫度-10℃', 15000, 13, 8, 'polar_750_list.webp,polar_750_1.webp,polar_750_2.webp,polar_750_3.webp,polar_750_4.webp,polar_750_5.webp,polar_750_6.webp', 1, '2023-10-10 00:08:10', '2023-10-10 00:08:10'),
(57, 'Kraken Tent Shelter', 'KRAKEN是一個大型露營帳篷，其特點是其寬敞的內部空間（這是大型露營帳篷的最大特點）以及極其堅固的測地線結構。它不僅可以用作客廳或餐廳，還可以使用內帳篷用作臥室。', 36000, 4, 10, 'kraken_tent_shelter_list.webp,kraken_tent_shelter_1.webp,kraken_tent_shelter_2.jpg,kraken_tent_shelter_3.jpg,kraken_tent_shelter_4.jpg,kraken_tent_shelter_5.webp,kraken_tent_shelter_6.webp', 1, '2023-10-10 00:22:15', '2023-10-10 00:22:15'),
(58, 'Rapide Tarp Grey', '由 15D 防撕裂尼龍製成的輕質防水布。 Muraco 最小的防水布適合 1 至 2 人，也推薦用於單人露營。 此尺寸使其可以單獨使用或與 RAPIDE X1 山地帳篷結合使用。 透過兩側都有曲線，我們的目標是改善陰影區域並簡化設定。 此外，繩索的設計可以在連接到帳篷時快速設置。', 4000, 5, 7, 'rapide_tarp_grey_list.jpg,rapide_tarp_grey_1.jpg,rapide_tarp_grey_2.webp,rapide_tarp_grey_3.webp,rapide_tarp_grey_4.webp', 1, '2023-10-10 00:29:15', '2023-10-10 00:29:15'),
(59, 'Rapide Tarp International Orange', '由 15D 防撕裂尼龍製成的輕質防水布。 Muraco 最小的防水布適合 1 至 2 人，也推薦用於單人露營。 此尺寸使其可以單獨使用或與 RAPIDE X1 山地帳篷結合使用。 透過兩側都有曲線，我們的目標是改善陰影區域並簡化設定。 此外，繩索的設計可以在連接到帳篷時快速設置。', 4000, 5, 7, 'rapide_tarp_international_orange_list.jpg,rapide_tarp_international_orange_1.jpg,rapide_tarp_international_orange_2.jpg,rapide_tarp_international_orange_3.webp,rapide_tarp_international_orange_4.webp,rapide_tarp_international_orange_5.jpg', 1, '2023-10-10 00:29:15', '2023-10-10 00:29:15'),
(60, 'Kraken Hat', '由尼龍材料製成，可用於從日常使用到露營場景的各種用途。\r\n其特點是完美的深度和精緻的角度和尺寸，修臉的設計使臉部的線條看起來更加立體。四季皆可著用，並且適合男女的各種穿搭場合。', 1050, 17, 7, 'kraken_hat_list.webp,kraken_hat_1.webp,kraken_hat_2.webp,kraken_hat_3.webp', 1, '2023-10-10 01:08:43', '2023-10-10 01:08:43'),
(61, 'Kraken Tee Black', '這件T卹正面繡有海妖的腳，背面繡有海妖的全身。 使用從普通普梳紗中除去短纖維而製成的精梳紗，可以減少絨毛的產生。 這是一款男女皆可著用的商品。', 1400, 15, 7, 'kraken_tee_black_list.webp,kraken_tee_black_1.webp,kraken_tee_black_2.webp,kraken_tee_black_3.webp', 1, '2023-10-10 01:08:43', '2023-10-10 01:08:43'),
(62, 'Kraken Crew Socks', '精心挑選長度的圓領襪，適合搭配短褲和運動鞋。其特點之一是類似滑冰襪的厚底絨和彈性羅紋的韌性。', 400, 17, 7, 'kraken_crew_socks_list.jpg,kraken_crew_socks_1.jpg,kraken_crew_socks_2.webp', 1, '2023-10-10 01:33:32', '2023-10-10 01:33:32'),
(63, 'Coleman Foldable Chair', '十分耐用的戶外折疊椅，輕量化的設計提高了其便攜性，讓設置露營時更加輕鬆快速', 1700, 12, 1, 'coleman_foldable_chair_list.jpg,coleman_foldable_chair_1.jpg,coleman_foldable_chair_2.jpg,coleman_foldable_chair_3.jpg', 1, '2023-10-10 01:47:18', '2023-10-10 01:47:18'),
(64, 'Coleman Foldable Table', '十分耐用的戶外折疊桌，輕量化的設計提高了其便攜性，讓設置露營時更加輕鬆快速', 1700, 12, 1, 'coleman_foldable_table_list.jpg,coleman_foldable_table_1.jpg,coleman_foldable_table_2.jpg,coleman_foldable_table_3.jpg,coleman_foldable_table_4.jpg,coleman_foldable_table_5.jpg', 1, '2023-10-10 01:47:18', '2023-10-10 01:47:18'),
(65, 'Rapide Carajas Peg Hammer', '釘錘的特點是重量輕和可儲存。 它的名字是巴西的一座鐵礦CARAJAS，是世界上最大的鐵礦石生產國。 雖然重量僅為236g，但重量分佈適中，實現了輕拍。 頭部的筆直形狀而不是傳統的T形提供了極好的存儲，可以用帳篷或防水布存放。 頭部是在Muraco自己的工廠切割不鏽鋼製成的，還具有釘子提取功能。', 990, 10, 7, 'carajas_peghammer_list.webp,carajas_peghammer_1.webp,carajas_peghammer_2.webp,carajas_peghammer_3.webp,carajas_peghammer_4.webp,carajas_peghammer_5.webp', 1, '2023-10-10 19:22:32', '2023-10-10 19:22:32'),
(66, 'Rapide Y Shaped Pegs', '這些是具有 Y 形橫截面的鋁合金釘。 非常適合固定輕型防水布和獨立式帳篷。 6 件套。', 540, 9, 7, 'y_shaped_pegs_list.webp,y_shaped_pegs_1.webp,y_shaped_pegs_2.webp,y_shaped_pegs_3.webp,y_shaped_pegs_4.webp', 1, '2023-10-10 19:30:46', '2023-10-10 19:30:46'),
(67, 'Rapide Hanging Line Black', '「HANGING LINE」是一種方便晾曬衣服和存放燈籠等小物品的繩子。 您可以透過鉤住繩子並滑動它來輕鬆調整張力。 它可以固定在帳篷內的環上、樹上或桿子上，或作為衣架將燈籠懸掛在 Hexa Ultra Tarp 的桿子之間。 透過用珠子夾住要懸掛的物體，可以將其牢固地固定。 長約3.6m。', 500, 11, 7, 'hanging_line_black_list.webp,hanging_line_black_1.webp,hanging_line_black_2.webp,hanging_line_black_3.webp,hanging_line_black_4.webp', 1, '2023-10-10 20:13:06', '2023-10-10 20:13:06'),
(68, 'Rapide Hanging Line Yellow\r\n', '「HANGING LINE」是一種方便晾曬衣服和存放吊燈等小物品的繩子。 您可以透過鉤住繩子並滑動它來輕鬆調整張力。 它可以固定在帳篷內的環上、樹上或桿子上，或作為衣架將燈籠懸掛在 Hexa Ultra Tarp 的桿子之間。 透過用珠子夾住要懸掛的物體，可以將其牢固地固定。 長約3.6m。', 500, 11, 7, 'hanging_line_yellow_list.webp,hanging_line_yellow_1.webp,hanging_line_yellow_2.webp,hanging_line_yellow_3.webp,hanging_line_yellow_4.webp', 1, '2023-10-10 20:13:06', '2023-10-10 20:13:06'),
(69, 'Rapide Darwin Bark', 'Darwin\'s Bark 是一種由 Dyneema® 纖維製成的繩索，既輕又堅固。 直徑為 3.5 毫米，非常厚。 這是 Muraco 系列中最強的繩索。 覆蓋材料中融入了大面積的反射，大大提高了夜間的可視性。 以 10m 為單位出售。', 700, 11, 7, 'darwin_bark_list.webp,darwin_bark_1.webp,darwin_bark_2.webp', 1, '2023-10-10 21:05:40', '2023-10-10 21:05:40'),
(70, 'Rapide Iron Cord Black', '鐵繩是由 Dyneema® 纖維製成的繩索，非常適合山地帳篷等艱苦條件。 它是一種反光繩，高度可見且易於操作。 以 15m 為單位出售。', 500, 11, 7, 'iron_cord_black_list.webp,iron_cord_black_1.webp,iron_cord_black_2.webp', 1, '2023-10-10 21:12:28', '2023-10-10 21:12:28'),
(72, 'Rapide NorthPole Fat 280', 'FAT系列是管徑Φ31mm的極粗管材，具有較強的抗彎強度的篷布桿系列。 最大高度可達 280 厘米，非常適合用作防水布的主桿。 材質為A5056鋁合金，其中含有大量的鎂。', 3700, 9, 7, 'northpole_280_list.webp,northpole_280_1.webp,northpole_280_2.webp', 1, '2023-10-10 21:17:25', '2023-10-10 21:17:25'),
(73, 'Rapide NorthPole Fat 210', 'FAT系列是管徑Φ31mm的極粗管材，具有較強的抗彎強度的篷布桿系列。 FAT 210 的最大高度可達 210 厘米，非常適合用作防水布的主桿。 使用的材料是A5056鋁合金，其中含有大量的鎂。', 3000, 9, 7, 'northpole_210_list.webp,northpole_210_1.webp,northpole_210_2.webp', 1, '2023-10-10 21:22:23', '2023-10-10 21:22:23'),
(74, 'Rapide NorthPole Carbon 210', '這是一種碳纖維防水布桿，薄而輕，但強度高。 與日本領先的碳高爾夫球桿製造商之一 Graphite Design 共同開發。 雖然只有 460 克，但強度與 NORTHPOLE™️ FAT 相同，可用作主桿。 在追求強度、重量和彈性之間的平衡的同時，熟練的工程師將用於結構材料的碳編織在一起，目的是創造一種即使在不太可能發生斷裂的情況下也能安全的結構結構。 接頭採用不銹鋼，以分散過載時的壓力。 桿子用減震繩連接，方便組裝。', 3300, 9, 7, 'northpole_carbon_list.webp,northpole_carbon_1.webp,northpole_carbon_2.webp,northpole_carbon_3.jpg', 1, '2023-10-10 21:26:49', '2023-10-10 21:26:49'),
(75, 'Rapide NorthPole Carbon 150', '與 Graphite Design 共同開發的產品，Graphite Design 是日本運動碳纖維領域的領先公司之一。 雖然只有 405 克，但卻擁有與 muraco NORTHPOLE FAT 相同的強度。 碳是由熟練的工程師將結構材料中使用的碳編織在一起製成的。 在追求強度、重量和彈性之間的平衡的同時，我們的目標是創造一種編織結構，在斷裂時可以防止受傷。 接頭採用不銹鋼，以分散過載時的壓力。 桿子透過減震繩連接，設計方便安裝。 建議與 RAPIDE TARP 結合使用。', 3300, 9, 7, 'northpole_carbon_150_list.webp,northpole_carbon_150_1.webp,northpole_carbon_150_2.webp,northpole_carbon_150_3.jpg', 1, '2023-10-10 21:26:49', '2023-10-10 21:26:49'),
(76, 'Satellite Fire Base', 'Satellite Fire Base 是一款集便攜性和穩定性於一體的火架，其設計方法與現有產品完全不同。 Muraco獨特的展開結構採用先進的切割技術，實現了「高便攜性」、「輕鬆快速設定」和「對柴火和強風的穩定性」的高水準。', 4745, 14, 1, 'firebase_list.webp,firebase_1.webp,firebase_2.webp,firebase_3.webp', 1, '2023-10-10 21:38:51', '2023-10-10 21:38:51'),
(77, 'Grill Mesh', '一種特殊的不銹鋼烤架，用於使用 Muraco Satellite Firebase 作為烤架。 它由直徑 5 毫米的超粗不銹鋼絲構成，結構簡單，易於清潔和維護。 也可用於明火烹飪，也可用作放置鐵板或鍋子的烤爐。', 800, 14, 1, 'grill_mesh_list.webp,grill_mesh_1.webp,grill_mesh_2.webp,grill_mesh_3.webp', 1, '2023-10-10 21:44:02', '2023-10-10 21:44:02'),
(78, 'Fire Plugs 10pcs', '加拿大Pro Camp Tech公司開發的火塞。 它是一種用途廣泛的點火器，點火效果非常好。 壓縮棉浸有石蠟，用手指或小刀撕開並弄鬆即可輕鬆點燃。 幾乎沒有黏性和異味，即使在雨中或潮濕的環境中也能穩定點火。 10 件入。', 200, 14, 1, 'fireplug10_list.webp,fireplug10_1.webp,fireplug10_2.webp,fireplug10_3.webp', 1, '2023-10-10 21:52:28', '2023-10-10 21:52:28'),
(79, 'Double Knit Gloves Grey', '適合握住熱物體（例如烹飪鍋）的針織手套。 透過使用含有大量空氣的兩層針織物，我們實現了高絕緣性和可操作性。 外部由易燃且含有空氣的棉製成，內部由高強度、耐切割的芳綸纖維製成。 左右沒有區分，可以快速穿上，寬大的下擺方便脫下。 可以手洗，因此可以乾淨地使用。 這些手套非常適合在明火上烹飪。', 1040, 14, 1, 'double_knit_gloves_list.webp,double_knit_gloves_1.webp,double_knit_gloves_2.webp,double_knit_gloves_3.webp,double_knit_gloves_4.webp,double_knit_gloves_5.webp', 1, '2023-10-10 22:07:20', '2023-10-10 22:07:20');

-- --------------------------------------------------------

--
-- 資料表結構 `productdiscount`
--

CREATE TABLE `productdiscount` (
  `product_id` int(11) NOT NULL,
  `discount` float NOT NULL,
  `discount_info` varchar(128) DEFAULT NULL,
  `id` int(11) NOT NULL
) ENGINE=InnoDB DEFAULT CHARSET=utf8mb4 COLLATE=utf8mb4_general_ci;

--
-- 傾印資料表的資料 `productdiscount`
--

INSERT INTO `productdiscount` (`product_id`, `discount`, `discount_info`, `id`) VALUES
(39, 0.3, '換季折扣促銷', 1),
(40, 0.3, '換季折扣促銷', 2);

-- --------------------------------------------------------

--
-- 資料表結構 `purchase`
--

CREATE TABLE `purchase` (
  `purchase_id` int(11) NOT NULL,
  `purchase_date` datetime DEFAULT NULL,
  `delivery_status` varchar(128) DEFAULT NULL,
  `payment_id` int(11) DEFAULT NULL,
  `user_id` int(11) NOT NULL
) ENGINE=InnoDB DEFAULT CHARSET=utf8mb4 COLLATE=utf8mb4_general_ci;

--
-- 傾印資料表的資料 `purchase`
--

INSERT INTO `purchase` (`purchase_id`, `purchase_date`, `delivery_status`, `payment_id`, `user_id`) VALUES
(1, '2023-07-12 12:07:25', '已送達', 1, 15),
(2, '2023-07-18 12:08:48', '已送達', 4, 15),
(17, '2023-06-01 12:15:11', '已送達', 6, 15),
(18, '2023-06-02 09:45:23', '已送達', 1, 16),
(19, '2023-06-03 14:30:54', '已送達', 4, 17),
(20, '2023-06-04 17:20:31', '已送達', 6, 18),
(21, '2023-06-05 11:10:42', '已送達', 1, 19),
(22, '2023-06-06 16:55:27', '已送達', 4, 20),
(23, '2023-06-07 08:25:15', '已送達', 6, 21),
(24, '2023-06-08 13:40:03', '已送達', 1, 22),
(25, '2023-06-09 10:00:59', '已送達', 4, 23),
(26, '2023-06-10 15:50:36', '已送達', 1, 24),
(27, '2023-06-11 19:05:47', '已送達', 4, 25),
(28, '2023-06-12 22:35:08', '已送達', 6, 26),
(29, '2023-06-13 20:15:59', '已送達', 1, 27),
(30, '2023-07-01 09:30:13', '已送達', 4, 15),
(31, '2023-07-02 14:20:29', '已送達', 6, 16),
(32, '2023-07-03 16:45:37', '已送達', 1, 17),
(33, '2023-07-04 11:05:48', '已送達', 4, 18),
(34, '2023-07-05 18:10:21', '已送達', 6, 19),
(35, '2023-07-06 12:55:33', '已送達', 1, 20),
(36, '2023-07-07 21:25:44', '已送達', 4, 21),
(37, '2023-07-08 13:40:52', '已送達', 6, 22),
(38, '2023-07-09 17:55:18', '已送達', 1, 23),
(39, '2023-07-10 08:00:37', '已送達', 4, 24),
(40, '2023-07-11 12:15:11', '已送達', NULL, 25),
(41, '2023-07-12 15:20:56', '已送達', NULL, 26),
(42, '2023-07-13 19:30:25', '已送達', NULL, 27),
(43, '2023-08-01 10:40:45', '已送達', NULL, 15),
(44, '2023-08-02 16:25:14', '已送達', NULL, 16),
(45, '2023-08-03 12:50:27', '已送達', NULL, 17),
(46, '2023-08-04 20:05:33', '已送達', NULL, 18),
(47, '2023-08-05 13:15:02', '已送達', NULL, 19),
(48, '2023-08-06 09:55:16', '已送達', NULL, 20),
(49, '2023-08-07 18:10:39', '已送達', NULL, 21),
(50, '2023-08-08 14:30:58', '已送達', NULL, 22),
(51, '2023-08-09 11:45:06', '已送達', NULL, 23),
(52, '2023-08-10 17:55:23', '已送達', NULL, 24),
(53, '2023-08-11 19:00:52', '已送達', NULL, 25),
(54, '2023-08-12 22:05:37', '已送達', NULL, 26),
(55, '2023-08-13 16:30:29', '已送達', NULL, 27);

-- --------------------------------------------------------

--
-- 資料表結構 `purchase_details`
--

CREATE TABLE `purchase_details` (
  `purchase_detail_id` int(11) NOT NULL,
  `pcs_purchased` int(11) NOT NULL,
  `product_id` int(11) NOT NULL,
  `purchase_id` int(11) NOT NULL
) ENGINE=InnoDB DEFAULT CHARSET=utf8mb4 COLLATE=utf8mb4_general_ci;

--
-- 傾印資料表的資料 `purchase_details`
--

INSERT INTO `purchase_details` (`purchase_detail_id`, `pcs_purchased`, `product_id`, `purchase_id`) VALUES
(1, 1, 38, 17),
(2, 2, 39, 17),
(3, 3, 2, 19),
(4, 4, 7, 20),
(5, 5, 9, 21),
(6, 1, 12, 22),
(7, 2, 13, 23),
(8, 3, 15, 24),
(9, 4, 16, 25),
(10, 5, 38, 26),
(11, 1, 39, 27),
(12, 2, 2, 28),
(13, 3, 7, 29),
(14, 4, 9, 30),
(15, 5, 12, 31),
(16, 1, 13, 32),
(17, 2, 15, 33),
(18, 3, 16, 34),
(19, 4, 38, 35),
(20, 5, 39, 36),
(21, 1, 2, 37),
(22, 2, 7, 38),
(23, 3, 9, 39),
(24, 4, 12, 40),
(25, 5, 13, 41),
(26, 1, 15, 42),
(27, 2, 16, 43),
(28, 3, 38, 44),
(29, 4, 39, 45),
(30, 5, 2, 46),
(31, 1, 7, 47),
(32, 2, 9, 48),
(33, 3, 12, 49),
(34, 4, 13, 50),
(35, 5, 15, 51),
(36, 1, 16, 52),
(37, 2, 38, 53),
(38, 3, 39, 54),
(39, 4, 2, 55);

-- --------------------------------------------------------

--
-- 資料表結構 `registration form`
--

CREATE TABLE `registration form` (
  `registration_form_id` int(100) NOT NULL,
  `user_id` int(100) NOT NULL,
  `events_id` int(100) NOT NULL,
  `number_of_applicants` int(100) NOT NULL
) ENGINE=InnoDB DEFAULT CHARSET=utf8mb4 COLLATE=utf8mb4_general_ci;

--
-- 傾印資料表的資料 `registration form`
--

INSERT INTO `registration form` (`registration_form_id`, `user_id`, `events_id`, `number_of_applicants`) VALUES
(1, 1, 1, 2),
(2, 2, 1, 2),
(3, 3, 1, 2),
(4, 4, 1, 2),
(5, 5, 2, 2),
(6, 6, 1, 2),
(7, 7, 1, 1),
(8, 8, 11, 2),
(9, 9, 1, 2),
(10, 10, 1, 2),
(11, 11, 2, 2),
(12, 12, 3, 2),
(13, 13, 4, 2),
(14, 14, 3, 2),
(15, 15, 5, 1),
(16, 16, 6, 2),
(17, 17, 7, 2),
(18, 18, 6, 1),
(19, 19, 8, 1),
(21, 20, 41, 2),
(22, 21, 16, 1),
(23, 22, 12, 2),
(24, 23, 11, 2),
(25, 24, 9, 2),
(26, 25, 8, 1),
(27, 26, 4, 2),
(28, 26, 60, 2),
(29, 15, 46, 2);

-- --------------------------------------------------------

--
-- 資料表結構 `sessions`
--

CREATE TABLE `sessions` (
  `session_id` varchar(128) CHARACTER SET utf8mb4 COLLATE utf8mb4_bin NOT NULL,
  `expires` int(11) UNSIGNED NOT NULL,
  `data` mediumtext CHARACTER SET utf8mb4 COLLATE utf8mb4_bin DEFAULT NULL
) ENGINE=InnoDB DEFAULT CHARSET=utf8mb4 COLLATE=utf8mb4_general_ci;

-- --------------------------------------------------------

--
-- 資料表結構 `spec`
--

CREATE TABLE `spec` (
  `spec_id` int(11) NOT NULL,
  `spec_name` varchar(50) DEFAULT NULL,
  `spec_type` varchar(50) DEFAULT NULL
) ENGINE=InnoDB DEFAULT CHARSET=utf8mb4 COLLATE=utf8mb4_general_ci;

--
-- 傾印資料表的資料 `spec`
--

INSERT INTO `spec` (`spec_id`, `spec_name`, `spec_type`) VALUES
(1, '黑', '顏色'),
(2, '白', '顏色'),
(3, '灰', '顏色'),
(4, 'XL', '尺寸'),
(5, 'L', '尺寸'),
(6, 'M', '尺寸'),
(7, 'S', '尺寸'),
(8, 'XS', '尺寸'),
(9, '尼龍', '材質'),
(10, '聚酯纖維', '材質'),
(18, '黃', '顏色'),
(19, '橘', '顏色');

-- --------------------------------------------------------

--
-- 資料表結構 `store`
--

CREATE TABLE `store` (
  `store_id` int(10) NOT NULL,
  `store` varchar(255) NOT NULL,
  `address` varchar(255) NOT NULL
) ENGINE=InnoDB DEFAULT CHARSET=utf8mb4 COLLATE=utf8mb4_general_ci;

--
-- 傾印資料表的資料 `store`
--

INSERT INTO `store` (`store_id`, `store`, `address`) VALUES
(1, 'INVINCIBLE NORTH', '台北市大安區忠孝東路四段181巷35弄3號'),
(2, 'INVINCIBLE CENTRAL', '台中市西區美村路一段149巷15號\r\n'),
(3, 'INVINCIBLE SOUTH', '高雄市新興區德順街19號'),
(4, 'INVINCIBLE EAST', '花蓮縣花蓮市和平路581號'),
(9, '微風南山艾妥列店', '台北市信義區松智路17號4樓'),
(11, 'LaLaport 台中店', '台中市東區進德路600號北館2樓'),
(12, '動雌動雌', '舞曲不要停'),
(13, '大嘻哈時代', '台北市天龍區'),
(14, '京站時尚廣場店', '台北市大同區承德路一段1號B2Ｆ'),
(15, '三井OUTLET台南店', '台南市歸仁區歸仁大道101號'),
(16, '早點名高雄店', '高雄市仁武區水管路三段845-1號');

-- --------------------------------------------------------

--
-- 資料表結構 `tag`
--

CREATE TABLE `tag` (
  `id` int(11) NOT NULL,
  `uid` int(11) DEFAULT NULL,
  `name` varchar(20) CHARACTER SET utf8mb4 COLLATE utf8mb4_unicode_ci NOT NULL,
  `createTime` datetime DEFAULT NULL,
  `modifyTime` datetime DEFAULT NULL,
  `articleID` int(11) DEFAULT NULL,
  `tagID` int(11) DEFAULT NULL,
  `isValid` int(1) NOT NULL DEFAULT 1
) ENGINE=InnoDB DEFAULT CHARSET=utf8mb4 COLLATE=utf8mb4_general_ci;

--
-- 傾印資料表的資料 `tag`
--

INSERT INTO `tag` (`id`, `uid`, `name`, `createTime`, `modifyTime`, `articleID`, `tagID`, `isValid`) VALUES
(5, 5, 'zzzz', '2023-07-25 13:42:22', '2023-07-30 15:48:03', 0, 0, 0),
(6, 5, '露營', '2023-07-25 13:43:06', '2023-07-31 09:19:26', 0, 0, 1),
(7, 5, '旅遊', '2023-07-25 13:43:33', NULL, 0, 0, 1),
(8, 5, '野炊', '2023-07-25 13:43:39', NULL, 0, 0, 1),
(9, 5, '遊山', '2023-07-25 13:43:53', NULL, 0, 0, 1),
(10, 5, '野宿', '2023-07-25 13:44:08', NULL, 0, 0, 1),
(11, 5, '開箱', '2023-07-25 13:44:20', NULL, 0, 0, 1),
(12, 5, '高山', '2023-07-25 13:45:04', NULL, 0, 0, 1),
(13, 5, '平地', '2023-07-25 13:45:11', NULL, 0, 0, 1),
(16, 0, '晴天', '2023-07-26 14:07:05', NULL, 0, 0, 1),
(22, 0, 'KEVIN', '2023-07-26 19:50:46', '2023-07-26 19:50:57', 0, 0, 0),
(23, 0, 'KEVIN', '2023-07-26 19:51:01', '2023-07-27 14:34:05', 0, 0, 0),
(24, 0, 'KEVIN', '2023-07-27 14:34:08', '2023-07-27 14:34:16', 0, 0, 0),
(25, 0, 'KEVIN', '2023-07-30 15:06:32', '2023-07-30 15:06:48', 0, 0, 0),
(26, 0, 'KEVINm', '2023-07-30 15:40:40', '2023-07-30 15:40:50', 0, 0, 0),
(27, 0, 'KEVIN', '2023-07-30 15:47:18', '2023-07-30 15:48:10', 0, 0, 0),
(28, 0, 'costco', '2023-07-30 15:48:15', NULL, 0, 0, 1),
(29, 0, 'KEVIN', '2023-07-30 15:49:00', '2023-07-30 15:49:06', 0, 0, 0),
(30, 0, 'KEVIN', '2023-07-30 16:04:03', '2023-07-30 16:04:08', 0, 0, 0),
(31, 0, 'KEVIN', '2023-07-30 16:04:46', '2023-07-30 16:04:53', 0, 0, 0),
(32, 0, 'KEVIN', '2023-07-30 16:04:57', '2023-07-30 16:05:02', 0, 0, 0),
(33, 0, 'KEVIN', '2023-07-30 16:05:38', '2023-07-30 16:05:43', 0, 0, 0),
(34, 0, 'KEVIN', '2023-07-31 09:19:31', '2023-07-31 09:19:35', 0, 0, 0),
(35, NULL, '123qwe', '2023-07-31 15:09:02', '2023-07-31 15:09:21', NULL, NULL, 0),
(36, NULL, 'nnc', '2023-07-31 15:52:02', '2023-07-31 15:52:14', NULL, NULL, 0);

-- --------------------------------------------------------

--
-- 資料表結構 `tagall`
--

CREATE TABLE `tagall` (
  `id` int(11) NOT NULL,
  `mid` int(11) NOT NULL,
  `tid` int(11) NOT NULL
) ENGINE=InnoDB DEFAULT CHARSET=utf8mb4 COLLATE=utf8mb4_general_ci;

--
-- 傾印資料表的資料 `tagall`
--

INSERT INTO `tagall` (`id`, `mid`, `tid`) VALUES
(48, 175, 5),
(49, 176, 7),
(50, 176, 16),
(51, 176, 7),
(55, 178, 5),
(56, 178, 6),
(57, 178, 7),
(58, 179, 6),
(59, 179, 7),
(60, 179, 8),
(61, 180, 6),
(62, 180, 7),
(63, 180, 8),
(64, 180, 9),
(65, 180, 10),
(73, 0, 16),
(74, 183, 5),
(75, 183, 6),
(79, 0, 9),
(80, 0, 10),
(81, 0, 11),
(82, 0, 12),
(83, 0, 11),
(84, 0, 12),
(85, 0, 13),
(86, 0, 16),
(110, 0, 6),
(111, 0, 7),
(112, 0, 8),
(113, 0, 5),
(114, 0, 6),
(115, 0, 7),
(116, 0, 8),
(117, 0, 5),
(118, 0, 6),
(119, 0, 5),
(120, 0, 5),
(124, 0, 6),
(125, 0, 7),
(126, 186, 6),
(127, 186, 7),
(131, 184, 11),
(132, 184, 12),
(133, 184, 13),
(134, 184, 16),
(135, 187, 7),
(136, 187, 8),
(137, 187, 9),
(138, 187, 10),
(139, 187, 11),
(140, 188, 6),
(141, 188, 7),
(142, 188, 8),
(143, 189, 7),
(144, 189, 8),
(145, 189, 9),
(146, 190, 6),
(147, 190, 7),
(148, 191, 6),
(149, 191, 7),
(150, 192, 6),
(151, 192, 7),
(152, 193, 6),
(153, 193, 7),
(154, 194, 6),
(155, 194, 7),
(156, 195, 7),
(157, 195, 8),
(158, 196, 6),
(159, 196, 7),
(160, 197, 6),
(161, 197, 7),
(162, 198, 6),
(163, 198, 7),
(170, 201, 12),
(171, 201, 13),
(172, 201, 16),
(173, 201, 28),
(183, 199, 12),
(184, 199, 13),
(185, 200, 10),
(186, 202, 6),
(187, 202, 7),
(188, 202, 8),
(189, 203, 7),
(190, 203, 9),
(193, 0, 6),
(194, 0, 7),
(195, 0, 8),
(196, 0, 9),
(197, 0, 10),
(198, 0, 11),
(199, 0, 12),
(200, 0, 13),
(201, 0, 16),
(202, 0, 28),
(203, 0, 6),
(204, 0, 6),
(205, 0, 6),
(212, 205, 6),
(213, 205, 28),
(215, 206, 8),
(219, 209, 6),
(220, 209, 7),
(221, 209, 8),
(222, 209, 9),
(223, 209, 10),
(224, 209, 11),
(225, 209, 12),
(226, 209, 13),
(227, 209, 16),
(228, 209, 28),
(229, 210, 7),
(230, 210, 8);

--
-- 已傾印資料表的索引
--

--
-- 資料表索引 `adm`
--
ALTER TABLE `adm`
  ADD PRIMARY KEY (`adm_id`);

--
-- 資料表索引 `bookmark_camp`
--
ALTER TABLE `bookmark_camp`
  ADD PRIMARY KEY (`id`);

--
-- 資料表索引 `bookmark_event`
--
ALTER TABLE `bookmark_event`
  ADD PRIMARY KEY (`id`);

--
-- 資料表索引 `bookmark_product`
--
ALTER TABLE `bookmark_product`
  ADD PRIMARY KEY (`id`);

--
-- 資料表索引 `brand`
--
ALTER TABLE `brand`
  ADD PRIMARY KEY (`brand_id`);

--
-- 資料表索引 `campground`
--
ALTER TABLE `campground`
  ADD PRIMARY KEY (`campGroundID`);

--
-- 資料表索引 `campgroundadditionaloptions`
--
ALTER TABLE `campgroundadditionaloptions`
  ADD PRIMARY KEY (`campgroundAdditionalOptionsID`);

--
-- 資料表索引 `campgroundshoppingcart`
--
ALTER TABLE `campgroundshoppingcart`
  ADD PRIMARY KEY (`cartID`);

--
-- 資料表索引 `campground_img`
--
ALTER TABLE `campground_img`
  ADD PRIMARY KEY (`campGround_imgID`);

--
-- 資料表索引 `campingareafacilities`
--
ALTER TABLE `campingareafacilities`
  ADD PRIMARY KEY (`campingAreaFacilitiesID`);

--
-- 資料表索引 `campingarealist`
--
ALTER TABLE `campingarealist`
  ADD PRIMARY KEY (`campingAreaListID`);

--
-- 資料表索引 `campingarealist_img`
--
ALTER TABLE `campingarealist_img`
  ADD PRIMARY KEY (`campingAreaList_imgID`);

--
-- 資料表索引 `campingareatype`
--
ALTER TABLE `campingareatype`
  ADD PRIMARY KEY (`campingAreaTypeID`);

--
-- 資料表索引 `cart`
--
ALTER TABLE `cart`
  ADD PRIMARY KEY (`cart_id`),
  ADD KEY `user_id` (`user_id`),
  ADD KEY `inventory_id` (`inventory_id`);

--
-- 資料表索引 `category`
--
ALTER TABLE `category`
  ADD PRIMARY KEY (`category_id`);

--
-- 資料表索引 `coupon`
--
ALTER TABLE `coupon`
  ADD PRIMARY KEY (`coupon_no`),
  ADD KEY `user_id` (`user_id`),
  ADD KEY `coupon_id` (`coupon_id`);

--
-- 資料表索引 `coupon_list`
--
ALTER TABLE `coupon_list`
  ADD PRIMARY KEY (`coupon_id`);

--
-- 資料表索引 `imgs`
--
ALTER TABLE `imgs`
  ADD PRIMARY KEY (`img_id`),
  ADD KEY `product_id` (`product_id`);

--
-- 資料表索引 `inventory`
--
ALTER TABLE `inventory`
  ADD PRIMARY KEY (`inventory_id`),
  ADD KEY `product_id` (`product_id`),
  ADD KEY `color_spec` (`color_spec`,`size_spec`,`material_spec`),
  ADD KEY `size_spec` (`size_spec`),
  ADD KEY `material_spec` (`material_spec`);

--
-- 資料表索引 `level`
--
ALTER TABLE `level`
  ADD PRIMARY KEY (`level_id`);

--
-- 資料表索引 `members`
--
ALTER TABLE `members`
  ADD PRIMARY KEY (`user_id`,`user_name`),
  ADD KEY `level_no` (`level_id`);

--
-- 資料表索引 `msgcategory`
--
ALTER TABLE `msgcategory`
  ADD PRIMARY KEY (`id`);

--
-- 資料表索引 `msgimgs`
--
ALTER TABLE `msgimgs`
  ADD PRIMARY KEY (`id`);

--
-- 資料表索引 `msgs`
--
ALTER TABLE `msgs`
  ADD PRIMARY KEY (`id`),
  ADD KEY `userID` (`userID`),
  ADD KEY `category` (`msgcategory`);

--
-- 資料表索引 `orderinformation`
--
ALTER TABLE `orderinformation`
  ADD PRIMARY KEY (`orderInformationID`);

--
-- 資料表索引 `payment`
--
ALTER TABLE `payment`
  ADD PRIMARY KEY (`payment_id`);

--
-- 資料表索引 `product`
--
ALTER TABLE `product`
  ADD PRIMARY KEY (`product_id`),
  ADD KEY `category_id` (`category_id`,`brand_id`),
  ADD KEY `brand_id` (`brand_id`);

--
-- 資料表索引 `productdiscount`
--
ALTER TABLE `productdiscount`
  ADD PRIMARY KEY (`id`),
  ADD KEY `product_id` (`product_id`);

--
-- 資料表索引 `purchase`
--
ALTER TABLE `purchase`
  ADD PRIMARY KEY (`purchase_id`);

--
-- 資料表索引 `purchase_details`
--
ALTER TABLE `purchase_details`
  ADD PRIMARY KEY (`purchase_detail_id`),
  ADD KEY `product_id` (`product_id`),
  ADD KEY `purchase_id` (`purchase_id`);

--
-- 資料表索引 `registration form`
--
ALTER TABLE `registration form`
  ADD PRIMARY KEY (`registration_form_id`);

--
-- 資料表索引 `sessions`
--
ALTER TABLE `sessions`
  ADD PRIMARY KEY (`session_id`);

--
-- 資料表索引 `spec`
--
ALTER TABLE `spec`
  ADD PRIMARY KEY (`spec_id`);

--
-- 資料表索引 `store`
--
ALTER TABLE `store`
  ADD PRIMARY KEY (`store_id`);

--
-- 資料表索引 `tag`
--
ALTER TABLE `tag`
  ADD PRIMARY KEY (`id`),
  ADD KEY `articleID` (`articleID`),
  ADD KEY `tagID` (`tagID`);

--
-- 資料表索引 `tagall`
--
ALTER TABLE `tagall`
  ADD PRIMARY KEY (`id`);

--
-- 在傾印的資料表使用自動遞增(AUTO_INCREMENT)
--

--
-- 使用資料表自動遞增(AUTO_INCREMENT) `adm`
--
ALTER TABLE `adm`
  MODIFY `adm_id` int(11) NOT NULL AUTO_INCREMENT, AUTO_INCREMENT=6;

--
-- 使用資料表自動遞增(AUTO_INCREMENT) `bookmark_camp`
--
ALTER TABLE `bookmark_camp`
  MODIFY `id` int(11) NOT NULL AUTO_INCREMENT, AUTO_INCREMENT=10;

--
-- 使用資料表自動遞增(AUTO_INCREMENT) `bookmark_event`
--
ALTER TABLE `bookmark_event`
  MODIFY `id` int(11) NOT NULL AUTO_INCREMENT, AUTO_INCREMENT=11;

--
-- 使用資料表自動遞增(AUTO_INCREMENT) `bookmark_product`
--
ALTER TABLE `bookmark_product`
  MODIFY `id` int(11) NOT NULL AUTO_INCREMENT, AUTO_INCREMENT=34;

--
-- 使用資料表自動遞增(AUTO_INCREMENT) `brand`
--
ALTER TABLE `brand`
  MODIFY `brand_id` int(11) NOT NULL AUTO_INCREMENT, AUTO_INCREMENT=12;

--
-- 使用資料表自動遞增(AUTO_INCREMENT) `campground`
--
ALTER TABLE `campground`
  MODIFY `campGroundID` int(11) NOT NULL AUTO_INCREMENT, AUTO_INCREMENT=29;

--
-- 使用資料表自動遞增(AUTO_INCREMENT) `campgroundadditionaloptions`
--
ALTER TABLE `campgroundadditionaloptions`
  MODIFY `campgroundAdditionalOptionsID` int(11) NOT NULL AUTO_INCREMENT, AUTO_INCREMENT=39;

--
-- 使用資料表自動遞增(AUTO_INCREMENT) `campgroundshoppingcart`
--
ALTER TABLE `campgroundshoppingcart`
  MODIFY `cartID` int(100) NOT NULL AUTO_INCREMENT, AUTO_INCREMENT=4;

--
-- 使用資料表自動遞增(AUTO_INCREMENT) `campground_img`
--
ALTER TABLE `campground_img`
  MODIFY `campGround_imgID` int(11) NOT NULL AUTO_INCREMENT, AUTO_INCREMENT=46;

--
-- 使用資料表自動遞增(AUTO_INCREMENT) `campingareafacilities`
--
ALTER TABLE `campingareafacilities`
  MODIFY `campingAreaFacilitiesID` int(11) NOT NULL AUTO_INCREMENT, AUTO_INCREMENT=34;

--
-- 使用資料表自動遞增(AUTO_INCREMENT) `campingarealist`
--
ALTER TABLE `campingarealist`
  MODIFY `campingAreaListID` int(11) NOT NULL AUTO_INCREMENT, AUTO_INCREMENT=34;

--
-- 使用資料表自動遞增(AUTO_INCREMENT) `campingarealist_img`
--
ALTER TABLE `campingarealist_img`
  MODIFY `campingAreaList_imgID` int(11) NOT NULL AUTO_INCREMENT, AUTO_INCREMENT=13;

--
-- 使用資料表自動遞增(AUTO_INCREMENT) `campingareatype`
--
ALTER TABLE `campingareatype`
  MODIFY `campingAreaTypeID` int(11) NOT NULL AUTO_INCREMENT, AUTO_INCREMENT=54;

--
-- 使用資料表自動遞增(AUTO_INCREMENT) `cart`
--
ALTER TABLE `cart`
  MODIFY `cart_id` int(11) NOT NULL AUTO_INCREMENT, AUTO_INCREMENT=2;

--
-- 使用資料表自動遞增(AUTO_INCREMENT) `category`
--
ALTER TABLE `category`
  MODIFY `category_id` int(11) NOT NULL AUTO_INCREMENT, AUTO_INCREMENT=20;

--
-- 使用資料表自動遞增(AUTO_INCREMENT) `coupon`
--
ALTER TABLE `coupon`
  MODIFY `coupon_no` int(11) NOT NULL AUTO_INCREMENT, AUTO_INCREMENT=81;

--
-- 使用資料表自動遞增(AUTO_INCREMENT) `coupon_list`
--
ALTER TABLE `coupon_list`
  MODIFY `coupon_id` int(11) NOT NULL AUTO_INCREMENT, AUTO_INCREMENT=13;

--
-- 使用資料表自動遞增(AUTO_INCREMENT) `imgs`
--
ALTER TABLE `imgs`
  MODIFY `img_id` int(11) NOT NULL AUTO_INCREMENT, AUTO_INCREMENT=2;

--
-- 使用資料表自動遞增(AUTO_INCREMENT) `inventory`
--
ALTER TABLE `inventory`
  MODIFY `inventory_id` int(11) NOT NULL AUTO_INCREMENT, AUTO_INCREMENT=12;

--
-- 使用資料表自動遞增(AUTO_INCREMENT) `members`
--
ALTER TABLE `members`
  MODIFY `user_id` int(11) NOT NULL AUTO_INCREMENT, AUTO_INCREMENT=50;

--
-- 使用資料表自動遞增(AUTO_INCREMENT) `msgcategory`
--
ALTER TABLE `msgcategory`
  MODIFY `id` int(3) NOT NULL AUTO_INCREMENT, AUTO_INCREMENT=65;

--
-- 使用資料表自動遞增(AUTO_INCREMENT) `msgimgs`
--
ALTER TABLE `msgimgs`
  MODIFY `id` int(10) NOT NULL AUTO_INCREMENT, AUTO_INCREMENT=24;

--
-- 使用資料表自動遞增(AUTO_INCREMENT) `msgs`
--
ALTER TABLE `msgs`
  MODIFY `id` int(5) NOT NULL AUTO_INCREMENT, AUTO_INCREMENT=211;

--
-- 使用資料表自動遞增(AUTO_INCREMENT) `orderinformation`
--
ALTER TABLE `orderinformation`
  MODIFY `orderInformationID` int(11) NOT NULL AUTO_INCREMENT, AUTO_INCREMENT=52;

--
-- 使用資料表自動遞增(AUTO_INCREMENT) `payment`
--
ALTER TABLE `payment`
  MODIFY `payment_id` int(11) NOT NULL AUTO_INCREMENT, AUTO_INCREMENT=7;

--
-- 使用資料表自動遞增(AUTO_INCREMENT) `product`
--
ALTER TABLE `product`
  MODIFY `product_id` int(11) NOT NULL AUTO_INCREMENT, AUTO_INCREMENT=80;

--
-- 使用資料表自動遞增(AUTO_INCREMENT) `productdiscount`
--
ALTER TABLE `productdiscount`
  MODIFY `id` int(11) NOT NULL AUTO_INCREMENT, AUTO_INCREMENT=3;

--
-- 使用資料表自動遞增(AUTO_INCREMENT) `purchase`
--
ALTER TABLE `purchase`
  MODIFY `purchase_id` int(11) NOT NULL AUTO_INCREMENT, AUTO_INCREMENT=56;

--
-- 使用資料表自動遞增(AUTO_INCREMENT) `purchase_details`
--
ALTER TABLE `purchase_details`
  MODIFY `purchase_detail_id` int(11) NOT NULL AUTO_INCREMENT, AUTO_INCREMENT=40;

--
-- 使用資料表自動遞增(AUTO_INCREMENT) `registration form`
--
ALTER TABLE `registration form`
  MODIFY `registration_form_id` int(100) NOT NULL AUTO_INCREMENT, AUTO_INCREMENT=30;

--
-- 使用資料表自動遞增(AUTO_INCREMENT) `spec`
--
ALTER TABLE `spec`
  MODIFY `spec_id` int(11) NOT NULL AUTO_INCREMENT, AUTO_INCREMENT=20;

--
-- 使用資料表自動遞增(AUTO_INCREMENT) `store`
--
ALTER TABLE `store`
  MODIFY `store_id` int(10) NOT NULL AUTO_INCREMENT, AUTO_INCREMENT=17;

--
-- 使用資料表自動遞增(AUTO_INCREMENT) `tag`
--
ALTER TABLE `tag`
  MODIFY `id` int(11) NOT NULL AUTO_INCREMENT, AUTO_INCREMENT=37;

--
-- 使用資料表自動遞增(AUTO_INCREMENT) `tagall`
--
ALTER TABLE `tagall`
  MODIFY `id` int(11) NOT NULL AUTO_INCREMENT, AUTO_INCREMENT=231;

--
-- 已傾印資料表的限制式
--

--
-- 資料表的限制式 `cart`
--
ALTER TABLE `cart`
  ADD CONSTRAINT `cart_ibfk_1` FOREIGN KEY (`inventory_id`) REFERENCES `inventory` (`inventory_id`) ON UPDATE CASCADE;

--
-- 資料表的限制式 `coupon`
--
ALTER TABLE `coupon`
  ADD CONSTRAINT `coupon_ibfk_1` FOREIGN KEY (`user_id`) REFERENCES `members` (`user_id`) ON DELETE CASCADE ON UPDATE CASCADE,
  ADD CONSTRAINT `coupon_ibfk_2` FOREIGN KEY (`coupon_id`) REFERENCES `coupon_list` (`coupon_id`) ON DELETE CASCADE ON UPDATE CASCADE;

--
-- 資料表的限制式 `inventory`
--
ALTER TABLE `inventory`
  ADD CONSTRAINT `inventory_ibfk_1` FOREIGN KEY (`product_id`) REFERENCES `product` (`product_id`) ON UPDATE CASCADE,
  ADD CONSTRAINT `inventory_ibfk_2` FOREIGN KEY (`color_spec`) REFERENCES `spec` (`spec_id`) ON UPDATE CASCADE,
  ADD CONSTRAINT `inventory_ibfk_3` FOREIGN KEY (`size_spec`) REFERENCES `spec` (`spec_id`) ON UPDATE CASCADE,
  ADD CONSTRAINT `inventory_ibfk_4` FOREIGN KEY (`material_spec`) REFERENCES `spec` (`spec_id`) ON UPDATE CASCADE;

--
-- 資料表的限制式 `members`
--
ALTER TABLE `members`
  ADD CONSTRAINT `level_no` FOREIGN KEY (`level_id`) REFERENCES `level` (`level_id`);

--
-- 資料表的限制式 `product`
--
ALTER TABLE `product`
  ADD CONSTRAINT `product_ibfk_5` FOREIGN KEY (`brand_id`) REFERENCES `brand` (`brand_id`) ON UPDATE CASCADE,
  ADD CONSTRAINT `product_ibfk_6` FOREIGN KEY (`category_id`) REFERENCES `category` (`category_id`) ON UPDATE CASCADE;

--
-- 資料表的限制式 `productdiscount`
--
ALTER TABLE `productdiscount`
  ADD CONSTRAINT `productdiscount_ibfk_1` FOREIGN KEY (`product_id`) REFERENCES `product` (`product_id`) ON UPDATE CASCADE;
COMMIT;

/*!40101 SET CHARACTER_SET_CLIENT=@OLD_CHARACTER_SET_CLIENT */;
/*!40101 SET CHARACTER_SET_RESULTS=@OLD_CHARACTER_SET_RESULTS */;
/*!40101 SET COLLATION_CONNECTION=@OLD_COLLATION_CONNECTION */;
