-- phpMyAdmin SQL Dump
-- version 5.2.1
-- https://www.phpmyadmin.net/
--
-- 主機： 127.0.0.1
-- 產生時間： 2023-10-21 21:55:19
-- 伺服器版本： 10.4.28-MariaDB
-- PHP 版本： 8.2.4

SET SQL_MODE = "NO_AUTO_VALUE_ON_ZERO";
START TRANSACTION;
SET time_zone = "+00:00";


/*!40101 SET @OLD_CHARACTER_SET_CLIENT=@@CHARACTER_SET_CLIENT */;
/*!40101 SET @OLD_CHARACTER_SET_RESULTS=@@CHARACTER_SET_RESULTS */;
/*!40101 SET @OLD_COLLATION_CONNECTION=@@COLLATION_CONNECTION */;
/*!40101 SET NAMES utf8mb4 */;

--
-- 資料庫： `group2`
--

-- --------------------------------------------------------

--
-- 資料表結構 `bookmark_article`
--

CREATE TABLE `bookmark_article` (
  `b_id` int(11) NOT NULL,
  `msg_id` int(11) NOT NULL,
  `user_id` int(11) NOT NULL
) ENGINE=InnoDB DEFAULT CHARSET=utf8mb4 COLLATE=utf8mb4_general_ci;

--
-- 傾印資料表的資料 `bookmark_article`
--

INSERT INTO `bookmark_article` (`b_id`, `msg_id`, `user_id`) VALUES
(1, 121, 4),
(2, 124, 4),
(3, 127, 4),
(4, 128, 4);

-- --------------------------------------------------------

--
-- 資料表結構 `bookmark_camp`
--

CREATE TABLE `bookmark_camp` (
  `id` int(11) NOT NULL,
  `user_id` int(11) NOT NULL,
  `campGroundID` int(11) NOT NULL
) ENGINE=InnoDB DEFAULT CHARSET=utf8mb4 COLLATE=utf8mb4_general_ci;

--
-- 傾印資料表的資料 `bookmark_camp`
--

INSERT INTO `bookmark_camp` (`id`, `user_id`, `campGroundID`) VALUES
(1, 4, 1),
(3, 5, 1),
(4, 5, 2),
(5, 62, 1),
(6, 62, 2),
(7, 50, 1),
(8, 50, 2),
(9, 4, 2);

-- --------------------------------------------------------

--
-- 資料表結構 `bookmark_event`
--

CREATE TABLE `bookmark_event` (
  `id` int(11) NOT NULL,
  `user_id` int(11) NOT NULL,
  `events_id` int(11) NOT NULL
) ENGINE=InnoDB DEFAULT CHARSET=utf8mb4 COLLATE=utf8mb4_general_ci;

--
-- 傾印資料表的資料 `bookmark_event`
--

INSERT INTO `bookmark_event` (`id`, `user_id`, `events_id`) VALUES
(1, 4, 1),
(2, 4, 3),
(3, 4, 4),
(4, 4, 15),
(5, 4, 18),
(6, 4, 21),
(7, 4, 20),
(8, 4, 25),
(9, 4, 10);

-- --------------------------------------------------------

--
-- 資料表結構 `bookmark_product`
--

CREATE TABLE `bookmark_product` (
  `id` int(11) NOT NULL,
  `user_id` int(11) NOT NULL,
  `product_id` int(11) NOT NULL
) ENGINE=InnoDB DEFAULT CHARSET=utf8mb4 COLLATE=utf8mb4_general_ci;

--
-- 傾印資料表的資料 `bookmark_product`
--

INSERT INTO `bookmark_product` (`id`, `user_id`, `product_id`) VALUES
(1, 4, 39),
(2, 4, 40),
(13, 4, 41),
(16, 4, 42);

-- --------------------------------------------------------

--
-- 資料表結構 `brand`
--

CREATE TABLE `brand` (
  `brand_id` int(11) NOT NULL,
  `brand_name` varchar(128) NOT NULL
) ENGINE=InnoDB DEFAULT CHARSET=utf8mb4 COLLATE=utf8mb4_general_ci;

--
-- 傾印資料表的資料 `brand`
--

INSERT INTO `brand` (`brand_id`, `brand_name`) VALUES
(1, 'Coleman'),
(2, 'Snow Peak'),
(3, 'Heron'),
(4, 'Gustav'),
(5, 'The North Face'),
(6, 'Norm'),
(7, 'Rapide'),
(8, 'Polar'),
(9, 'Arcteryx'),
(10, 'Kraken'),
(11, 'ZIZ');

-- --------------------------------------------------------

--
-- 資料表結構 `campcart`
--

CREATE TABLE `campcart` (
  `campCartID` int(11) NOT NULL,
  `orderTime` timestamp NOT NULL DEFAULT current_timestamp(),
  `orderID` varchar(9999) NOT NULL,
  `user_id` int(11) NOT NULL,
  `Year` varchar(255) NOT NULL,
  `Month` varchar(255) NOT NULL,
  `Day` varchar(255) NOT NULL,
  `CampgroundName` varchar(255) NOT NULL,
  `campName` varchar(255) NOT NULL,
  `campPrice` varchar(255) NOT NULL,
  `tentsPeople` varchar(255) NOT NULL,
  `tentsPrice` varchar(255) NOT NULL,
  `total` varchar(255) NOT NULL,
  `optionNameArr` varchar(255) DEFAULT NULL,
  `optionNumArr` varchar(255) DEFAULT NULL,
  `optionPriceArr` varchar(255) DEFAULT NULL,
  `Payment` int(1) NOT NULL DEFAULT 0,
  `PaymentTime` varchar(255) DEFAULT NULL
) ENGINE=InnoDB DEFAULT CHARSET=utf8mb4 COLLATE=utf8mb4_general_ci;

--
-- 傾印資料表的資料 `campcart`
--

INSERT INTO `campcart` (`campCartID`, `orderTime`, `orderID`, `user_id`, `Year`, `Month`, `Day`, `CampgroundName`, `campName`, `campPrice`, `tentsPeople`, `tentsPrice`, `total`, `optionNameArr`, `optionNumArr`, `optionPriceArr`, `Payment`, `PaymentTime`) VALUES
(202, '2023-10-19 09:49:10', '1697710111', 4, '2023', '10', '21', '森林之谷', '雲深谷', '3676', '2', '0', '0', 'N', 'N', 'N', 1, '2023-10-19'),
(204, '2023-10-19 10:38:44', '1697711935', 4, '2023', '10', '21', '山谷秘境', '麥田谷', '3791', '8', '3000', '5115', '香烤牡蠣', '1', '2881', 1, '2023-10-19'),
(205, '2023-10-19 10:38:44', '1697711935', 4, '2023', '10', '21', '山谷秘境', '麥田谷', '3791', '8', '3000', '5115', '高級紅酒品鑑', '1', '2234', 1, '2023-10-19'),
(206, '2023-10-19 14:54:21', '1697727300', 4, '2023', '10', '21', '星空露營場', '森居樂', '3515', '8', '3000', '4119', '夏日雞尾酒', '1', '2162', 1, '2023-10-19'),
(207, '2023-10-19 14:54:21', '1697727300', 4, '2023', '10', '21', '星空露營場', '森居樂', '3515', '8', '3000', '4119', '水果雞尾酒', '1', '1957', 1, '2023-10-19'),
(208, '2023-10-19 14:57:57', '1697727487', 4, '2023', '10', '28', '森林之谷', '雲深谷', '3676', '4', '1000', '0', 'N', 'N', 'N', 1, '2023-10-19');

-- --------------------------------------------------------

--
-- 資料表結構 `campground`
--

CREATE TABLE `campground` (
  `campGroundID` int(11) NOT NULL,
  `EWSN` longtext DEFAULT NULL,
  `city` varchar(255) DEFAULT NULL,
  `site` varchar(255) DEFAULT NULL,
  `campgroundName` varchar(1000) DEFAULT NULL,
  `campgroundDescription` varchar(1000) DEFAULT NULL,
  `campgroundAddress` varchar(1000) NOT NULL,
  `elevation` varchar(1000) DEFAULT NULL,
  `IMG` longtext DEFAULT NULL,
  `isValid` int(1) NOT NULL DEFAULT 1
) ENGINE=InnoDB DEFAULT CHARSET=utf8mb4 COLLATE=utf8mb4_general_ci;

--
-- 傾印資料表的資料 `campground`
--

INSERT INTO `campground` (`campGroundID`, `EWSN`, `city`, `site`, `campgroundName`, `campgroundDescription`, `campgroundAddress`, `elevation`, `IMG`, `isValid`) VALUES
(1, '北台灣', '新竹縣', '橫山鄉', '森林之谷', '坐落於茂密的森林中，遠離塵囂，是大自然的天然避風港。', '新竹縣橫山鄉頭份林1-8號', '1738', 'p7', 1),
(2, '北台灣', '臺北市', '五峰鄉', '湖畔風情', '湖邊景色宜人，清晨湖光山色，夜晚星光點點，是愜意的度假勝地。', '新竹縣五峰鄉桃山村20鄰民石353之5號', '1626', 'p13', 1),
(3, '北台灣', '新竹縣', '五峰鄉', '山谷秘境', '位於峽谷深處，四周峰疊嵐疊，環境清幽適合放鬆身心。', '新竹縣五峰鄉花園村9鄰1444號', '915', 'p45', 1),
(4, '北台灣', '桃園市', '復興區', '星空露營場', '擁有最佳觀星位置，夜晚滿天星斗，讓您感受星空之美。', '新竹縣五峰鄉花園村9鄰300號', '700', 'p33', 1),
(5, '北台灣', '桃園市', '復興區', '沙灘樂園', '坐落於金色沙灘旁，享受沙灘度假樂趣，讓您玩得開心。', '桃園市復興區華陵里8鄰40號', '1756', 'p30', 1),
(6, '北台灣', '新竹縣', '關西鎮', '湖光山色', '環湖繞山，湖光山色交相輝映，是拍照打卡的好地方。', '新竹縣關西鎮10鄰106號', '1677', 'p50', 1),
(7, '北台灣', '新竹縣', '五峰鄉', '逍遙谷', '大片草原和山谷交錯，空氣清新，是親近自然的好去處。', '新竹縣五峰鄉', '1118', 'p12', 1),
(8, '北台灣', '新竹縣', '尖石鄉', '藍天白雲', '寬闊的天空，清澈的湖水，是悠閒度假的理想地點。', '新竹縣尖石鄉錦屏村2鄰比麟96號', '1559', 'p10', 1),
(9, '北台灣', '新竹縣', '五峰鄉', '花湖美地', '綠意盎然的森林中，清涼怡人，是避暑的好選擇。', '新竹縣五峰鄉花園村9鄰196號', '940', 'p12', 1),
(10, '北台灣', '桃園市', '復興區', '鑫園馬告', '遠離塵囂的山野間，親近自然，感受山林風情。', '桃園市復興區羅馬路六段36號', '1026', 'p28', 1),
(11, '北台灣', '桃園市', '復興區', '山野風情', '遠離塵囂的山野間，親近自然，感受山林風情。', '桃園市復興區奎輝里5鄰12號', '1808', 'p3', 1),
(12, '北台灣', '新竹縣', '五峰鄉', '湖光山色營地', '湖光山色，風景優美，是放鬆心情的好去處。', '新竹縣五峰鄉白蘭18鄰302之6', '961', 'p32', 1),
(13, '北台灣', '桃園市', '復興區', '星空露台營區', '坐擁絕佳觀星位置，讓您感受星空的奇妙。', '桃園市復興區奎輝里二鄰下奎輝3-1號', '1883', 'p49', 1),
(14, '北台灣', '新竹縣', '五峰鄉', '溪畔營地', '緊鄰溪流，悠然自得，與自然共處的愜意時光。', '新竹縣五峰鄉桃山村18鄰312號', '1529', 'p1', 1),
(15, '北台灣', '新竹縣', '峨眉鄉', '海濱營區', '海灘沙灘，玩水、戲沙，讓您盡情享受海灘樂趣。', '新竹縣峨眉鄉七星村六寮80號', '1498', 'p5', 1),
(16, '北台灣', '新竹縣', '五峰鄉', '山谷湖光', '湖光山色相映襯，山谷湖光，讓您陶醉其中。', '新竹縣五峰鄉桃山村白蘭311之19臨', '901', 'p21', 1),
(17, '北台灣', '新竹縣', '五峰鄉', '馬丘比丘', '擁有壯麗的古遺址和美麗的自然風光，絕佳露營勝地。', '新竹縣五峰鄉天湖部落竹62縣8.3K', '1013', 'p39', 1),
(18, '北台灣', '新竹縣', '五峰鄉', '原野風光', '廣袤的原野景色，遠離塵囂，讓您回歸自然。', '新竹縣五峰鄉花園村10鄰天湖218-11號', '1864', 'p30', 1),
(19, '北台灣', '新竹縣', '五峰鄉', '湖畔星空', '湖邊環湖地形，觀星視野極佳，夜晚星光璀璨。', '新竹縣五峰鄉桃山村18鄰311號之7', '1279', 'p36', 1),
(20, '北台灣', '桃園市', '復興區', '高山營地', '位於高山山區，山巒疊翠，氣候清涼宜人。', '桃園市復興區武道能敢道路地號224', '1801', 'p39', 1),
(21, '北台灣', '新竹縣', '北埔鄉', '瀑布側營地', '鄰近瀑布，聽瀑布洶湧的水聲，讓人心神愜意。', '新竹縣北埔鄉大湖村下大湖12鄰22-30號', '1670', 'p35', 1),
(22, '北台灣', '桃園市', '復興區', '山豬王露營區', '山豬王露營區位於壯觀的山區，提供寧靜的大自然環境，適合露營和探索。', '桃園市復興區7鄰1之12號', '945', 'p10', 1),
(23, '北台灣', '新竹縣', '五峰鄉', '雲端營地', '位於山頂，彷彿身處雲端，雲海美景，讓人心馳神往。', '新竹縣五峰鄉花園村竹62鄉道9.7公里處', '715', 'p43', 1),
(24, '北台灣', '新竹縣', '尖石鄉', '風景優美', '四周風景優美，空氣新鮮，是散步、健行的好地方。', '新竹縣尖石鄉新樂村上水田', '1743', 'p36', 1),
(25, '北台灣', '新竹縣', '尖石鄉', '藍海營地', '臨海而建，海風拂面，享受海邊營地的無限樂趣。', '新竹縣尖石鄉', '1568', 'p48', 1),
(26, '北台灣', '桃園市', '復興區', '尹宿納', '沐浴在滿天星光下，享受大自然的寧靜，是放鬆心靈的絕佳選擇。', '桃園市復興區', '608', 'p30', 1),
(27, '北台灣', '新竹縣', '五峰鄉', '樹間小徑', '穿梭在林間小徑，享受森林浴的舒適體驗。', '新竹縣五峰鄉205-6號', '840', 'p9', 1),
(28, '北台灣', '新竹縣', '五峰鄉', '星空湖光', '擁有極佳觀星視野，是星空愛好者的最愛。', '新竹縣五峰鄉桃山村白蘭部落311-3', '1876', 'p5', 1),
(29, '北台灣', '新竹縣', '關西鎮', '435挑水少年家', '在這個地區，您可以沐浴在滿天星光下，享受大自然的寧靜，是放鬆心靈的絕佳選擇。', '新竹縣關西鎮錦山里16鄰182號', '1856', 'p45', 1),
(30, '北台灣', '新竹縣', '尖石鄉', '豪祥露營區\r\n', '豪祥露營區位於山區，提供一個舒適的露營體驗，讓您在大自然中度過愉快的時光。', '新竹縣尖石鄉錦屏村7鄰那羅25之1號', '1653', 'p10', 1),
(31, '北台灣', '新竹縣', '關西鎮', '微居解秘', '微居解秘營地位於山區，為您帶來大自然的寧靜和神秘之感，是放鬆心靈的絕佳選擇。', '新竹縣關西鎮六曲窩188-8號', '697', 'p17', 1),
(32, '北台灣', '桃園市', '復興區', '歐陽莊園', '歐陽莊園營地提供山區的寧靜環境，讓您能夠沉浸在大自然中，享受放鬆和探險的樂趣。', '桃園市復興區高義蘭道路65之7號', '1027', 'p1', 1),
(33, '北台灣', '新竹縣', '五峰鄉', '愛上比來', '位於山上的部落，提供了一個遠離城市喧囂的寧靜環境，讓人們可以享受大自然的美景和平靜。', '新竹縣五峰鄉上比來部落', '1044', 'p5', 1),
(34, '北台灣', '新竹縣', '北埔鄉', '星月北埔', '是一個美麗的山區地區，以其寧靜的環境和自然風光而聞名。', '新竹縣北埔鄉大林街62號', '1641', 'p21', 1),
(35, '北台灣', '桃園市', '復興區', '松野農園露營區', '自然景色，露營、烤肉，家庭和朋友共度愉快時光。', '桃園市復興區高義里7鄰色霧鬧10-16號', '1573', 'p41', 1),
(36, '北台灣', '新竹縣', '五峰鄉', '馬雅竹軒', '山區度假，寧靜氛圍，適合放鬆和自然愛好者。', '新竹縣五峰鄉305號', '938', 'p42', 1),
(37, '北台灣', '桃園市', '復興區', '樂悠露營', '自然休憩，戶外樂趣，享受大自然美景的好地方。', '桃園市復興區奎輝里二鄰下奎輝3-1號', '973', 'p36', 1),
(38, '北台灣', '新竹縣', '五峰鄉', '巴斯瓜藍露營區', '大自然寧靜，營地樂趣，體驗戶外生活的好選擇。', '新竹縣五峰鄉桃山村18鄰312號', '1552', 'p2', 1),
(39, '北台灣', '新竹縣', '峨眉鄉', '蔚嵐青青', '自然環境，寧靜度假，遠離城市喧囂的好去處。', '新竹縣峨眉鄉七星村六寮80號', '1337', 'p1', 1),
(40, '北台灣', '新竹縣', '五峰鄉', '飛仙居露營區', '大自然擁抱，露營樂趣，享受山區美景的好地方。', '新竹縣五峰鄉桃山村白蘭311之19臨', '1533', 'p50', 1),
(41, '中台灣', '苗栗縣', '卓蘭鎮', '流壁下露營區', '流壁下露營區，幽靜山區，涓流伴隨，遠離喧囂，體驗大自然，享受寧靜的露營環境。', '苗栗縣卓蘭鎮坪林里113之9號', '1653', 'p47', 1),
(42, '中台灣', '南投縣', '國姓鄉', '雲享清峰', '雲享清峰：山區度假，遠離城市，探索大自然美景，度過愉快的露營時光。', '南投縣國姓鄉墘溝村中西巷111-13', '1664', 'p35', 1),
(43, '中台灣', '苗栗縣', '泰安鄉', '象鼻休閒露營區', '象鼻休閒露營區：山區寧靜，度過輕鬆和愉快的自然體驗。', '苗栗縣泰安鄉象鼻村1鄰9-3號', '1360', 'p32', 1),
(44, '中台灣', '苗栗縣', '泰安鄉', '象之旅露營區', '象之旅露營區：或許提供與大自然的親密互動，讓您探索自然美景並度過輕鬆的時光。', '苗栗縣泰安鄉象鼻1鄰34號', '1309', 'p4', 1),
(45, '中台灣', '南投縣', '國姓鄉', '騰雲農莊', '騰雲農莊：山區農莊，適合度假，享受自然和農村風光的好選擇。', '南投縣國姓鄉南港村', '1964', 'p26', 1),
(46, '中台灣', '苗栗縣', '南庄鄉', '金達鹿休閒露營區', '金達鹿休閒露營區：山區寧靜，適合放鬆和享受自然美景的好地方。', '苗栗縣南庄鄉鹿場聯絡道路', '893', 'p15', 1),
(47, '中台灣', '南投縣', '竹山鎮', '堂了個菓', '當大自然的鬼斧神工雕刻出壯麗山川，人們來此休閒，享受和大自然親近的時光，感受心靈的寧靜。', '南投縣竹山鎮廍坑巷53之100號', '1074', 'p47', 1),
(48, '中台灣', '臺中市', '和平區', '打獵季節', '打獵季節露營區：或許位於野外，提供狩獵和自然探險的絕佳機會，讓您感受大自然的精彩。', '臺中市和平區東關路三段3之9號', '692', 'p41', 1),
(49, '中台灣', '南投縣', '仁愛鄉', '溪寶梅園', '溪寶梅園：擁有美麗的溪流和茂盛的梅樹，適合享受寧靜的自然環境和漫遊梅園的好地方。', '南投縣仁愛鄉明月巷95-1號', '1237', 'p13', 1),
(50, '中台灣', '臺中市', '和平區', '松鶴唐麻丹', '松鶴唐麻丹：山區寧靜，適合休閒，欣賞大自然美景，度過愉快的露營時光。', '臺中市和平區博愛里東關路一段松鶴三巷', '608', 'p41', 1),
(51, '中台灣', '苗栗縣', '泰安鄉', '樂沐絲司馬縱谷露營區', '樂沐絲司馬縱谷露營區：位於山谷，提供寧靜的自然環境，讓您享受大自然的樂趣。', '苗栗縣泰安鄉中興村司馬限4鄰之2號(司馬限林道0.5公里處)', '1834', 'p15', 1),
(52, '中台灣', '南投縣', '仁愛鄉', '夢谷伊優達雅露營區', '夢谷伊優達雅露營區：或許位於夢幻谷地，提供令人難以忘懷的露營體驗。', '南投縣仁愛鄉松原巷', '840', 'p2', 1),
(53, '中台灣', '苗栗縣', '泰安鄉', '遊牧民族露營區', '遊牧民族露營區：或許是一個融合傳統文化的露營場所，提供文化體驗和自然美景。', '苗栗縣泰安鄉大興村５鄰47之6號', '1201', 'p14', 1),
(54, '中台灣', '苗栗縣', '三義鄉', '龍騰讚露營趣', '龍騰讚露營趣：山區樂趣，遠離城市，享受大自然和娛樂的好去處。', '苗栗縣三義鄉外庄20號之三', '1486', 'p12', 1),
(55, '中台灣', '苗栗縣', '南庄鄉', '蘿菈松靜露營區', '蘿菈松靜露營區：山區寧靜，蘿菈與松樹伴隨，適合沉浸在自然中的好地方。', '苗栗縣南庄鄉東河村21鄰石壁22號', '1827', 'p21', 1),
(56, '中台灣', '苗栗縣', '南庄鄉', '司馬限多乃文化露營區', '司馬限多乃文化露營區：可能是一個結合文化體驗和自然景觀的營地，提供獨特的露營體驗。', '苗栗縣泰安鄉中興村4鄰司馬限4-2號', '1173', 'p15', 1),
(57, '中台灣', '南投縣', '國姓鄉', '九份二山連興露營區', '九份二山連興露營區：或許位於九份的山區，提供優美的山景和連接大自然的露營樂趣。', '南投縣國姓鄉鳳鳴巷18之2號', '1387', 'p14', 1),
(58, '中台灣', '苗栗縣', '西湖鄉', '西湖祕密花園露營區', '西湖祕密花園露營區：或許位於西湖附近，提供一個隱秘的花園環境，適合享受自然和寧靜的露營時光。', '苗栗縣西湖鄉金獅村茶亭6-1號', '1415', 'p22', 1),
(59, '中台灣', '苗栗縣', '南庄鄉', '巴卡的天空', '巴卡的天空：擁有開闊的視野，讓人能欣賞星空和自然美景，是觀星和放鬆的好地方。', '苗栗縣南庄鄉蓬萊村14大湳30-16號', '915', 'p20', 1),
(60, '中台灣', '苗栗縣', '泰安鄉', '豐之優露營區', '豐之優露營區：可能提供優美的自然景觀，適合度過寧靜的露營時光。', '苗栗縣泰安鄉清安村12鄰109之12號', '1330', 'p33', 1),
(61, '南台灣', '高雄市', '大樹區', '小樹點露營區', '小樹點露營區：提供了一個小而精緻的露營場所，適合放鬆和享受大自然的美好。', '苗栗縣泰安鄉中興村4鄰司馬限4-2號', '1906', 'p6', 1),
(62, '南台灣', '嘉義縣', '阿里山鄉', '阿里山 迷糊露營區', '阿里山 迷糊露營區：位於阿里山，可能提供神秘和獨特的露營體驗，讓您探索這個美麗的地區。', '嘉義縣阿里山鄉樂野村2鄰樂野68號', '535', 'p30', 1),
(63, '南台灣', '高雄市', '美濃區', '稻美濃生態農場', '稻美濃生態農場：提供農場體驗和自然生態，適合親近大自然和探索農村生活。', '高雄市美濃區獅山里龜山街6號', '960', 'p32', 1),
(64, '南台灣', '嘉義縣', '中埔鄉', '五十馬農場露營區', '五十馬農場露營區：可能是一個農場環境，提供農村體驗和露營樂趣，遠離城市喧囂。', '嘉義縣中埔鄉7號-2號', '1197', 'p20', 1),
(65, '南台灣', '高雄市', '桃源區', '愛莉絲森林露營區', '愛莉絲森林露營區：位於森林中，為您提供沐浴在自然美景中的寧靜和休閒體驗。', '高雄市桃源區寶山巷98之18號', '1104', 'p3', 1),
(66, '南台灣', '嘉義縣', '阿里山鄉', '汪爸露營區', '汪爸露營區：可能是寵物友好的營地，適合與毛小孩一同享受自然和露營的樂趣。', '嘉義縣阿里山鄉樂野村', '1428', 'p6', 1),
(67, '南台灣', '高雄市', '桃源區', '大學林露營區', '大學林露營區：位於森林中，為您提供沐浴在自然美景中的寧靜和休閒體驗。', '高雄市桃源區寶山巷98之18號', '1830', 'p17', 1),
(68, '南台灣', '嘉義縣', '番路鄉', '三寶山露營區', '三寶山露營區：或許位於山區，提供壯麗的山景，是放鬆和探險的好地方。', '嘉義縣番路鄉大湖村紅筆仔壽2之8號', '1362', 'p19', 1),
(69, '南台灣', '嘉義縣', '番路鄉', '半天岩10號露營區', '半天岩10號露營區：或許位於山區，提供壯麗的山景，是放鬆和探險的好地方。', '嘉義縣番路鄉民和村半天岩10號', '820', 'p43', 1),
(70, '南台灣', '高雄市', '六龜區', '快樂熊露營區', '快樂熊露營區：可能是一個提供愉快露營體驗的地方，適合家庭、朋友和自然愛好者享受大自然和休閒的好去處。', '高雄市六龜區裕濃路1之7號', '1017', 'p9', 1),
(71, '南台灣', '屏東縣', '里港鄉', '靜岡生態農園', '靜岡生態農園：提供農場和自然體驗，適合親近大自然和品味農村生活的好地方。', '屏東縣里港鄉北安路1-45號', '623', 'p16', 1),
(72, '南台灣', '高雄市', '大樹區', '大樂露營區', '大樂露營區：可能是一個樂趣滿溢的露營場所，適合家庭、朋友和自然愛好者享受休閒和戶外活動。', '高雄市大樹區統嶺路62-19號', '1068', 'p50', 1),
(73, '南台灣', '高雄市', '桃源區', '晨月緣露營區', '晨月緣露營區：可能提供清晨和夜晚的美景，讓遊客能夠在大自然中度過寧靜的露營體驗。', '高雄市桃源區寶山巷98-8號', '1468', 'p1', 1),
(74, '東台灣', '宜蘭縣', '南澳鄉', '金岳秘境露營區', '金岳秘境露營區：這個露營區可能位於金岳山區，提供隱秘而美麗的自然環境，適合探險和放鬆。', '宜蘭縣南澳鄉金岳村鹿皮路5-3號', '634', 'p4', 1),
(75, '東台灣', '花蓮縣', '秀林鄉', '佐倉高地露營區', '佐倉高地露營區：或許是位於高地地區，提供清新的山區空氣，讓您在大自然中度過寧靜的露營時光。', '花蓮縣秀林鄉水源村', '1270', 'p17', 1),
(76, '東台灣', '花蓮縣', '豐濱鄉', '眺浪營地露營區', '眺浪營地露營區：或許提供遠足、海灘活動和美景觀賞的樂趣，適合度過愉快的海濱露營時光。', '花蓮縣豐濱鄉港口村石梯坪33號', '946', 'p22', 1),
(77, '東台灣', '宜蘭縣', '礁溪鄉', '無憂花露營區', '無憂花露營區：可能是一個提供輕鬆和無憂體驗的露營場所，適合放鬆身心，享受自然和花園環境的好選擇。', '宜蘭縣礁溪鄉白石腳路157巷88號(近跑馬古道)', '1921', 'p10', 1),
(78, '東台灣', '宜蘭縣', '大同鄉', '葛霸露營區', '葛霸露營區：可能是一個結合大自然和休閒的場所，適合享受露營和自然的樂趣。', '宜蘭縣大同鄉崙埤村8鄰林家50之6號', '1764', 'p32', 1),
(79, '東台灣', '宜蘭縣', '礁溪鄉', '鄉露露營區', '鄉露露營區：可能是一個位於鄉村地區的露營場所，提供樸實和自然的體驗，遠離城市的喧囂。', '宜蘭縣礁溪鄉白石腳路157巷5號', '1057', 'p30', 1),
(80, '東台灣', '宜蘭縣', '冬山鄉', '又想露營趣露營區', '又想露營趣露營區：這個名稱似乎表明這個露營區專注於提供愉快和有趣的露營體驗，適合家庭、朋友和自然愛好者度過愉快的時光。', '宜蘭縣冬山鄉照安一路360-1號', '994', 'p6', 1),
(81, '東台灣', '宜蘭縣', '冬山鄉', '希望之丘露營區', '希望之丘露營區：可能是一個提供寧靜環境和美景的露營場所，讓您欣賞大自然的美麗和度過寧靜時光。', '宜蘭縣冬山鄉小埤五路331號', '1298', 'p36', 1),
(82, '東台灣', '花蓮縣', '光復鄉', '納格林野營', '納格林野營：這個名稱可能指的是一個野外露營地點，提供自然、探險和休閒的機會，讓遊客能夠探索和享受戶外的樂趣。', '花蓮縣光復鄉157之1號', '1509', 'p12', 1),
(83, '東台灣', '宜蘭縣', '員山鄉', '粗坑露營區', '粗坑露營區：可能位於粗坑地區，提供大自然環境和露營體驗，適合度過休閒和探險時光。', '宜蘭縣員山鄉粗坑路151號', '1649', 'p50', 1),
(84, '東台灣', '宜蘭縣', '頭城鎮', '山海匯靜思露營區', '山海匯靜思露營區：這個名稱可能代表一個結合山、海、寧靜思考和大自然的露營場所，適合度過寧靜且充滿思考的露營體驗。', '宜蘭縣頭城鎮福德坑路5-1號', '1718', 'p17', 1),
(85, '東台灣', '宜蘭縣', '冬山鄉', '舊寮之心露營區', '舊寮之心露營區：或許是一個提供古樸和充滿心意的露營場所，讓遊客能夠感受到溫暖和自然環境的營地。', '宜蘭縣冬山鄉中山村舊寮路131巷37號', '1644', 'p33', 1),
(86, '東台灣', '宜蘭縣', '礁溪鄉', '橘子園露營區', '橘子園露營區：這個名稱可能指的是一個位於橘子園的露營場所，提供清新的水果氛圍，適合享受自然和水果園環境的露營體驗。', '宜蘭縣礁溪鄉白石腳路135-1號', '1063', 'p12', 1),
(87, '東台灣', '宜蘭縣', '大同鄉', '飛亞蘭露營區', '飛亞蘭露營區：這個名稱可能是一個美麗的露營場所，提供令人驚嘆的自然景觀和寧靜的露營體驗。', '宜蘭縣大同鄉茂安村泰雅路五段', '1387', 'p13', 1),
(88, '東台灣', '宜蘭縣', '頭城鎮', '鵲子山露營區', '鵲子山露營區：可能是一個位於鵲子山地區的露營場所，提供壯麗的山景和自然體驗，適合探險和放鬆。', '宜蘭縣頭城鎮北宜路二段71號巷60號', '1743', 'p25', 1),
(89, '東台灣', '臺東縣', '長濱鄉', '巴歌浪藝術園區', '巴歌浪藝術園區：這個名稱可能指的是一個藝術園區，提供藝術和自然結合的獨特露營體驗，讓遊客能夠沉浸在藝術和文化氛圍中。', '臺東縣長濱鄉樟原村大峰峰15號', '1053', 'p39', 1),
(90, '東台灣', '宜蘭縣', '大同鄉', '5859露營區', '5859露營區：這個名稱似乎是一個特殊的露營場所，具體特色和設施可能需要查詢當地旅遊資訊以瞭解更多細節。', '宜蘭縣大同鄉古魯巷1-1號', '1038', 'p17', 1),
(91, '東台灣', '宜蘭縣', '大同鄉', 'Uwah露營區', 'Uwah露營區：這個名稱可能代表一個獨特的露營場所，具體細節和特點可能需要查詢當地資訊或官方網站以瞭解更多。', '宜蘭縣大同鄉寒溪村華興巷42-18號', '1532', 'p20', 1),
(92, '東台灣', '花蓮縣', '秀林鄉', '巴罕營家露營區', '巴罕營家露營區：可能是一個提供家庭式露營體驗的場所，適合家庭和朋友一同度過休閒的時光。', '花蓮縣秀林鄉崇德村70-36號', '1043', 'p45', 1),
(93, '東台灣', '宜蘭縣', '三星鄉', '山谷星空露營區', '山谷星空露營區：這個名稱可能指的是一個位於山谷地區，提供清晰星空觀測的露營場所，適合觀星愛好者和自然探險者享受大自然的美景。', '宜蘭縣三星鄉泰雅一路301巷71號', '1622', 'p18', 1);

-- --------------------------------------------------------

--
-- 資料表結構 `campgroundadditionaloptions`
--

CREATE TABLE `campgroundadditionaloptions` (
  `campgroundAdditionalOptionsID` int(11) NOT NULL,
  `campingAreaTypeID` varchar(255) DEFAULT NULL,
  `optionName` varchar(1000) NOT NULL,
  `optionPrice` decimal(10,0) DEFAULT NULL,
  `isValid` int(1) NOT NULL DEFAULT 1
) ENGINE=InnoDB DEFAULT CHARSET=utf8mb4 COLLATE=utf8mb4_general_ci;

--
-- 傾印資料表的資料 `campgroundadditionaloptions`
--

INSERT INTO `campgroundadditionaloptions` (`campgroundAdditionalOptionsID`, `campingAreaTypeID`, `optionName`, `optionPrice`, `isValid`) VALUES
(1, '1', '柚子檸檬塔', 2022, 1),
(2, '1', '烤肉啤酒', 1385, 1),
(3, '1', '焗烤起司', 1861, 1),
(4, '2', '海鮮燉飯', 2148, 1),
(5, '2', '海鮮拼盤', 2157, 1),
(6, '2', '鹽烤羊腿排', 1339, 1),
(7, '3', '蒜香烤雞', 1228, 1),
(8, '3', '香煎牛排', 1122, 1),
(9, '4', '森林小木屋', 2928, 1),
(10, '4', '豪華湖景別墅', 2269, 1),
(11, '5', '森林小木屋', 1564, 1),
(12, '6', '溪畔帳篷', 2013, 1),
(13, '6', '星空露台', 2372, 1),
(14, '7', '山景套房', 2820, 1),
(15, '8', '海鮮烤盤套餐', 1984, 1),
(16, '8', '牛排燒烤組合', 2462, 1),
(17, '8', '蔬果海鮮燒烤', 1354, 1),
(18, '9', '酒釀雞翅串', 2389, 1),
(19, '10', '香烤牡蠣', 2881, 1),
(20, '10', '高級紅酒品鑑', 2234, 1),
(21, '11', '香濃拿鐵咖啡', 1530, 1),
(22, '12', '草莓冰沙', 1951, 1),
(23, '13', '夏日雞尾酒', 2162, 1),
(24, '13', '水果雞尾酒', 1957, 1),
(25, '14', '高級沙灘別墅', 2299, 1),
(26, '14', '森林大木屋', 2623, 1),
(27, '15', '湖畔帳篷', 1219, 1),
(28, '15', '星際露台', 1228, 1),
(29, '16', '山谷套房', 1482, 1),
(30, '16', '海鮮盛宴', 2728, 1),
(31, '16', '肉食者天堂', 2191, 1),
(32, '17', '蔬食健康', 1773, 1),
(33, '17', '啤酒派對', 1291, 1),
(34, '17', '美味雞尾酒', 2140, 1),
(35, '18', '葡萄酒之旅', 1823, 1),
(36, '19', '清新冰咖', 1695, 1),
(37, '20', '濃郁巧克力', 2006, 1),
(38, '20', '夏日綺麗', 1943, 1),
(39, '21', '星空美食露營', 2701, 1),
(40, '21', '野外星座觀測派對', 2673, 1),
(41, '21', '夜間森林尋寶遊戲', 2263, 1),
(42, '22', '綠意山谷繪畫工作坊', 2296, 1),
(43, '22', '高山滑雪樂趣體驗', 1692, 1),
(44, '22', '河畔烤魚美食品饗', 2571, 1),
(45, '23', '野外攀岩探險', 2780, 1),
(46, '23', '春天野花採摘活動', 1186, 1),
(47, '23', '大自然生態攝影', 2592, 1),
(48, '24', '夜晚星空音樂會', 2400, 1),
(49, '24', '健康瑜伽山景練習', 1224, 1),
(50, '24', '星空營地之夜', 1924, 1),
(51, '25', '大自然美食探險', 2946, 1),
(52, '26', '野外音樂嘉年華', 1955, 1),
(53, '26', '山谷探險挑戰', 1940, 1),
(54, '26', '市集美食露營', 2835, 1),
(55, '27', '河畔野餐樂趣', 1352, 1),
(56, '27', '夜間星空觀察會', 1258, 1),
(57, '28', '高山徒步美食之旅', 1235, 1),
(58, '29', '靜謐湖畔瑜伽', 1400, 1),
(59, '30', '森林生態體驗冒險', 2295, 1),
(60, '31', '咖啡山莊早餐露營', 2273, 1),
(61, '32', '音樂節樂趣露營', 1479, 1),
(62, '33', '河畔釣魚樂活動', 1580, 1),
(63, '34', '篝火晚會之夜', 2464, 1),
(64, '34', '森林尋寶探險', 2576, 1),
(65, '35', '健康瑜伽山谷', 2490, 1),
(66, '36', '野生動物觀察冒險', 1719, 1),
(67, '37', '畫家的藝術露營', 2129, 1),
(68, '38', '高山滑雪體驗', 2485, 1),
(69, '38', '海灘泳池派對露營', 1039, 1),
(70, '39', '星光之夜露營樂園', 2740, 1),
(71, '39', '美食品酒野外饗宴', 1583, 1),
(72, '40', '沙灘烤肉派對', 2698, 1),
(73, '40', '大自然攝影探險', 1736, 1),
(74, '40', '綠洲康樂露營', 1588, 1),
(75, '41', '野外工藝手作坊', 1731, 1),
(76, '41', '漫遊山谷迷宮', 2895, 1),
(77, '41', '樂園嬉水冒險', 2277, 1),
(78, '42', '落日馬拉松競賽', 1700, 1),
(79, '42', '天文觀測星座之夜', 2670, 1),
(80, '43', '野外電影院之夜', 1250, 1),
(81, '43', '早鳥觀鳥活動', 1240, 1),
(82, '44', '青年露營運動會', 1450, 1),
(83, '45', '星星讀書會露營', 2532, 1),
(84, '46', '河畔野餐遊樂日', 1307, 1),
(85, '46', '美食廚藝大賽露營', 1943, 1),
(86, '47', '森林實境逃脫', 2794, 1),
(87, '48', '泰山晨曲瑜伽', 1137, 1),
(88, '48', '山坡滑板極限挑戰', 2305, 1),
(89, '49', '露天藝術畫展活動', 1113, 1),
(90, '49', '夜間星空觀賞之旅', 1654, 1),
(91, '50', '野外野餐美食嘉年華', 1931, 1),
(92, '50', '森林瑜伽冥想日', 1693, 1),
(93, '51', '大自然攝影探索', 1671, 1),
(94, '52', '山谷騎行探險', 2275, 1),
(95, '53', '高山徒步挑戰', 1364, 1),
(96, '54', '野外寵物友好露營', 2995, 1),
(97, '55', '春季野花賞花會', 1880, 1),
(98, '56', '露天音樂節之夜', 1418, 1),
(99, '56', '野外鳥類觀察活動', 2451, 1),
(100, '58', '野外星空觀測之夜', 2998, 1),
(101, '58', '露天美食烤肉派對', 2636, 1),
(102, '59', '森林瑜伽靜心日', 1187, 1),
(103, '59', '大自然攝影創作工作坊', 1030, 1),
(104, '60', '山區騎行探險挑戰', 2590, 1),
(105, '60', '高山登峰徒步探索', 2858, 1),
(106, '61', '野外寵物友好露營聚會', 1519, 1),
(107, '61', '春季野花賞花會', 2023, 1),
(108, '62', '夜間音樂音樂會之夜', 2556, 1),
(109, '62', '野外鳥類觀察生態之旅', 1711, 1),
(110, '63', '野外星際探索之夜', 1888, 1),
(111, '63', '野外烤肉和美食節', 1307, 1),
(112, '64', '森林瑜伽和冥想體驗', 1873, 1),
(113, '65', '大自然攝影專業工作坊', 2441, 1),
(114, '66', '山岳騎行冒險挑戰', 1587, 1),
(115, '66', '高山登峰探險之旅', 1613, 1),
(116, '67', '寵物友好的露營日', 2303, 1),
(117, '67', '春季野花觀賞之旅', 1677, 1),
(118, '68', '夜晚星光音樂會活動', 2476, 1),
(119, '69', '鳥類觀察生態導覽之旅', 2347, 1);

-- --------------------------------------------------------

--
-- 資料表結構 `campingareatype`
--

CREATE TABLE `campingareatype` (
  `campingAreaTypeID` int(11) NOT NULL,
  `campGroundID` tinyint(255) NOT NULL,
  `typeName` varchar(255) NOT NULL,
  `price` varchar(255) DEFAULT NULL,
  `numberOfTents` varchar(255) DEFAULT NULL,
  `title` varchar(255) DEFAULT NULL,
  `intro` varchar(255) DEFAULT NULL,
  `offDay` varchar(255) DEFAULT NULL,
  `isValid` int(1) NOT NULL DEFAULT 1
) ENGINE=InnoDB DEFAULT CHARSET=utf8mb4 COLLATE=utf8mb4_general_ci;

--
-- 傾印資料表的資料 `campingareatype`
--

INSERT INTO `campingareatype` (`campingAreaTypeID`, `campGroundID`, `typeName`, `price`, `numberOfTents`, `title`, `intro`, `offDay`, `isValid`) VALUES
(1, 1, '雲深谷', '3676', '6', 'T', 'I', '1', 1),
(2, 1, '星光樂', '2431', '14', 'T', 'I', '3', 1),
(3, 1, '山川蓮', '3131', '13', 'T', 'I', '6', 1),
(4, 1, '翠綠藝', '1360', '2', 'T', 'I', '5', 1),
(5, 2, '雪山境', '2410', '13', 'T', 'I', '1', 1),
(6, 2, '青草原', '3971', '0', 'T', 'I', '3', 1),
(7, 2, '蓮花池', '2619', '2', 'T', 'I', '0', 1),
(8, 2, '竹影幽', '3186', '11', 'T', 'I', '5', 1),
(9, 3, '森林源', '1069', '8', 'T', 'I', '5', 1),
(10, 3, '麥田谷', '3791', '9', 'T', 'I', '4', 1),
(11, 3, '湖畔樂', '2744', '2', 'T', 'I', '5', 1),
(12, 3, '溪水韻', '1349', '4', 'T', 'I', '1', 1),
(13, 4, '森居樂', '3515', '13', 'T', 'I', '5', 1),
(14, 4, '星河道', '3525', '16', 'T', 'I', '6', 1),
(15, 4, '松風山', '3081', '18', 'T', 'I', '2', 1),
(16, 4, '晴天嶺', '3830', '5', 'T', 'I', '0', 1),
(17, 5, '石頭村', '2903', '11', NULL, NULL, '2', 1),
(18, 5, '秋寒谷', '2029', '18', NULL, NULL, '3', 1),
(19, 5, '春風坡', '3435', '0', NULL, NULL, '3', 1),
(20, 5, '沙灘灣', '1086', '7', NULL, NULL, '1', 1),
(21, 6, '田野間', '3130', '16', NULL, NULL, '1', 1),
(22, 6, '天際坡', '2388', '17', NULL, NULL, '3', 1),
(23, 6, '美麗嶺', '1549', '0', NULL, NULL, '4', 1),
(24, 6, '靜謐嶼', '2583', '9', NULL, NULL, '5', 1),
(25, 7, '深山裡', '1268', '3', NULL, NULL, '1', 1),
(26, 7, '紫竹林', '3594', '12', NULL, NULL, '3', 1),
(27, 7, '風吹峽', '1163', '9', NULL, NULL, '4', 1),
(28, 7, '倒影湖', '3033', '11', NULL, NULL, '0', 1),
(29, 8, '綠野亭', '1677', '8', NULL, NULL, '1', 1),
(30, 8, '蒼山山', '1288', '7', NULL, NULL, '4', 1),
(36, 8, '森林洲', '3409', '11', NULL, NULL, '6', 1),
(37, 8, '夜空台', '3178', '15', NULL, NULL, '6', 1),
(38, 9, '水岸營', '1664', '4', NULL, NULL, '3', 1),
(39, 9, '林間谷', '3786', '17', NULL, NULL, '4', 1),
(40, 9, '花海谷', '3935', '10', NULL, NULL, '3', 1),
(41, 9, '清幽谷', '1318', '1', NULL, NULL, '0', 1),
(42, 10, '山泉谷', '2789', '15', NULL, NULL, '3', 1),
(43, 10, '溫泉河', '2987', '13', NULL, NULL, '3', 1),
(44, 10, '森野谷', '2567', '2', NULL, NULL, '0', 1),
(45, 10, '天際營', '2874', '10', NULL, NULL, '4', 1),
(46, 11, '草原境', '2671', '4', NULL, NULL, '1', 1),
(47, 11, '森林境', '3733', '10', NULL, NULL, '2', 1),
(48, 11, '青山野', '3649', '17', NULL, NULL, '5', 1),
(49, 11, '河畔悠', '3048', '17', NULL, NULL, '4', 1),
(50, 12, '山麓谷', '3293', '16', NULL, NULL, '1', 1),
(51, 12, '晨曦谷', '3322', '7', NULL, NULL, '1', 1),
(52, 12, '山川谷', '2727', '9', NULL, NULL, '1', 1),
(53, 12, '美景谷', '2672', '5', NULL, NULL, '3', 1),
(54, 13, '美景谷', '1177', '18', NULL, NULL, '6', 1),
(55, 13, '仙幽谷', '2871', '16', NULL, NULL, '1', 1),
(56, 13, '青谷深', '3823', '5', NULL, NULL, '1', 1),
(57, 13, '雲深谷', '3501', '17', NULL, NULL, '2', 1),
(58, 14, '靜幽溪', '2036', '13', NULL, NULL, '0', 1),
(59, 14, '雨深山', '1680', '12', NULL, NULL, '1', 1),
(60, 14, '星谷夢', '1291', '4', NULL, NULL, '6', 1),
(61, 14, '茶山隱', '3417', '3', NULL, NULL, '0', 1),
(62, 15, '風幽窟', '3211', '4', NULL, NULL, '3', 1),
(63, 15, '霧谷晴', '1804', '13', NULL, NULL, '2', 1),
(64, 15, '石峪深', '1386', '12', NULL, NULL, '1', 1),
(65, 15, '翠谷幽', '3520', '2', NULL, NULL, '0', 1),
(66, 16, '紫山峰', '3440', '14', NULL, NULL, '2', 1),
(67, 16, '蓮湖泉', '2639', '5', NULL, NULL, '0', 1),
(68, 16, '青草原', '1875', '3', NULL, NULL, '0', 1),
(69, 16, '金竹坡', '3460', '2', NULL, NULL, '0', 1),
(70, 17, '翡翠湾', '1673', '0', NULL, NULL, '0', 1),
(71, 17, '夢綠庭', '2988', '14', NULL, NULL, '1', 1),
(72, 17, '星海潭', '2918', '12', NULL, NULL, '5', 1),
(73, 17, '碧溪涵', '1627', '19', NULL, NULL, '3', 1),
(74, 18, '銀水岸', '1380', '0', NULL, NULL, '6', 1),
(75, 18, '藍潭翠', '1022', '3', NULL, NULL, '1', 1),
(76, 18, '春溪谷', '2969', '13', NULL, NULL, '0', 1),
(77, 18, '遠山川', '1779', '18', NULL, NULL, '5', 1),
(78, 19, '柔綠林', '1991', '14', NULL, NULL, '5', 1),
(79, 19, '銀岩洞', '3615', '13', NULL, NULL, '2', 1),
(80, 19, '夢蓮塘', '2103', '5', NULL, NULL, '1', 1),
(81, 19, '茶韻坡', '1668', '8', NULL, NULL, '3', 1),
(82, 20, '星空橋', '1034', '3', NULL, NULL, '4', 1),
(83, 20, '霧海岸', '2165', '12', NULL, NULL, '5', 1),
(84, 20, '漫瀾溪', '3725', '10', NULL, NULL, '4', 1),
(85, 20, '幽谷泉', '2126', '18', NULL, NULL, '2', 1),
(86, 21, '青蘋澗', '1455', '18', NULL, NULL, '5', 1),
(87, 21, '碧峪林', '2900', '16', NULL, NULL, '5', 1),
(88, 21, '翠山洞', '3132', '6', NULL, NULL, '4', 1),
(89, 21, '銀溪浦', '2960', '5', NULL, NULL, '6', 1),
(90, 22, '夢湖畔', '1405', '8', NULL, NULL, '4', 1),
(91, 22, '星野谷', '3148', '5', NULL, NULL, '4', 1),
(92, 22, '霧岸山', '1523', '0', NULL, NULL, '0', 1),
(93, 22, '雲川潭', '3171', '8', NULL, NULL, '2', 1),
(94, 23, '蓮影深', '1284', '18', NULL, NULL, '6', 1),
(95, 23, '青雲瀑', '1908', '10', NULL, NULL, '2', 1),
(96, 23, '碧峰岭', '1690', '13', NULL, NULL, '0', 1),
(97, 23, '星渚濱', '1724', '15', NULL, NULL, '1', 1),
(98, 24, '綠岡林', '2552', '18', NULL, NULL, '6', 1),
(99, 24, '銀谷幕', '3587', '3', NULL, NULL, '6', 1),
(100, 24, '溪鶴窟', '3277', '4', NULL, NULL, '4', 1),
(101, 24, '夢川崖', '1624', '11', NULL, NULL, '2', 1),
(102, 25, '夢川崖', '3290', '5', NULL, NULL, '1', 1),
(103, 25, '霧湖谷', '1576', '13', NULL, NULL, '6', 1),
(104, 25, '隱山境', '3014', '9', NULL, NULL, '0', 1),
(105, 25, '翠波湖', '3342', '9', NULL, NULL, '3', 1),
(106, 26, '青蔭溪', '3665', '17', NULL, NULL, '2', 1),
(107, 26, '紫山窟', '1297', '17', NULL, NULL, '1', 1),
(108, 26, '星花谷', '3494', '14', NULL, NULL, '5', 1),
(109, 26, '碧瀑洞', '3575', '19', NULL, NULL, '3', 1),
(110, 27, '銀湖澗', '3395', '14', NULL, NULL, '6', 1),
(111, 27, '夢谷林', '2247', '16', NULL, NULL, '3', 1),
(112, 27, '漫溪庭', '3052', '15', NULL, NULL, '2', 1),
(113, 27, '霧山坡', '1519', '10', NULL, NULL, '2', 1),
(114, 28, '靜蓮岸', '3439', '6', NULL, NULL, '5', 1),
(115, 28, '幽湖谷', '2635', '1', NULL, NULL, '4', 1),
(116, 28, '翠石泉', '1860', '5', NULL, NULL, '2', 1),
(117, 28, '青林溪', '3396', '4', NULL, NULL, '2', 1),
(118, 29, '銀川洞', '1397', '5', NULL, NULL, '5', 1),
(119, 29, '碧谷岭', '1799', '14', NULL, NULL, '0', 1),
(120, 29, '星雲澗', '3803', '17', NULL, NULL, '5', 1),
(121, 29, '梦花湖', '3618', '1', NULL, NULL, '6', 1),
(122, 30, '霧溪隱', '2679', '14', NULL, NULL, '0', 1),
(123, 30, '静水坡', '1542', '8', NULL, NULL, '6', 1),
(124, 30, '蓝山影', '1675', '1', NULL, NULL, '0', 1),
(125, 30, '翠綠谷', '2747', '19', NULL, NULL, '2', 1),
(126, 31, '星海潭', '1712', '15', NULL, NULL, '0', 1),
(127, 31, '青山溪', '2319', '18', NULL, NULL, '0', 1),
(128, 31, '銀石澗', '2457', '6', NULL, NULL, '2', 1),
(129, 31, '碧水岸', '1330', '16', NULL, NULL, '1', 1),
(130, 32, '夢谷源', '1278', '1', NULL, NULL, '2', 1),
(131, 32, '湖山夢', '1403', '17', NULL, NULL, '1', 1),
(132, 32, '霧谷泉', '2181', '4', NULL, NULL, '5', 1),
(133, 32, '幽溪庭', '2696', '9', NULL, NULL, '2', 1),
(134, 33, '紫雲坡', '2936', '12', NULL, NULL, '3', 1),
(135, 33, '仙幽谷', '2590', '17', NULL, NULL, '2', 1),
(136, 33, '青谷深', '3145', '6', NULL, NULL, '1', 1),
(137, 33, '雲深谷', '3953', '0', NULL, NULL, '1', 1),
(138, 34, '靜幽溪', '3330', '3', NULL, NULL, '0', 1),
(139, 34, '雨深山', '3792', '18', NULL, NULL, '0', 1),
(140, 34, '星谷夢', '1968', '18', NULL, NULL, '1', 1),
(141, 34, '茶山隱', '3464', '17', NULL, NULL, '6', 1),
(142, 35, '風幽窟', '1417', '13', NULL, NULL, '0', 1),
(143, 35, '霧谷晴', '1692', '13', NULL, NULL, '1', 1),
(144, 35, '石峪深', '3213', '7', NULL, NULL, '5', 1),
(145, 35, '翠谷幽', '3984', '15', NULL, NULL, '4', 1),
(146, 36, '紫山峰', '3281', '16', NULL, NULL, '0', 1),
(147, 36, '蓮湖泉', '3454', '16', NULL, NULL, '6', 1),
(148, 36, '青草原', '3425', '13', NULL, NULL, '3', 1),
(149, 36, '金竹坡', '2764', '17', NULL, NULL, '0', 1),
(150, 37, '翡翠湾', '2543', '5', NULL, NULL, '4', 1),
(151, 37, '夢綠庭', '3426', '15', NULL, NULL, '0', 1),
(152, 37, '星海潭', '2500', '1', NULL, NULL, '4', 1),
(153, 37, '碧溪涵', '1221', '1', NULL, NULL, '5', 1),
(154, 38, '銀水岸', '3609', '4', NULL, NULL, '5', 1),
(155, 38, '藍潭翠', '1380', '17', NULL, NULL, '4', 1),
(156, 38, '春溪谷', '1073', '11', NULL, NULL, '5', 1),
(157, 38, '遠山川', '3226', '7', NULL, NULL, '0', 1),
(158, 39, '柔綠林', '2909', '2', NULL, NULL, '0', 1),
(159, 39, '銀岩洞', '3866', '10', NULL, NULL, '2', 1),
(160, 39, '夢蓮塘', '3602', '4', NULL, NULL, '0', 1),
(161, 39, '茶韻坡', '2412', '12', NULL, NULL, '5', 1),
(162, 40, '星空橋', '3257', '7', NULL, NULL, '3', 1),
(163, 40, '霧海岸', '2048', '2', NULL, NULL, '2', 1),
(164, 40, '漫瀾溪', '2470', '7', NULL, NULL, '1', 1),
(165, 40, '幽谷泉', '2207', '11', NULL, NULL, '0', 1),
(166, 41, '青蘋澗', '2625', '14', NULL, NULL, '3', 1),
(167, 41, '碧峪林', '2502', '0', NULL, NULL, '1', 1),
(168, 41, '翠山洞', '3636', '15', NULL, NULL, '6', 1),
(169, 41, '銀溪浦', '3672', '16', NULL, NULL, '6', 1),
(170, 42, '夢湖畔', '3451', '17', NULL, NULL, '5', 1),
(171, 42, '星野谷', '2240', '15', NULL, NULL, '1', 1),
(172, 42, '霧岸山', '2848', '7', NULL, NULL, '5', 1),
(173, 42, '雲川潭', '3520', '10', NULL, NULL, '3', 1),
(174, 43, '蓮影深', '2052', '10', NULL, NULL, '6', 1),
(175, 43, '青雲瀑', '1705', '0', NULL, NULL, '0', 1),
(176, 43, '碧峰岭', '1367', '10', NULL, NULL, '5', 1),
(177, 43, '星渚濱', '3723', '10', NULL, NULL, '2', 1),
(178, 44, '綠岡林', '1508', '1', NULL, NULL, '2', 1),
(179, 44, '銀谷幕', '1376', '16', NULL, NULL, '1', 1),
(180, 44, '溪鶴窟', '1354', '17', NULL, NULL, '3', 1),
(181, 44, '夢川崖', '1643', '16', NULL, NULL, '1', 1),
(182, 45, '碧瀑洞', '3154', '10', NULL, NULL, '3', 1),
(183, 45, '霧湖谷', '3840', '3', NULL, NULL, '4', 1),
(184, 45, '隱山境', '2738', '6', NULL, NULL, '0', 1),
(185, 45, '翠波湖', '1167', '2', NULL, NULL, '1', 1),
(186, 46, '青蔭溪', '2627', '11', NULL, NULL, '6', 1),
(187, 46, '紫山窟', '2631', '9', NULL, NULL, '6', 1),
(188, 46, '星花谷', '1275', '14', NULL, NULL, '4', 1),
(189, 46, '碧瀑洞', '3484', '5', NULL, NULL, '3', 1),
(190, 47, '銀湖澗', '3590', '1', NULL, NULL, '3', 1),
(191, 47, '夢谷林', '3500', '12', NULL, NULL, '6', 1),
(192, 47, '漫溪庭', '2728', '18', NULL, NULL, '0', 1),
(193, 47, '霧山坡', '2139', '14', NULL, NULL, '3', 1),
(194, 48, '靜蓮岸', '1514', '17', NULL, NULL, '1', 1),
(195, 48, '幽湖谷', '3155', '4', NULL, NULL, '3', 1),
(196, 48, '翠石泉', '1230', '7', NULL, NULL, '5', 1),
(197, 48, '青林溪', '1686', '4', NULL, NULL, '3', 1),
(198, 49, '銀川洞', '3741', '1', NULL, NULL, '6', 1),
(199, 49, '碧谷岭', '3646', '15', NULL, NULL, '3', 1),
(200, 49, '星雲澗', '3008', '10', NULL, NULL, '2', 1),
(201, 49, '梦花湖', '3100', '5', NULL, NULL, '1', 1),
(202, 50, '霧溪隱', '2474', '16', NULL, NULL, '1', 1),
(203, 50, '静水坡', '2072', '7', NULL, NULL, '0', 1),
(204, 50, '蓝山影', '1941', '7', NULL, NULL, '1', 1),
(205, 50, '翠綠谷', '2486', '14', NULL, NULL, '5', 1),
(206, 51, '星海潭', '2607', '11', NULL, NULL, '1', 1),
(207, 51, '青山溪', '1579', '12', NULL, NULL, '3', 1),
(208, 51, '銀石澗', '2073', '9', NULL, NULL, '6', 1),
(209, 51, '碧水岸', '1630', '8', NULL, NULL, '3', 1),
(210, 52, '夢谷源', '3931', '13', NULL, NULL, '2', 1),
(211, 52, '湖山夢', '1760', '2', NULL, NULL, '4', 1),
(212, 52, '霧谷泉', '2012', '13', NULL, NULL, '4', 1),
(213, 52, '幽溪庭', '3779', '19', NULL, NULL, '4', 1),
(214, 53, '紫雲坡', '2856', '18', NULL, NULL, '0', 1),
(215, 53, '仙幽谷', '1944', '12', NULL, NULL, '4', 1),
(216, 53, '青谷深', '3155', '5', NULL, NULL, '6', 1),
(217, 53, '雲深谷', '2941', '12', NULL, NULL, '4', 1),
(218, 54, '靜幽溪', '1239', '7', NULL, NULL, '3', 1),
(219, 54, '雨深山', '2373', '16', NULL, NULL, '2', 1),
(220, 54, '星谷夢', '1146', '2', NULL, NULL, '3', 1),
(221, 54, '茶山隱', '3613', '3', NULL, NULL, '1', 1),
(222, 55, '風幽窟', '1625', '11', NULL, NULL, '5', 1),
(223, 55, '霧谷晴', '2290', '3', NULL, NULL, '0', 1),
(224, 55, '石峪深', '2573', '4', NULL, NULL, '2', 1),
(225, 55, '翠谷幽', '1995', '10', NULL, NULL, '0', 1),
(226, 56, '紫山峰', '1256', '1', NULL, NULL, '3', 1),
(227, 56, '蓮湖泉', '2295', '16', NULL, NULL, '4', 1),
(228, 56, '青草原', '3707', '16', NULL, NULL, '1', 1),
(229, 56, '金竹坡', '1647', '13', NULL, NULL, '0', 1),
(230, 57, '翡翠湾', '2116', '16', NULL, NULL, '0', 1),
(231, 57, '夢綠庭', '1639', '4', NULL, NULL, '6', 1),
(232, 57, '星海潭', '3850', '13', NULL, NULL, '2', 1),
(233, 57, '碧溪涵', '1328', '11', NULL, NULL, '2', 1),
(234, 58, '銀水岸', '3093', '15', NULL, NULL, '1', 1),
(235, 58, '藍潭翠', '1478', '6', NULL, NULL, '2', 1),
(236, 58, '春溪谷', '3115', '3', NULL, NULL, '5', 1),
(237, 58, '遠山川', '1139', '18', NULL, NULL, '1', 1),
(238, 59, '柔綠林', '1352', '0', NULL, NULL, '5', 1),
(239, 59, '銀岩洞', '2346', '10', NULL, NULL, '0', 1),
(240, 59, '夢蓮塘', '3670', '7', NULL, NULL, '2', 1),
(241, 59, '茶韻坡', '1309', '9', NULL, NULL, '1', 1),
(242, 60, '星空橋', '3538', '2', NULL, NULL, '2', 1),
(243, 60, '霧海岸', '3764', '2', NULL, NULL, '6', 1),
(244, 60, '漫瀾溪', '1201', '8', NULL, NULL, '5', 1),
(245, 60, '幽谷泉', '2719', '14', NULL, NULL, '6', 1),
(246, 61, '青蘋澗', '2988', '5', NULL, NULL, '1', 1),
(247, 61, '碧峪林', '2782', '3', NULL, NULL, '1', 1),
(248, 61, '翠山洞', '3948', '19', NULL, NULL, '3', 1),
(249, 61, '銀溪浦', '1393', '10', NULL, NULL, '5', 1),
(250, 62, '夢湖畔', '3123', '11', NULL, NULL, '2', 1),
(251, 62, '星野谷', '1434', '4', NULL, NULL, '2', 1),
(252, 62, '霧岸山', '2803', '11', NULL, NULL, '6', 1),
(253, 62, '雲川潭', '2710', '1', NULL, NULL, '3', 1),
(254, 63, '蓮影深', '1140', '14', NULL, NULL, '6', 1),
(255, 63, '青雲瀑', '2574', '8', NULL, NULL, '6', 1),
(256, 63, '碧峰岭', '2448', '16', NULL, NULL, '4', 1),
(257, 63, '星渚濱', '3517', '19', NULL, NULL, '5', 1),
(258, 64, '綠岡林', '3239', '5', NULL, NULL, '6', 1),
(259, 64, '銀谷幕', '1645', '11', NULL, NULL, '1', 1),
(260, 64, '溪鶴窟', '3509', '2', NULL, NULL, '0', 1),
(261, 64, '夢川崖', '2610', '14', NULL, NULL, '4', 1),
(262, 65, '夢谷林', '1520', '7', NULL, NULL, '6', 1),
(263, 65, '霧湖谷', '1774', '14', NULL, NULL, '0', 1),
(264, 65, '隱山境', '3311', '10', NULL, NULL, '2', 1),
(265, 65, '翠波湖', '1232', '6', NULL, NULL, '5', 1),
(266, 66, '青蔭溪', '1226', '3', NULL, NULL, '6', 1),
(267, 66, '紫山窟', '1438', '17', NULL, NULL, '2', 1),
(268, 66, '星花谷', '2510', '14', NULL, NULL, '0', 1),
(269, 66, '碧瀑洞', '1236', '3', NULL, NULL, '3', 1),
(270, 67, '銀湖澗', '3652', '12', NULL, NULL, '5', 1),
(271, 67, '夢谷林', '1550', '13', NULL, NULL, '3', 1),
(272, 67, '漫溪庭', '1794', '9', NULL, NULL, '3', 1),
(273, 67, '霧山坡', '3320', '6', NULL, NULL, '4', 1),
(274, 68, '靜蓮岸', '1215', '5', NULL, NULL, '6', 1),
(275, 68, '幽湖谷', '1117', '8', NULL, NULL, '2', 1),
(276, 68, '翠石泉', '3941', '7', NULL, NULL, '1', 1),
(277, 68, '青林溪', '3352', '8', NULL, NULL, '0', 1),
(278, 69, '銀川洞', '3935', '0', NULL, NULL, '6', 1),
(279, 69, '碧谷岭', '2619', '15', NULL, NULL, '0', 1),
(280, 69, '星雲澗', '3293', '16', NULL, NULL, '5', 1),
(281, 69, '梦花湖', '1607', '17', NULL, NULL, '3', 1),
(282, 70, '霧溪隱', '3157', '19', NULL, NULL, '1', 1),
(283, 70, '静水坡', '3962', '3', NULL, NULL, '4', 1),
(284, 70, '蓝山影', '3340', '17', NULL, NULL, '4', 1),
(285, 70, '翠綠谷', '3811', '19', NULL, NULL, '0', 1),
(286, 71, '星海潭', '2036', '2', NULL, NULL, '2', 1),
(287, 71, '青山溪', '3751', '14', NULL, NULL, '6', 1),
(288, 71, '銀石澗', '2642', '6', NULL, NULL, '1', 1),
(289, 71, '碧水岸', '3959', '7', NULL, NULL, '4', 1),
(290, 72, '夢谷源', '1868', '18', NULL, NULL, '1', 1),
(291, 72, '湖山夢', '2466', '12', NULL, NULL, '3', 1),
(292, 72, '霧谷泉', '2725', '3', NULL, NULL, '4', 1),
(293, 72, '幽溪庭', '2226', '0', NULL, NULL, '5', 1),
(294, 73, '紫雲坡', '1956', '13', NULL, NULL, '1', 1),
(295, 73, '仙幽谷', '2101', '3', NULL, NULL, '5', 1),
(296, 73, '青谷深', '3637', '17', NULL, NULL, '1', 1),
(297, 73, '雲深谷', '1880', '18', NULL, NULL, '5', 1),
(298, 74, '靜幽溪', '3492', '17', NULL, NULL, '3', 1),
(299, 74, '雨深山', '1819', '13', NULL, NULL, '5', 1),
(300, 74, '星谷夢', '3619', '13', NULL, NULL, '2', 1),
(301, 74, '茶山隱', '2636', '8', NULL, NULL, '5', 1),
(302, 75, '風幽窟', '1322', '1', NULL, NULL, '2', 1),
(303, 75, '霧谷晴', '3706', '1', NULL, NULL, '6', 1),
(304, 75, '石峪深', '1560', '4', NULL, NULL, '2', 1),
(305, 75, '翠谷幽', '1686', '17', NULL, NULL, '0', 1),
(306, 76, '紫山峰', '2751', '14', NULL, NULL, '3', 1),
(307, 76, '蓮湖泉', '1694', '19', NULL, NULL, '0', 1),
(308, 76, '青草原', '2220', '14', NULL, NULL, '6', 1),
(309, 76, '金竹坡', '2016', '15', NULL, NULL, '3', 1),
(310, 77, '翡翠湾', '2421', '10', NULL, NULL, '3', 1),
(311, 77, '夢綠庭', '2058', '9', NULL, NULL, '2', 1),
(312, 77, '星海潭', '2025', '15', NULL, NULL, '6', 1),
(313, 77, '碧溪涵', '2954', '7', NULL, NULL, '4', 1),
(314, 78, '銀水岸', '1692', '13', NULL, NULL, '2', 1),
(315, 78, '藍潭翠', '1600', '3', NULL, NULL, '0', 1),
(316, 78, '春溪谷', '1923', '16', NULL, NULL, '1', 1),
(317, 78, '遠山川', '3817', '12', NULL, NULL, '3', 1),
(318, 79, '柔綠林', '3313', '11', NULL, NULL, '2', 1),
(319, 79, '銀岩洞', '1113', '0', NULL, NULL, '1', 1),
(320, 79, '夢蓮塘', '3632', '6', NULL, NULL, '5', 1),
(321, 79, '茶韻坡', '1814', '11', NULL, NULL, '2', 1),
(322, 80, '星空橋', '3179', '18', NULL, NULL, '2', 1),
(323, 80, '霧海岸', '3452', '16', NULL, NULL, '3', 1),
(324, 80, '漫瀾溪', '3722', '7', NULL, NULL, '4', 1),
(325, 80, '幽谷泉', '1253', '8', NULL, NULL, '5', 1),
(326, 81, '青蘋澗', '3103', '2', NULL, NULL, '5', 1),
(327, 81, '碧峪林', '1751', '3', NULL, NULL, '5', 1),
(328, 81, '翠山洞', '1450', '10', NULL, NULL, '1', 1),
(329, 81, '銀溪浦', '3996', '3', NULL, NULL, '1', 1),
(330, 82, '夢湖畔', '2630', '3', NULL, NULL, '6', 1),
(331, 82, '星野谷', '3161', '7', NULL, NULL, '3', 1),
(332, 82, '霧岸山', '3913', '6', NULL, NULL, '2', 1),
(333, 82, '雲川潭', '3083', '8', NULL, NULL, '2', 1),
(334, 83, '蓮影深', '2676', '5', NULL, NULL, '5', 1),
(335, 83, '青雲瀑', '3133', '19', NULL, NULL, '0', 1),
(336, 83, '碧峰岭', '3636', '3', NULL, NULL, '6', 1),
(337, 83, '星渚濱', '1781', '17', NULL, NULL, '4', 1),
(338, 84, '綠岡林', '2998', '17', NULL, NULL, '1', 1),
(339, 84, '銀谷幕', '2647', '14', NULL, NULL, '6', 1),
(340, 84, '溪鶴窟', '3241', '18', NULL, NULL, '2', 1),
(341, 84, '夢川崖', '1263', '10', NULL, NULL, '5', 1),
(342, 85, '銀谷幕', '1595', '16', NULL, NULL, '0', 1),
(343, 85, '霧湖谷', '3184', '12', NULL, NULL, '1', 1),
(344, 85, '隱山境', '1135', '13', NULL, NULL, '2', 1),
(345, 85, '翠波湖', '1124', '8', NULL, NULL, '3', 1),
(346, 86, '青蔭溪', '1217', '1', NULL, NULL, '1', 1),
(347, 86, '紫山窟', '1712', '1', NULL, NULL, '5', 1),
(348, 86, '星花谷', '3909', '4', NULL, NULL, '1', 1),
(349, 86, '碧瀑洞', '1406', '15', NULL, NULL, '3', 1),
(350, 87, '銀湖澗', '3308', '5', NULL, NULL, '0', 1),
(351, 87, '夢谷林', '2319', '2', NULL, NULL, '5', 1),
(352, 87, '漫溪庭', '3673', '13', NULL, NULL, '6', 1),
(353, 87, '霧山坡', '1403', '1', NULL, NULL, '2', 1),
(354, 88, '靜蓮岸', '1001', '6', NULL, NULL, '4', 1),
(355, 88, '幽湖谷', '2797', '7', NULL, NULL, '2', 1),
(356, 88, '翠石泉', '3978', '18', NULL, NULL, '6', 1),
(357, 88, '青林溪', '1499', '8', NULL, NULL, '2', 1),
(358, 89, '銀川洞', '3564', '9', NULL, NULL, '1', 1),
(359, 89, '碧谷岭', '3322', '19', NULL, NULL, '4', 1),
(360, 89, '星雲澗', '1915', '11', NULL, NULL, '4', 1),
(361, 89, '梦花湖', '1609', '18', NULL, NULL, '1', 1),
(362, 90, '霧溪隱', '1304', '18', NULL, NULL, '1', 1),
(363, 90, '静水坡', '3694', '16', NULL, NULL, '3', 1),
(364, 90, '蓝山影', '1554', '7', NULL, NULL, '0', 1),
(365, 90, '翠綠谷', '1689', '5', NULL, NULL, '5', 1),
(366, 91, '星海潭', '2785', '6', NULL, NULL, '2', 1),
(367, 91, '青山溪', '1854', '17', NULL, NULL, '5', 1),
(368, 91, '銀石澗', '2919', '7', NULL, NULL, '3', 1),
(369, 91, '碧水岸', '2029', '4', NULL, NULL, '3', 1),
(370, 92, '夢谷源', '3391', '19', NULL, NULL, '6', 1),
(371, 92, '湖山夢', '3868', '6', NULL, NULL, '6', 1),
(372, 92, '霧谷泉', '2166', '12', NULL, NULL, '6', 1),
(373, 92, '幽溪庭', '1227', '4', NULL, NULL, '5', 1),
(374, 93, '銀川洞', '1639', '2', NULL, NULL, '3', 1),
(375, 93, '霧谷泉', '3516', '19', NULL, NULL, '6', 1),
(376, 93, '幽溪庭', '2658', '8', NULL, NULL, '2', 1),
(377, 93, '紫雲坡', '1742', '5', NULL, NULL, '3', 1);

-- --------------------------------------------------------

--
-- 資料表結構 `cart`
--

CREATE TABLE `cart` (
  `cart_id` int(11) NOT NULL,
  `pcs_purchased` int(11) NOT NULL,
  `user_id` int(11) NOT NULL,
  `inventory_id` int(11) NOT NULL
) ENGINE=InnoDB DEFAULT CHARSET=utf8mb4 COLLATE=utf8mb4_general_ci;

--
-- 傾印資料表的資料 `cart`
--

INSERT INTO `cart` (`cart_id`, `pcs_purchased`, `user_id`, `inventory_id`) VALUES
(1, 1, 4, 7),
(2, 2, 4, 8),
(4, 1, 5, 7);

-- --------------------------------------------------------

--
-- 資料表結構 `category`
--

CREATE TABLE `category` (
  `category_id` int(11) NOT NULL,
  `sub_category_name` varchar(50) DEFAULT NULL,
  `category_name` varchar(50) DEFAULT NULL
) ENGINE=InnoDB DEFAULT CHARSET=utf8mb4 COLLATE=utf8mb4_general_ci;

--
-- 傾印資料表的資料 `category`
--

INSERT INTO `category` (`category_id`, `sub_category_name`, `category_name`) VALUES
(2, '帳篷', '帳篷'),
(3, '登山帳篷', '帳篷'),
(4, '露營帳篷', '帳篷'),
(5, '篷布', '篷布'),
(6, '尼龍', '篷布'),
(7, '聚酯纖維', '篷布'),
(8, '露營工具', '露營工具'),
(9, '營釘', '露營工具'),
(10, '營釘鎚', '露營工具'),
(11, '營繩', '露營工具'),
(12, '摺疊桌椅', '露營用品'),
(13, '睡袋', '露營用品'),
(14, '野炊用具', '露營用品'),
(15, '上身', '精選服飾'),
(16, '褲裝', '精選服飾'),
(17, '配件', '精選服飾'),
(18, '鞋子', '精選服飾'),
(19, '精選服飾', '精選服飾');

-- --------------------------------------------------------

--
-- 資料表結構 `events`
--

CREATE TABLE `events` (
  `id` int(11) NOT NULL,
  `events_id` int(11) DEFAULT NULL,
  `title` varchar(255) DEFAULT NULL,
  `registration_start_time` date DEFAULT NULL,
  `registration_end_time` date DEFAULT NULL,
  `event_start` varchar(255) DEFAULT NULL,
  `evets_time` varchar(255) DEFAULT NULL,
  `simpleIntro` varchar(255) DEFAULT NULL,
  `fullIntro` varchar(255) DEFAULT NULL,
  `applicantlimitedqty` int(11) DEFAULT NULL,
  `maplocation` varchar(255) DEFAULT NULL,
  `location` varchar(255) DEFAULT NULL,
  `store_id` int(11) DEFAULT NULL,
  `state` int(11) DEFAULT NULL,
  `click` int(11) DEFAULT NULL,
  `EventDescription` varchar(255) DEFAULT NULL,
  `Activityinstructions` varchar(255) DEFAULT NULL
) ENGINE=InnoDB DEFAULT CHARSET=utf8mb4 COLLATE=utf8mb4_unicode_ci;

--
-- 傾印資料表的資料 `events`
--

INSERT INTO `events` (`id`, `events_id`, `title`, `registration_start_time`, `registration_end_time`, `event_start`, `evets_time`, `simpleIntro`, `fullIntro`, `applicantlimitedqty`, `maplocation`, `location`, `store_id`, `state`, `click`, `EventDescription`, `Activityinstructions`) VALUES
(1, 1, '初次攀岩 第一次攀岩就上手', '2023-10-01', '2023-10-25', '2023/10/28', '11:00~14:00', '攀岩不是肌肉男的專利\n攀岩運動不分男女，就算是初學者只要找到安全攀岩場、學習基本技巧，並帶著一顆勇於挑戰的心，相信你也可以從中找到樂趣。', '上攀是大家對攀岩的第一印象，有著大約3層樓高（9-15米不等）的上攀牆，需穿著安全吊帶與攀岩鞋，使用專門的繩索與快扣，下方有一位確保員。抱石是攀岩的一種型態，但是與多數攀登型態最大不同處是抱石不用繩索等器材確保，因而攀爬高度不高，以確保攀登者墜落無危險。而確保方法也異於一般攀登確保，抱石確保其目的也非使攀登者遠離地面，而是使確保者墜落時，身體為垂直地面，避免使攀登者因墜落而造成背與頭部傷害。', 10, '台北市-萬華區', '台北市萬華區大理街149號', 1, 1, 236, '體驗中教練會教導抱石安全墜落，並帶領您攀爬一條上攀路線（教練確保），之後會教導自動確保器的使用方式。\n指導結束後，您可利用剩餘的自由攀爬時間，繼續攀爬抱石路線，或使用自動確保器攀爬上攀路線。', '1.開始攀登前請衡量自身狀況，並請根據自己的能力選擇攀爬路線及難度，避免超過身體負荷，並請確實熱身及收操，避免運動傷害。\n2.上牆攀爬前，請先確認您的路線不會與已在牆上攀爬的其他人重疊，若發現您與他人的距離太近或路線可能重疊，為了雙方安全，請中止攀爬、回到地面並退出軟墊區。\n3.請尊重先上牆的人之岩牆優先使用權，當牆上有人攀爬時，請勿以任何形式逗留在可能影響對方的區域（包括牆面及軟墊）。\n4.通過攀爬區時，請先確認不會影響攀爬者或確保者，並請盡速通過。\n5.位於攀爬區域時，請隨時注意上方及周圍。'),
(2, 2, '最安全的極限運動！最爽酷的娛樂健身！', '2023-10-01', '2023-10-25', '2023/10/28', '06:00~14:00', '想學衝浪又不想跑海邊讓衝浪新手挑戰大海前先在這裡好好練習。', '體驗室內衝浪，也有專業的教練課程，讓教練針對每個人不同的體能情形，手把手帶你學習衝浪的酷炫特技。\n結束後裡面還有各種娛樂設施像是恆溫泳池、泡泡池、健身房、滑水供會員體驗結束後使用。', 12, '新北市-板橋區', '新北市板橋區華江三路211號1樓', 1, 1, 54, '', ''),
(3, 3, '極限體能王', '2023-10-01', '2023-10-25', '2023/10/28', '11:00~14:00', '極限體能王全新副本開啟！考驗平衡、膽試、協調性、敏捷、爆發力、身體應用能力。', '課程時間90分鐘，依序先熱身，讓教練了解大家體能狀況，接著進行關卡示範教學與練習。\n在此階段，教練會視情況調整關卡難易程度。最後將關卡串聯起來，進行個人挑戰或分組對抗，或者是繼續練習/挑戰其他項目。剩下30分鐘可自由練習關卡。', 14, '台北市-信義區', '台北市信義區基隆路一段25號', 1, 1, 116, '課程時間90分鐘，依序先熱身，讓教練了解大家體能狀況，接著進行關卡示範教學與練習。\n\n在此階段，教練會視情況調整關卡難易程度，最後將關卡串聯起來，進行個人挑戰或分組對抗，或者是繼續練習/挑戰其他項目。', ''),
(4, 4, '海上巡航 包船狂歡', '2023-10-01', '2023-10-25', '2023/10/28', '13:00~15:00', '走向海洋感受浪漫仙境龜山島牛奶海的魅力，享受浪漫帆船融入遼闊山海，並在平靜水域進行水上活動！', '★【浪漫牛奶海】最壯闊！最熱門！ 最夯！最潮！法式雙體帆船豪華派對雙體帆船SUP體驗\n★【說走就走 包船行程】不跟別人湊團併船！不尷尬！好安排！放鬆、自在、玩到瘋！\n★【海上戲水趴】提供SUP立槳、充氣浮具、海上魔毯、音樂派對、紅酒香檳享高端\n★【活動有保障】企業經營！合法船艇！多重保險！救生員教練、教學戒護！\n★【帆船派對FU】感受海洋魅力、享受渡假甜蜜、編織美麗回憶！', 20, '宜蘭縣-頭城鎮', '宜蘭縣頭城鎮烏石遊艇碼頭', 1, 1, 173, '豪華單體遊艇｜龜山島牛奶海。SUP+(賞鯨+繞島)或(登島) (二擇一)。\n龜山島牛奶海SUP+賞鯨+繞島 約3.5-4小時。龜山島牛奶海SUP+登島 約4.5小時(二擇一)：行程上會先到牛奶海拍照，拍完(賞鯨豚+繞島)或(登島)完，再到附近安全的水域下水玩SUP、海上泳池唷～。\n▲ 龜山島登島會於出發日期前20天進行抽籤，若沒有中籤可選擇更改為賞鯨+繞島或退費或改期。\n▲ SUP5組、海上泳池1組、造型泳圈*2個，皆為輪流使用 (無海上溜滑梯)。', '1.若人數不足15人無法成行，將於14日前通知取消或延期。\n\n2.若因天候海況不佳船班取消將於出發前一天17:00前通知。\n\n3.當天須提前30分鐘報到。\n\n4.若有需要暈船藥、浴巾、泳鏡、等個人用品皆需自備，龜山島附近海水鹹度比較鹹，建議攜帶蛙鏡或泳鏡以免眼睛不適唷。\n\n5.本船全面禁止吸菸。\n\n6.下水一律須穿救生衣，不能潛水(包含自潛)。'),
(5, 5, '什麼，城市裡也能潛水？', '2023-10-01', '2023-10-25', '2023/10/28', '11:00~15:00', '不需要舟車勞頓在城市中客製化你的潛水活動! ', '水肺潛水沉船體驗\n座落在台中西屯區的都市水下沈船\n風靡了亞洲海內外的潛水員前來朝聖！\n不需要到外海深處\n在都市中就可以體驗沈船探險\n專屬於水肺潛水員的沈船區\n不會游泳也可以來體驗！', 16, '台中市-西屯區', '台中市西屯區安和西路69號', 2, 1, 27, 'PADI基礎自由潛水員課程是PADI自由潛水員課程的一個分支課程。這是發展鞏固自由潛水技巧的第一步，您將學習基本的自由潛水原理，以及在水池或者平靜水域重點練習閉氣技巧鴨式入水 / 身體姿勢 / 踢腿方式，潛伴制度和模擬救援。', '1.須於場次開始前20-30分鐘至櫃檯報到。\n2.所有參加潛水活動者須填寫健康聲明及潛水責任免責書一份，若因個人健康問題而造成無法潛水者，本公司概不負責。\n3.如未符合健康聲明內容，本公司有權拒絕入場。\n4.禁飛須知：從事潛水過後18小時內禁止飛行。\n5.公司保有潛水活動及預約規範最終解釋權。\n6.取消須知：報到當日如遇不可抗力因素而導致無法潛水，如:地震、颱風，發布陸上警報(以飯店所在地縣市政府頒布狀況為判定準則)導致交通中斷，本館可接受延期或取消。'),
(6, 6, '準備好與好友一決勝負或者來探索古埃及之謎', '2023-10-01', '2023-10-25', '2023/10/28', '10:00~14:00', '雷射槍戰是一種射擊遊戲，在遊戲中每位玩家使用雷射槍去射擊對手或敵方隊伍來取得分數以贏得最後的勝利!!!', '遊戲進行時，每位玩家將會穿著六度空間所提供的感應背心和雷射槍。六度空間的雷射對戰遊戲是非常安全不會有任何疼痛的(除非你很久沒運動肌肉痠痛)，而且也不需要準備任何服裝及裝備，隨時都能與親友一起進行激戰!!!\n感應系統可以讓我們在不同遊戲模式中得到不同的體驗並搭配上您自己的對戰策略，這將會是智力與體力上的挑戰!!!', 16, '台中市-南屯區', '台中市南屯區豐偉路87號B1', 2, 1, 49, '', ''),
(7, 7, '輕航機飛行體驗', '2023-10-01', '2023-10-25', '2023/10/28', '11:00~13:00', '台中輕航機體驗，當一日飛行員!', '無需任何飛行經驗，即可翱翔於藍天白雲間\n專業機師教練全程陪同，最高級的設備帶你俯瞰台中市容\n秉持「專業、合法、安全」三大精神，幫助有心飛向天際的有志之士一圓飛行夢', 18, '台中市-烏日區', '台中市烏日區慶光路59-6號', 2, 1, 110, '透過培訓，日光輕航機場能讓更多民眾一起享受飛行的樂趣，並且掌握優良的飛安知識。\n日光輕航機場的教練們都經過專業的訓練：\n除了輕航機控制、引擎動力系統維護、基本無線電術語、氣學、飛機儀表判讀、飛行準備以及檢查作業程序等，都有專業訓練結業。', '1.注意事項：考量安全因素，體驗者體重不得超過90KG。\n\n2.如有先天性疾病請先告知。\n\n3.活動中請配合教練指示，未聽從教練指示而發生意外，恕無法負責。\n\n4.輕航機體驗飛行雖無特定規範，但參與者須自行評估身體狀況是否有任何的不適，確定身心狀況為適合參與活動者才可報名。\n\n5.本活動進行需視天氣條件而決定是否適合飛行，本機場有權視天候安全情況決定是否取消或更改行程，一切以安全為優先考量。\n\n6.貼心提醒：避免戶外蚊蟲叮咬，建議遊客著長褲及薄外套，或塗抹防蚊液，本場免費提供使用。'),
(8, 8, '台中露營｜森渼原ALIVE Glamping Base', '2023-10-01', '2023-10-25', '2023/10/28', '11:00~14:00', '以大地為床、星空為幕的頂級旅宿體驗！', '懶人豪華露營，入住絕美神殿帳、露營車，享受星級飯店規格寢具住宿！\n配備有舒適的寢具用品、設計精緻的浴廁空間\n一泊三食享受在地食材異國料理的餐飲服務', 12, '台中市-外埔區', '台中市外埔區二崁路700號', 2, 1, 115, '森渼原Glamping 豪華帳篷，不只是帳篷！更是以大地為床、星空為幕的頂級旅宿體驗！Glamping豪華露營區除採用國內外頂級品牌的各式造型帳棚之外，更配備有舒適的寢具用品、設計精緻的浴廁空間，更有在地食材異國料理的餐飲服務與量身訂製打造的各項體驗活動。充分體現了「慵懶」、「放鬆」、「享受」的極致，歡迎來慢活體驗以創意製造生活在大自然中的各種樂趣！\n\n', '1.原區大門出入管制時間為20:00-08:00【20:00~08:00 期間請降低音量】\n車輛請停放指定位置並於原區內行駛車速低於10公里及留意路面狀況注意駕駛。\n2.請落實垃圾不落地的露營原則，請整理完畢後，收放於園區指定垃圾放置點。\n3.原區開放空間佔地寬廣自然生態豐富，走訪原區時請穿著合適服裝，並請勿攀折花草及自身安全。\n4.嚴禁在帳篷內自行烹任及使用高功率電器，若需要野炊請注意食物衛生及參閱相關規定。\n5.為維護草皮及園區環境，明火(營火)烤肉架請設置離地高度40CM 以上(並請於22:00前結'),
(9, 9, '流動小熊DIY手作課程體驗', '2023-10-01', '2023-10-25', '2023/10/28', '11:00~14:00', '藝術來自於生活中每一個細節，最需要先學習放手感受，享受美好瞬間', '不需繪畫基礎、沒有特定框架也能開心體會手作的樂趣\n產品介紹、手做流體小熊DIY體驗', 10, '高雄市-新興區', '高雄市新興區玉竹一街17巷9號2樓', 3, 1, 85, '選擇顏色:每隻熊最多可選5種顏色\n老師將會針對不同色彩給出建議。\n藝術顧問:\n我們將會有老師，於課堂上做講解，讓學生自由創作，有任何疑問老師都會解答。\n創作時間:\n學生將會花大約1個小時得時間將作品完成。\n帶回作品:\n課程結束後，熊將會於教室晾乾，當作品乾掉時，我們將會通知來取貨呦', '1. 本課程僅供單人操作，謝絕攜伴、攜幼與陪同。\n2. 採預約報名。繳費前，請先確定活動時間再報名，上課名單以繳費順序為優先。\n3. 務必詳閱「取消/退訂規則」'),
(10, 10, '遠山望月溫泉風呂露營', '2023-10-01', '2023-10-25', '2023/10/28', '13:00~15:00', '位於高雄六龜的遠山望月溫泉風呂露營體驗，來到這邊遠離都會喧囂，放鬆身心。', '露營的同時，可享受擁有美人湯之稱的碳酸氫鹽泉，浸泡其中有如沐浴於天然化妝水中，具有滋潤肌膚的功效\n遠山望月溫泉風呂露營體驗，返璞歸真的環境氛圍，讓來到六龜寶來中海拔的山區之中的旅人，藉以重新思考真正「生活豐饒」的定義。', 14, '高雄市-六龜區', '高雄市六龜區寶來二巷花賞溫泉公園', 3, 0, 68, '豪華狩獵帳均為雙人房型，部分房型可加閱讀床、枕頭及棉被；部分房型僅能新增軟墊床，每帳人數上限為四人。\n12 歲以下孩童可免費加人，請於訂單備註孩童人數。\n如同行者有行動不便之旅客，建議訂購豪華狩獵帳，如訂購自搭帳，盥洗時請至大眾湯區，請知悉。\n本園區可攜帶寵物入園，如攜帶入內，請使用寵物鍊條、寵物推車或寵物籃，且寵物不得上床，並請清潔寵物之排泄物。', '1.若遇颱風、暴風雪等天候不佳的情況，將於出發前 1 天（當地時間 22:00 ）決定此團是否取消出發，之後將隨時以電子郵件形式通知。\n2.營區內禁止使用耗電量高的產品，如：烘被機、電磁爐、電暖爐、電鍋……以防跳電及電路毀損。\n3.本營地僅提供露營體驗服務，不負責車輛、人員行李之保管責任，請妥善保管自身財物，避免失竊或受損。\n4.在園區或房內自行烹煮，需收取清潔費200元。\n5.露營野炊，請特別留意食物衛生與保存，若食用自備餐飲而身體不適，請自行負責。\n6.嚴禁於草皮上直接生火，烤肉、煮食請離地架高'),
(11, 11, '橋頭水彈槍戰．弓箭對戰體驗', '2023-10-01', '2023-10-25', '2023/10/28', '11:00~15:00', '平均10分鐘即可完成一局水彈槍戰；弓箭對戰項目，享受不同類型的對戰樂趣，一次玩得盡興。', '平均10分鐘即可完成一局水彈槍戰；弓箭對戰項目，享受不同類型的對戰樂趣，一次玩得盡興\n水彈槍安全性高，只要佩戴護目鏡就可以放心玩耍，不用擔心對身體和周邊物件造成破壞\n不會產生污染、環境清理問題，也不像漆彈那樣在您身上殘留油彩\n適合親子同樂的新型態槍戰水彈槍的安全性高於軟氣槍和漆彈槍', 16, '高雄市-橋頭區', '高雄市橋頭區橋南路688-1號', 3, 1, 19, '', ''),
(12, 12, '暢跳體驗', '2023-10-01', '2023-10-25', '2023/10/28', '10:00~14:00', '開放式遊樂大空間以「彈跳」為主題，引進美國製造最高品質的彈跳床設施', '專業美國原廠技師來台技術指導，一起快樂運動\n透過遊戲提升體能與四肢協調性，也可培養孩子學習運用頭腦通過重重未知的關卡，進而具備克服並挑戰困難的心理素質。\n勇者堡壘滑梯遊樂區、XBOX互動遊戲區、雷射迷宮等各項遊樂主題等你來挑戰，加上不定時舉辦躲避球大賽、排球大賽、雷射 PARTY、彈跳團體課程，讓你天天驚喜不斷！', 12, '高雄市-前鎮區', '高雄市前鎮區中安路1-1號（KM PARK Outlets 高雄草衙大道西2樓', 3, 1, 14, '', ''),
(13, 13, '泛舟體驗', '2023-10-01', '2023-10-25', '2023/10/28', '11:00~13:00', '領略秀姑巒溪河岸風光，平川與激流相結合，零經驗也沒問題', '希望能到大自然裡面放鬆身心，相比之下安全係數更高的輕挑戰更能讓人釋放壓力。像原始人一樣駕一葉小舟，時而徜徉於平川、時而飛越激流，驚險刺激的泛舟是放鬆自己的不錯選擇。台灣秀姑巒溪的美無需贅述，此地泛舟之頻繁，無論是教練還是裝備的專業性也相當值得信賴，乘坐最先進的小舟，便可無後顧之憂地盡情放肆了。', 12, '花蓮縣-瑞穗鎮', '秀姑巒溪泛舟中心（花蓮縣瑞穗鎮中山路三段216號）', 4, 1, 15, '秀姑巒溪泛舟中心集合（上游）。穿著裝備－教練指導泛舟基本知識 及安全措施－秀姑巒溪泛舟體驗（4小時）－抵達新長虹橋（下游）－盥洗換裝－結束行程', '1.最少出團人數 6 人，當參加人數未達上述規定的最少成團人數時，將取消旅遊行程，於出發日前 1 天發出取消旅遊的 Email 通知。\n\n2.患有下列疾病或其他不宜受到過度刺激的遊客，請勿參加此項目，如:心臟病、高血壓、氣喘、癲癇、懷孕婦女。\n3.花蓮市區前往泛舟地點約需 2 小時，如欲在花蓮火車站搭車的旅客，請留意火車時間。\n\n4.選擇接送的旅客，可將隨身行李（不含貴重物品）放置於接駁車上，行程結束將至終點站等待上車。\n\n5.業者將於出發前一日透過通訊軟體或電話確認行程資訊，請確保手機訊號暢通。'),
(14, 14, '獵人體驗', '2023-10-01', '2023-10-25', '2023/10/28', '11:00~14:00', '接受傳統弓箭、彈弓的獵人資格考驗，了解先人如何智取獵物', '體驗花東原住民的生活方式，感受阿美族的熱情與好客！\n使用新鮮的竹子和米飯，自己手做美味的竹筒飯\n接受傳統弓箭、彈弓的獵人資格考驗，了解先人如何智取獵物\n學會捕魚和鑽木生火等求生技能\n享用由多種當季野菜煮成的原住民間康風味湯品', 10, '花蓮縣-吉安鄉', '花蓮縣吉安鄉吉興二街231號', 4, 1, 56, '在獵人學校裡，穿上最道地的阿美族傳統服飾，配上情人袋（俗稱檳榔袋，可放日常用品，有向他人暗示自己有了對象的含義）。接受傳統弓箭及彈弓的獵人資格考驗，聆聽長輩們辛苦傳承的文化與智慧，利用山上新鮮竹子當器皿，製作天然竹香米飯，還要告訴你如何靠智慧捕捉獵物以及聰明捕魚，那可是兼具復育的生態智慧。在行程的最後，享用原住民風味湯品，由多種當季也在煮一鍋「野菜湯」，既健康且原味十足。', '1.最少出團人數 2 人，當參加人數未達上述規定的最少成團人數時，將取消旅遊行程，於出發日前 1 天發出取消旅遊的 Email 通知。\n2.因交通、天氣等不可抗力因素所引起的時間延誤，造成部份行程景點取消時，請您主動聯絡客服，我們將會為您辦理部份退款。\n3.若有疾病、過敏等需要指導員特別照顧或注意之情況，請於活動開始前告知。\n4.此為團體活動，請勿單獨行動，並仔細聆聽指導員解說及其他注意事項。\n5.活動中若有任何不適或其他需求，請隨時告知指導員，以便協助。\n6.若活動中不聽從指導員規勸以致身體損傷者'),
(15, 15, '清水斷崖SUP立槳體驗', '2023-10-01', '2023-10-25', '2023/10/28', '11:00~14:00', '在台灣十景之一的花蓮清水斷崖玩SUP，欣賞太平洋海天一色', '專業教練會在岸上進行教學，再帶你破浪出海，探訪開車到不了的私房景點。\n海平面上感受磅礴的斷崖山勢，不同時段出發各有其不同特色。\n專業教練指導陪同，附贈拍照服務，為你捕捉最美的回憶\n體驗近年超夯的立式划槳SUP！站著、坐著、趴著隨你玩！', 12, '花蓮縣-秀林鄉', '花蓮縣秀林鄉海濱路98-2號', 4, 1, 49, '因活動集合時間早​，故前晚務必要提早休息，避免在海上昏昏沉沉錯過了天剛破曉海上迎日出的最美時刻，能在日出照耀下拍出各種生氣蓬勃的照片將是此行最大收穫，雖天氣因素無法保證一定看得到日出，但仍可以看海岸線綿延不絕的壯麗風景。\n​視覺饗宴上午團\n雖然這個時段的太陽高高掛，但也因為這樣光影，清水斷崖才能完全的壯觀呈現在眼前，海水也在陽光照耀下呈現夢幻的湛藍，絕對不可錯過的好時段。\n​​​花蓮海岸的特性就是中午過後太陽就會被高聳的斷崖遮擋且易有雲霧聚集，所以出海時通常會稍微涼快', '1.最少出團人數 4 人，當參加人數未達上述規定的最少成團人數時，將取消旅遊行程，於出發日前 1 天發出取消旅遊的 Email 通知。\n\n2.患有下列疾病或其他不宜受到過度刺激的遊客，請勿參加此項目，如:高血壓、心臟病、氣喘、癲癇、懷孕婦女。\n\n3.請務必於 10 分鐘前抵達指定地點，為避免耽誤之後行程，逾時不候。\n4.下雨但海況佳則活動將照常進行，但遇豪大雨或打雷則調整活動或取消。\n'),
(16, 16, '野猴子探險森林', '2023-10-01', '2023-10-25', '2023/10/28', '13:00~15:00', '擁抱台灣東部亞熱帶森林的壯麗美景', '欣賞花蓮鬱鬱葱葱的茂盛綠植跟著中文教練的腳步，穿越迷宮般的森林，從樹梢上欣賞山脈和平原的全景，體驗樹頂探險、空中迷宮、森林溜索。', 12, '花蓮縣-壽豐鄉', '花蓮縣壽豐鄉月眉路三段10號', 4, 1, 42, '全長約莫 500 公尺的空中路線，包含滑索，棧道，吊橋與爬梯等關卡，繞行森林一周。站在樹木的高度俯瞰花蓮美景，近距離觀察森林生態，一起來體驗泰山叢林飛躍樂趣', '1.最少出團人數 2 人，當參加人數未達上述規定的最少成團人數時，將取消旅遊行程，於出發日前 3 天發出取消旅遊的 Email 通知。\n2.患有下列疾病或其他不宜受到過度刺激的遊客，請勿參加此項目，如:心臟病、高血壓、懷孕婦女、癲癇、懼高症、氣喘。\n3.請根據季節變化穿著輕便褲裝、包鞋、運動鞋，穿裙子、拖鞋一律禁止參加。\n4.戶外活動常受不同氣候影響（大太陽、下雨），除非是颱風或是停止上班上課，其餘照常舉行活動，指導員會安排在安全情況下進行，敬請知悉。\n5.若有不適宜參加者，請活動前主動告知，請勿隱瞞'),
(17, 17, '探索古道奇跡之旅 - 大溪老街古蹟漫遊', '2023-10-01', '2023-10-25', '2023/10/28', '11:00~15:00', '走進時光隧道，漫遊大溪老街，發現古老建築之美。這是一場穿越歷史的奇妙之旅。', '漫步在台灣大溪古老街區，感受悠久歷史。專業導覽帶領，解說每個古蹟背後的故事。', 10, '桃園市-大溪區', '桃園市大溪區復興路一段385號', 1, 1, 56, '月眉停車場集合－大溪吊橋－崁津步道－大溪公園－蔣公行館（藝文之家）－武德殿－百年古井－中山老街－建成商行－和平老街（w.c）－步道－大溪公園－蔣公行館（藝文之家）－武德殿－百年古井－中山老街－建成商行－和平老街（w.c）－步道－大溪公園－蔣公行館（藝文之家）－武德殿－百年古井－中山老街－建成商行－和平老街－福仁宮（w.c）－月眉通道－迷宮巷－普濟堂（w.c）－香客便道－快樂賦歸（3小時）。', '1.請遵從領隊的行程安排、引導，勿脫隊行動。 ‧ 行程中若有身體不適，務請告知領隊，謝謝。2.行程途中如遇天候等不可抗力之特殊因素影響而封山，致使無法完成行程，本旅行社有權變更旅程、遊覽項目或更換食宿；變更後若節省之支出經費，將於返回後，另行通知退還。3.以完成報名手續為優先，其餘列為後補。'),
(18, 18, '踏上仙境徒步之旅 - 溪頭自然步道探秘', '2023-10-01', '2023-10-25', '2023/10/28', '10:00~14:00', '與大自然對話，徒步溪頭自然步道。這是一場深度探索山水間奧妙之旅。', '在台灣南投溪頭，跟隨自然步道，穿越原始森林，發現瀑布、溪流，沉浸於山水之美。', 12, '南投縣-仁愛鄉', '南投縣仁愛鄉仁和路14號', 2, 1, 48, '開車到中社路二段「大崙尾山」公車終點站→翠山步道→大崙頭山 , 小百岳, 臺北市加密控制點→大崙頭山親山步道拓印亭→乘風堡觀景台→碧山路大崙湖→竹林祕境→大崙尾山親山步道碧溪產業道路登山口→大崙尾山親山步道拓印亭→大崙尾東峰, 士林街造林地境界標→大崙尾山, 臺北市加密控制點→大崙尾山步道中社路登山口→平等里平菁街→溫暖的家。', '1.登山初行稍慢，步幅不宜長，調整步伐，速度要穩定，逐漸增加速度，以大腿帶動膝蓋和小腿前進，逐步而行，保持平衡及韻律。2.登山步行，上半身稍前傾，將重心置於腰部並保持穩定，腳踏實地，體重由腳平均負擔。 3.休息要適當，中途休息不可太久，以每小時五至十分鐘，每三小時大休息一次，時間約為二十分鐘為原則'),
(19, 19, '星夜浪漫騎行 - 阿里山夜間單車之旅', '2023-10-01', '2023-10-25', '2023/10/28', '11:00~13:00', '遠離塵囂，騎行於阿里山星夜。這是一場令人陶醉於夜空星光的浪漫騎行體驗。', '夜晚的阿里山，星光璀璨。騎著自行車穿越山間小徑，沐浴在星夜浪漫氛圍中。', 12, '嘉義縣-阿里山鄉', '嘉義縣阿里山鄉新中橫公路605號', 3, 1, 20, '', ''),
(20, 20, '海灣暢遊 - 墾丁龍磐公園浮潛探險', '2023-10-01', '2023-10-25', '2023/10/28', '11:00~14:00', '與海底世界相遇，展開墾丁龍磐公園浮潛探險。這是一場水下奇幻之旅。', '於台灣墾丁，穿梭於龍磐公園浮潛區，探索繽紛珊瑚礁、熱帶魚群，感受海底世界的奇妙。', 10, '屏東縣-恆春鎮', '屏東縣恆春鎮南灣路鞍山巷66號', 3, 1, 20, '台灣做為一個海島國家，有非常多適合浮潛的潛水地點，不但可以跟魚群游泳、欣賞美麗的珊瑚，運氣好的話還可以跟海龜一起共游，壯觀的海底景觀一點也不輸國外，加上南台灣一年四季都很適合浮潛水，對於熱愛浮潛你不必出國，也可以在台灣樂當美人魚喔。', '說到蘭嶼，大家一定會異口同聲答達悟族了。因為具有離島的地理優勢，蘭嶼是全台灣原住民文化保存最為完整的地方，也因此吸引許多旅客前往體驗，像是拼板舟、飛魚料理等可說是經典啊！幸運的話，還可以看到飛魚季等一系列慶典活動。想要來趟文化之旅，體驗達悟族人生活智慧及傳統，蘭嶼就是你的最佳選擇！'),
(21, 21, '高山驚艷 - 合歡山花季登山之旅', '2023-10-01', '2023-10-25', '2023/10/28', '11:00~14:00', '征服高峰，沐浴花海。參與合歡山花季登山，感受高山之美。', '在台灣合歡山，攀登至海拔高峰，花季時分山頭綻放五彩繽紛花朵，一場高山花海之旅。', 12, '南投縣-仁愛鄉', '南投縣仁愛鄉仁和路50號', 2, 1, 47, '2023年合歡山杜鵑花季期間合歡山指定路段將實施交通管制，至於南投客運也將視情況加開班次，鼓勵民眾搭乘大眾運輸工具。\n如果民眾想要查看合歡山杜鵑花最新花況，可以追蹤太魯閣國家公園粉絲專頁，將不定期更新合歡山杜鵑花的花況報導。合歡山杜鵑花的種類繁多，包括玉山杜鵑、台灣高山杜鵑、紅毛杜鵑等，將一路從低海拔開始綻放至高海拔山區。', '而若是想要搭乘大眾運輸工具的民眾，可以事先預訂花季公車，南投客運也將於4月8日起至6月11日，視每日預約人數增開公車班次。建議民眾事先完成賞花客運預約，可以享有優先搭乘的權利，也能夠避免自駕疲勞和路途塞車。'),
(22, 22, '沙灘夢幻之夜 - 蘭嶼夜光海生態尋奇', '2023-10-01', '2023-10-25', '2023/10/28', '13:00~15:00', '沙灘之夜，海上耀眼夜光。加入蘭嶼夜光海尋奇之旅，感受沙灘夢幻魅力。', '蘭嶼的夜光海，星星點點浮於海面，猶如夢幻仙境。專業導覽解說，深度體驗海洋生態之美。', 10, '台東縣-蘭嶼鄉', '台東縣蘭嶼鄉37號', 4, 1, 46, '騎機車探索蘭嶼鄉親的口袋名單秘境，老少咸宜趣味無限。\n在地認證導遊帶領，幽默風趣解說蘭嶼生態新知識。\n尋訪角鴞、棋盤腳魔鬼樹、左旋蝸牛、珠光鳳蝶等蘭嶼特有種', '1.請注意交通安全，島上公路時有碎石及豬、羊行經中，遊客在路況不熟之下，騎車請減速慢行，以策安全。2.蘭嶼島上並無『紅綠燈』，行經部落，請注意岔路和行人。3.從事野外活動，尤其登山和溯溪時，切記不要獨行，以免發生危險無人救應。 4.海上活動暗藏許多危機，請在當地的嚮導帶領下方可進行，並遵守活動規則，以免造成憾事。'),
(23, 23, '森林冒險挑戰 - 台東知本溫泉生態探索', '2023-10-01', '2023-10-25', '2023/10/28', '11:00~15:00', '森林深處，湯泉涌現。參與知本溫泉生態探索，享受森林冒險挑戰。', '於台東知本，踏入綠意濃密的溫泉森林，感受大自然的療癒力。深度探索，發現隱藏在森林中的美妙。', 10, '台東縣-卑南鄉', '台東縣泰安村泰安路486-10號', 4, 1, 23, '', ''),
(24, 24, '草原奔馳之旅 - 台中梨山草原越野機車探險', '2023-10-01', '2023-10-25', '2023/10/28', '10:00~14:00', '草原廣闊，風景奔馳。加入梨山草原越野機車探險，感受草原風情。', '在台中梨山，穿梭於廣大草原，機車奔馳於風光明媚的山坡上，挑戰極速探險。', 12, '台中市-和平區', '台中市和平區中興路三段16-8號', 2, 1, 28, '開車到中社路二段「大崙尾山」公車終點站→翠山步道→大崙頭山 , 小百岳, 臺北市加密控制點→大崙頭山親山步道拓印亭→乘風堡觀景台→碧山路大崙湖→竹林祕境→大崙尾山親山步道碧溪產業道路登山口→大崙尾山親山步道拓印亭→大崙尾東峰, 士林街造林地境界標→大崙尾山, 臺北市加密控制點→大崙尾山步道中社路登山口→平等里平菁街→溫暖的家。', '1.登山初行稍慢，步幅不宜長，調整步伐，速度要穩定，逐漸增加速度，以大腿帶動膝蓋和小腿前進，逐步而行，保持平衡及韻律。2.登山步行，上半身稍前傾，將重心置於腰部並保持穩定，腳踏實地，體重由腳平均負擔。3.休息要適當，中途休息不可太久，以每小時五至十分鐘，每三小時大休息一次，時間約為二十分鐘為原則'),
(25, 25, '溪流歡樂漂流 - 花蓮石梯坪泛舟冒險', '2023-10-01', '2023-10-25', '2023/10/28', '11:00~13:00', '溪水歡笑，冒險之心。加入石梯坪泛舟活動，感受溪流歡樂漂流之樂。', '在台灣花蓮石梯坪，搭乘泛舟，穿越急流，歡笑聲在溪水間回蕩。', 12, '花蓮縣-秀林鄉', '花蓮縣秀林鄉海濱路48-2號', 4, 1, 29, '', ''),
(26, 26, '科技魔法工作坊 - 動手製作機器人的有趣旅程', '2023-10-01', '2023-10-25', '2023/10/28', '11:00~14:00', ' 融合科技與創意，親子一同參與製作機器人的有趣工作坊，啟發未來科學家！', ' 在這個充滿科技魔法的工作坊中，孩子們將親手打造自己的小型機器人，學習基礎的電子學和編程概念。透過遊戲與實作，啟發創造力並激發科學興趣。適合6歲以上兒童參加', 12, '台北市-中正區', '台北市中正區中山南路7號', 1, 1, 17, '', ''),
(27, 27, '經典藝術沙龍 - 沉浸名畫世界的藝術之夜', '2023-10-01', '2023-10-25', '2023/10/28', '11:00~14:00', '藝術家與你相約，一同沉浸於名畫之美，品味經典藝術的奇妙之夜。', '這場藝術沙龍將引領您走進經典名畫的世界，深度解讀畫作背後的故事，並進行手作藝術創作。在輕鬆的氛圍中，享受與藝術家互動的美好時光。適合藝術愛好者與初學者。', 10, '台中市-西區', '台中市西區美村路一段389號', 2, 1, 23, '', ''),
(28, 28, '漫遊太空奇境 - 虛擬實境太空探險之旅', '2023-10-01', '2023-10-25', '2023/10/28', '13:00~15:00', '穿越星際，感受虛擬實境太空奇境。挑戰極限，冒險未知星系的探索之旅。', '這是一場虛擬實境冒險，穿戴VR裝置，置身於太空中。感受浩瀚星系、懸浮在彗星旁，猶如置身奇幻太空之中。結合最新科技，打造身歷其境的太空體驗。', 14, '新北市-三峽區', '新北市三峽區三樹路2號', 1, 1, 18, '', ''),
(29, 29, '美食大師廚藝班 - 一場味蕾的創意狂歡', '2023-10-01', '2023-10-25', '2023/10/28', '11:00~15:00', '廚藝藝術，親手打造美味佳餚。加入美食大師班，展現獨特創意，享受烹飪樂趣。', ' 在這場廚藝班中，由專業廚師傳授烹飪技巧，學習精緻菜餚製作，並發揮個人創意，打造獨特口味。無論是初學者或是廚藝愛好者，都能在這裡挖掘烹飪的樂趣。', 16, '台南市-北區', '台南市北區西門路四段101號', 3, 1, 15, '', ''),
(30, 30, '奇幻電玩體驗 - 虛擬現實VR遊戲之夜', '2023-10-01', '2023-10-25', '2023/10/28', '10:00~14:00', ' 走進虛擬世界，感受身歷其境的遊戲奇幻。這是一場令人著迷的VR電玩之旅。', ' 透過先進的虛擬現實技術，參與者將沉浸在電玩世界中。挑戰各種虛擬場景，從恐龍時代到未來科技城市，每一步都是奇幻冒險。', 16, '高雄市-左營區', '高雄市左營區實踐路101號', 3, 1, 16, '', ''),
(31, 31, '音樂大師工作坊 - 學習創作屬於你的音樂故事', '2023-10-01', '2023-10-25', '2023/10/28', '11:00~13:00', '音樂創作新體驗，參與音樂大師工作坊，一同譜寫屬於自己的動人樂章。', ' 在這場音樂工作坊中，將由專業音樂家指導，從基礎音樂理論到創作技巧，讓參與者發揮創意，寫下屬於自己的音樂故事。', 12, '新竹市-東區', '新竹市東區光復路二段101號', 1, 1, 22, '', ''),
(32, 32, '戲劇表演工作坊 - 融入舞台，演繹人生故事', '2023-10-01', '2023-10-25', '2023/10/28', '11:00~14:00', '舞台魔法，戲劇表演新體驗。參與工作坊，挑戰演技，展現人生故事。', ' 融入戲劇世界，由資深表演導師指導，學習表演技巧、情感演繹，透過劇本演繹自己的人生片段。適合戲劇愛好者與初學者。', 12, '台中市-南區', '台中市南區南平路36號', 2, 1, 15, '', ''),
(33, 33, '電影手作工作坊 - 打造個人風格的影視道具', '2023-10-01', '2023-10-25', '2023/10/28', '11:00~14:00', '走進電影世界，親手製作影視道具。這是一場融入電影手作，發揮創意的工作坊。', '參與者將學習電影道具製作的基本技巧，從原型設計到手作實踐，創造出個人風格的影視道具。', 12, '台南市-東區', '台南市東區崇善路151號', 3, 1, 19, '', ''),
(34, 34, '山林徒步探秘 - 太魯閣奇峰遠足之旅', '2023-10-01', '2023-10-25', '2023/10/28', '13:00~15:00', '探索太魯閣美景，徒步穿越奇峰。挑戰山徑，品味大自然之美。', '在台灣太魯閣國家公園，沿著古老山徑遠足，穿越壯麗峽谷與奇特岩層，感受大自然的獨特魅力。', 12, '花蓮縣-秀林鄉', '花蓮縣秀林鄉和平村263號', 4, 1, 22, '開車到中社路二段「大崙尾山」公車終點站→翠山步道→大崙頭山 , 小百岳, 臺北市加密控制點→大崙頭山親山步道拓印亭→乘風堡觀景台→碧山路大崙湖→竹林祕境→大崙尾山親山步道碧溪產業道路登山口→大崙尾山親山步道拓印亭→大崙尾東峰, 士林街造林地境界標→大崙尾山, 臺北市加密控制點→大崙尾山步道中社路登山口→平等里平菁街→溫暖的家。', '登山初行稍慢，步幅不宜長，調整步伐，速度要穩定，逐漸增加速度，以大腿帶動膝蓋和小腿前進，逐步而行，保持平衡及韻律。 登山步行，上半身稍前傾，將重心置於腰部並保持穩定，腳踏實地，體重由腳平均負擔。 休息要適當，中途休息不可太久，以每小時五至十分鐘，每三小時大休息一次，時間約為二十分鐘為原則'),
(35, 35, '海灣冒險激流 - 宜蘭綠美溪泛舟之旅', '2023-10-01', '2023-10-25', '2023/10/28', '11:00~15:00', ' 奮鬥激流，體驗宜蘭綠美溪泛舟。歡笑與水流共挑戰。', '漂流於宜蘭綠美溪，途中穿越急流與翠綠林蔭，全家歡樂參與，體驗刺激冒險。', 10, '宜蘭縣-冬山鄉', '宜蘭縣冬山鄉永興路一段257號', 1, 1, 25, '', ''),
(36, 36, '星光露營之夜 - 溪頭星空露營體驗', '2023-10-01', '2023-10-25', '2023/10/28', '10:00~14:00', '山谷星夜，體驗溪頭星空露營。仰望星辰，享受大自然的寧靜之夜。', ' 在台灣南投溪頭，露營於清涼山谷，沉浸在星光中。專業導覽解說星座，共享難得寧靜夜晚。', 14, '南投縣-仁愛鄉', '南投縣仁愛鄉仁和路43號1樓', 2, 1, 25, '', ''),
(37, 37, '海岸寶藏狩獵 - 蓮花池浮潛寶石獵奇', '2023-10-01', '2023-10-25', '2023/10/28', '11:00~13:00', '蓮花池寶藏，展開浮潛尋寶之旅。挖掘海底寶石，感受海岸奇幻之美。', '深入台灣東海岸，蓮花池浮潛區，尋找海底珊瑚寶石，品味大海豐富生態。', 16, '宜蘭縣-頭城鎮', '宜蘭縣頭城鎮青雲路三段126號', 1, 1, 26, '', ''),
(38, 38, '山嶺攀登之旅 - 喀拉業山高山登頂', '2023-10-01', '2023-10-25', '2023/10/28', '11:00~14:00', '突破高山巔峰，攀登喀拉業山。遠眺山谷，感受登頂之榮耀。', '在台灣合歡山脈，挑戰喀拉業山高峰。攀登頂峰，俯瞰雲海山川，享受高山登頂的成就感。', 12, '南投縣-仁愛鄉', '南投縣仁愛鄉大同村忠孝巷', 2, 1, 25, '開車到中社路二段「大崙尾山」公車終點站→翠山步道→大崙頭山 , 小百岳, 臺北市加密控制點→大崙頭山親山步道拓印亭→乘風堡觀景台→碧山路大崙湖→竹林祕境→大崙尾山親山步道碧溪產業道路登山口→大崙尾山親山步道拓印亭→大崙尾東峰, 士林街造林地境界標→大崙尾山, 臺北市加密控制點→大崙尾山步道中社路登山口→平等里平菁街→溫暖的家。', '登山初行稍慢，步幅不宜長，調整步伐，速度要穩定，逐漸增加速度，以大腿帶動膝蓋和小腿前進，逐步而行，保持平衡及韻律。 登山步行，上半身稍前傾，將重心置於腰部並保持穩定，腳踏實地，體重由腳平均負擔。 休息要適當，中途休息不可太久，以每小時五至十分鐘，每三小時大休息一次，時間約為二十分鐘為原則'),
(39, 39, '湖畔自行車之旅 - 日月潭畔風光騎行', '2023-10-01', '2023-10-25', '2023/10/28', '11:00~14:00', ' 風情湖畔，沿著日月潭騎行。感受微風湖光，享受自行車湖畔之旅。', '漫遊於台灣日月潭畔，騎行自行車，欣賞湖光山色。途中探訪文創村落，品味湖畔風情。', 14, '南投縣-魚池鄉', '南投縣魚池鄉中山路8號', 2, 1, 27, '', ''),
(40, 40, '雲端步道漫遊 - 阿里山神木湖登山健行', '2023-10-01', '2023-10-25', '2023/10/28', '13:00~15:00', '徜徉雲端，登上阿里山神木湖。沿著步道徒步，感受山林靜謐之美。', ' 在台灣阿里山，登上神木湖，漫遊雲端步道。沿途欣賞奇花異木，深入原始森林。', 12, '嘉義縣-阿里山鄉', '嘉義縣阿里山鄉2鄰36號', 3, 1, 26, '開車到中社路二段「大崙尾山」公車終點站→翠山步道→大崙頭山 , 小百岳, 臺北市加密控制點→大崙頭山親山步道拓印亭→乘風堡觀景台→碧山路大崙湖→竹林祕境→大崙尾山親山步道碧溪產業道路登山口→大崙尾山親山步道拓印亭→大崙尾東峰, 士林街造林地境界標→大崙尾山, 臺北市加密控制點→大崙尾山步道中社路登山口→平等里平菁街→溫暖的家。', '登山初行稍慢，步幅不宜長，調整步伐，速度要穩定，逐漸增加速度，以大腿帶動膝蓋和小腿前進，逐步而行，保持平衡及韻律。 登山步行，上半身稍前傾，將重心置於腰部並保持穩定，腳踏實地，體重由腳平均負擔。 休息要適當，中途休息不可太久，以每小時五至十分鐘，每三小時大休息一次，時間約為二十分鐘為原則'),
(41, 41, '浪漫熱氣球之旅 - 高空熱氣球飄浮仙境', '2023-10-01', '2023-10-25', '2023/10/28', '11:00~15:00', '翱翔仙境，挑戰高空熱氣球飄浮。俯瞰大地，享受浪漫熱氣球之旅。', '於台灣平原上，搭乘熱氣球，飄浮於高空仙境。俯瞰山川湖泊，感受浪漫飛行體驗。', 12, '桃園市-復興區', '桃園市復興區華陵里21-1號 ', 1, 1, 32, '', ''),
(42, 42, '林間生態尋奇 - 墾丁龍磐步道生態探險', '2023-10-01', '2023-10-25', '2023/10/28', '10:00~14:00', '森林尋奇，穿越墾丁龍磐步道。探索生態奧秘，享受大自然探險之旅。', '踏足墾丁龍磐步道，穿越原始森林，尋找樹海中的奇幻生態。', 10, '屏東縣-恆春鎮', '屏東縣恆春鎮南灣路鞍山巷66號', 3, 1, 29, '開車到中社路二段「大崙尾山」公車終點站→翠山步道→大崙頭山 , 小百岳, 臺北市加密控制點→大崙頭山親山步道拓印亭→乘風堡觀景台→碧山路大崙湖→竹林祕境→大崙尾山親山步道碧溪產業道路登山口→大崙尾山親山步道拓印亭→大崙尾東峰, 士林街造林地境界標→大崙尾山, 臺北市加密控制點→大崙尾山步道中社路登山口→平等里平菁街→溫暖的家。', '登山初行稍慢，步幅不宜長，調整步伐，速度要穩定，逐漸增加速度，以大腿帶動膝蓋和小腿前進，逐步而行，保持平衡及韻律。 登山步行，上半身稍前傾，將重心置於腰部並保持穩定，腳踏實地，體重由腳平均負擔。 休息要適當，中途休息不可太久，以每小時五至十分鐘，每三小時大休息一次，時間約為二十分鐘為原則'),
(43, 43, '湖畔草原野餐 - 日月潭畔自然野餐之旅', '2023-10-01', '2023-10-25', '2023/10/28', '11:00~13:00', '綠意湖畔，享受日月潭畔野餐。沐浴陽光，感受湖光草色之美。', '於日月潭湖畔，準備野餐，沉浸在綠意湖光中。遠離塵囂，感受自然寧靜。', 10, '南投縣-魚池鄉', '南投縣魚池鄉中山路291-26號', 2, 1, 30, '', ''),
(44, 44, '夢幻花海攝影之旅 - 三峽櫻花季隨拍', '2023-10-01', '2023-10-25', '2023/10/28', '11:00~14:00', '漫步花海，捕捉櫻花美景。攝影者夢幻時刻，三峽櫻花季的浪漫之旅。', '櫻花盛開於三峽老街，攝影者可沿著古街巷弄，捕捉櫻花風情，創作美麗攝影作品。', 12, '新北市-三峽區', '新北市三峽區79號', 1, 1, 34, '', ''),
(45, 45, '歷史探險遊 - 台南古蹟巡禮之旅', '2023-10-01', '2023-10-25', '2023/10/28', '11:00~14:00', '步入古城，探索台南古蹟。歷史漫遊，體驗悠久文化，沉浸在古老街巷中。', '台南充滿歷史古蹟，包括赤崁樓、安平古堡等，導覽員將帶領遊客深入探索台南豐富的歷史文化。詳細地址：台南市中西區。', 10, '台南市-中西區', '台南市中西區正興街92號', 3, 1, 31, '', ''),
(46, 46, '山水畫意 - 宜蘭蘭陽平原油畫創作工作坊', '2023-10-01', '2023-10-25', '2023/10/28', '13:00~15:00', '墨染大地，踏入蘭陽平原。油畫創作工作坊，挑戰藝術創意，描繪山水風情。', '在宜蘭蘭陽平原，參與者將學習油畫技巧，描繪大地風光，創作出屬於自己的山水畫作品。', 12, '宜蘭縣-蘇澳鎮', '宜蘭縣蘇澳鎮港區路8號', 1, 1, 14, '', ''),
(47, 47, '極速賽車體驗 - 台中車迷極速飆車之夜', '2023-10-01', '2023-10-25', '2023/10/28', '11:00~15:00', ' 灼熱馳騁，感受台中極速賽道。賽車體驗者，挑戰極速快感。', '台中賽車場舉辦極速體驗活動，參與者將有機會駕駛賽車，體驗極速飆車的刺激與挑戰。', 16, '台中市-南區', '台中市南區工學北路2號', 2, 1, 4, '', ''),
(48, 48, '自然尋寶之旅 - 花蓮秘境瀑布藏寶地', '2023-10-01', '2023-10-25', '2023/10/28', '10:00~14:00', '探索秘境，發現花蓮瀑布寶藏。尋寶者歷險，沐浴自然美景。', '在花蓮山區，隨導覽員尋找隱藏瀑布，探險者將穿越原始森林，發現秘境中的自然寶藏。', 10, '花蓮縣-秀林鄉', '花蓮縣秀林鄉263號', 4, 1, 6, '', ''),
(49, 49, '浪漫燈海夜遊 - 彰化八卦山燈區遊走', '2023-10-01', '2023-10-25', '2023/10/28', '11:00~13:00', '燈光綻放，漫步八卦山。浪漫夜遊者，沉醉在燈海的溫馨氛圍。', ' 彰化八卦山舉辦燈區活動，參與者可夜間漫遊於燈海之間，感受浪漫的夜晚氛圍。', 16, '彰化縣-鹿港鎮', '彰化縣鹿港鎮某旦巷85號505', 2, 1, 14, '', ''),
(50, 50, '高山星空露營 - 台東夜間星光露營之旅', '2023-10-01', '2023-10-25', '2023/10/29', '11:00~14:00', '登上高山，露營星空下。星空露營者，盡情沉浸在宇宙奇蹟。', '台東高山地區提供高海拔露營體驗，參與者可欣賞到高山夜空中清晰的星光，享受星空露營之樂。', 14, '台東縣-鹿野鄉', '台東縣鹿野鄉新源路85巷68號', 4, 1, 13, '', ''),
(51, 51, '古道探奇之旅 - 嘉義阿里山神木湖古道徒步', '2023-10-01', '2023-10-25', '2023/10/30', '11:00~14:00', '踏上古道，探訪神木湖。古道探險者，感受神秘山野之美。', '阿里山神木湖古道徒步，導覽員帶領參與者穿越原始樹海，探索古老山徑的神秘之旅。', 12, '嘉義縣-阿里山鄉', '嘉義縣阿里山鄉伊利雅娜部落聯絡道', 3, 1, 12, '', ''),
(52, 52, '海灘沙雕藝術 - 墾丁白沙灣藝術沙雕創作', '2023-10-01', '2023-10-25', '2023/10/31', '13:00~15:00', ' 白沙灣藝術，挑戰沙雕巧思。沙雕藝術家，在墾丁展現創意天地。', '墾丁白沙灣舉辦沙雕藝術創作活動，藝術家們在沙灘上展現獨特巧思，打造出令人驚艷的沙雕藝術品。', 12, '屏東縣-恆春鎮', '屏東縣恆春鎮樹林路51-10號', 3, 1, 15, '', '');

-- --------------------------------------------------------

--
-- 資料表結構 `eventsimg`
--

CREATE TABLE `eventsimg` (
  `img_id` int(11) NOT NULL,
  `events_id` int(11) DEFAULT NULL,
  `img_file` varchar(255) DEFAULT NULL,
  `show_first` int(11) DEFAULT NULL
) ENGINE=InnoDB DEFAULT CHARSET=latin1 COLLATE=latin1_swedish_ci;

--
-- 傾印資料表的資料 `eventsimg`
--

INSERT INTO `eventsimg` (`img_id`, `events_id`, `img_file`, `show_first`) VALUES
(1, 1, 'pexels-allan-mas-5384641.webp', 1),
(2, 1, 'pexels-cottonbro-studio-6700629.webp', 0),
(3, 1, 'pexels-cottonbro-studio-6701735.webp', 0),
(4, 1, 'pexels-skitterphoto-9606.webp', 0),
(5, 2, 'pexels-guy-kawasaki-1654493.webp', 1),
(6, 2, 'pexels-nataliya-vaitkevich-4944685.webp', 0),
(7, 2, 'pexels-pixabay-390051.webp', 0),
(8, 2, 'pexels-ray-bilcliff-1494720.webp', 0),
(9, 3, 'IMG_4923.webp', 1),
(10, 3, '242748793_238343778272715_9070842738044796765_n-scaled.webp', 0),
(11, 3, 'SIRH5811-scaled.webp', 0),
(12, 3, '243273135_564899844775265_3407748544771119618_n-scaled.webp', 0),
(13, 4, 'y3othfzvpdfin6jzrg8l.webp', 1),
(14, 4, '44348020-bc48-11ea-adfc-54f3c74b6ebd.webp', 0),
(15, 4, '62da2d4c36bd1.webp', 0),
(16, 4, '62abfe345714d.webp', 0),
(17, 5, 'diving05.webp', 1),
(18, 5, 'diving02.webp', 0),
(19, 5, 'diving04.webp', 0),
(20, 5, 'pexels-emma-li-5106323.webp', 0),
(21, 6, 'fight-1400-x-650.webp', 1),
(22, 6, 'gamezone-warzone-1400x650.webp', 0),
(23, 6, 'Haloween-deco-2-1400x650.webp', 0),
(24, 6, 'vest-1400-650.webp', 0),
(25, 7, 'btcwuzwdqsfjiyypkwnc.webp', 1),
(26, 7, 'aljkscoyuprghodgxnbr.webp', 0),
(27, 7, '49889287313_99a38fb7b0_b.webp', 0),
(28, 7, '43001627061_25d2de10d8_h.webp', 0),
(29, 8, '2.webp', 1),
(30, 8, '21.webp', 0),
(31, 8, '1.webp', 0),
(32, 8, '06.webp', 0),
(33, 9, '20230309172543_64.webp', 1),
(34, 9, '20230306214505_19.webp', 0),
(35, 9, '20230306214508_95.webp', 0),
(36, 9, '20230309172600_33.webp', 0),
(37, 10, 'pexels-cottonbro-studio-5358788.webp', 1),
(38, 10, 'pexels-baihaki-hine-4314203.webp', 0),
(39, 10, 'pexels-cottonbro-studio-5994748.webp', 0),
(40, 10, 'room-4_1.webp', 0),
(41, 11, '2306020935194198024120.webp', 1),
(42, 11, '2306020934369208305330.webp', 0),
(43, 11, '2306020935351806732615.webp', 0),
(44, 11, 'jpg.webp', 0),
(45, 12, 'qkmjrrpiouzla7uxents.webp', 1),
(46, 12, 'e3wyiumlbolwq0gcepx6.webp', 0),
(47, 12, 'qkmjrrpiouzla7uxents.webp', 0),
(48, 12, 'abtwmwhqrvoq6xd2oxsp.webp', 0),
(49, 13, 'pexels-brett-sayles-2348108.webp', 1),
(50, 13, 'pexels-tom-fisk-1732278.webp', 0),
(51, 13, 'pexels-tom-fisk-1732281.webp', 0),
(52, 13, 'pexels-tom-fisk-1732284.webp', 0),
(53, 14, '12.webp', 1),
(54, 14, '13.webp', 0),
(55, 14, '20200807_171227-scaled.webp', 0),
(56, 14, '20200821_111525-scaled.webp', 0),
(57, 15, 'pexels-vanngo-ng-17237155.webp', 1),
(58, 15, 'pexels-laura-stanley-1790184.webp', 0),
(59, 15, 'pexels-kindel-media-7426143.webp', 0),
(60, 15, 'pexels-chris-clark-7432774.webp', 0),
(61, 16, '20210922230712_16.webp', 1),
(62, 16, '1234.webp', 0),
(63, 16, 'jpg (2).webp', 0),
(64, 16, 'jpg (1).webp', 0),
(65, 17, '100.webp', 1),
(66, 17, '99.webp', 0),
(67, 17, '97.webp', 0),
(68, 18, '20191030135612_76510.webp', 1),
(69, 18, '20191030141933_45718.webp', 0),
(70, 18, '20191030142622_42036.webp', 0),
(71, 19, 'image2-1024x683.webp', 1),
(72, 19, 'image3-1024x683.webp', 0),
(73, 19, 'image6-1024x683.webp', 0),
(74, 20, '96.webp', 1),
(75, 20, '95.webp', 0),
(76, 20, 'P7240199.webp', 0),
(77, 21, '2023-1.webp', 1),
(78, 21, 'unnamed-file-100.webp', 0),
(79, 21, 'unnamed-file-103.webp', 0),
(80, 22, '93.webp', 1),
(81, 22, '94.webp', 0),
(82, 22, '92.webp', 0),
(83, 23, '1024x768.webp', 1),
(84, 23, '1024x768 (2).webp', 0),
(85, 23, '1024x768 (1).webp', 0),
(86, 24, '63625a7843855e32971c0c21f25e777e.webp', 1),
(87, 24, '1629245384-765323400-g_n.webp', 0),
(88, 24, 'lishan-960.webp', 0),
(89, 25, 'show_22_1.webp', 1),
(90, 25, '91.webp', 0),
(91, 25, '90.webp', 0),
(92, 26, '89.webp', 1),
(93, 26, '88.webp', 0),
(94, 26, '87.webp', 0),
(95, 27, '1909170244042083851951.webp', 1),
(96, 27, '195.webp', 0),
(97, 27, '86.webp', 0),
(98, 28, '4045166.webp', 1),
(99, 28, '4045167.webp', 0),
(100, 28, '4045168.webp', 0),
(101, 29, 'f8.webp', 1),
(102, 29, '74.webp', 0),
(103, 29, '123.webp', 0),
(104, 30, '72.webp', 1),
(105, 30, 'BD0200_P_02_02.webp', 0),
(106, 30, '73.webp', 0),
(107, 31, '18.webp', 1),
(108, 31, '07.webp', 0),
(109, 31, '12345.webp', 0),
(110, 32, '70.webp', 1),
(111, 32, '69.webp', 0),
(112, 32, '71.webp', 0),
(113, 33, 'isle of dogs_031.webp', 1),
(114, 33, 'isle of dogs_04.webp', 0),
(115, 33, 'isle of dogs_02.png', 0),
(116, 34, '1711111126531758.webp', 1),
(117, 34, '1711110848341758-600x400.webp', 0),
(118, 34, '1711110847541758.webp', 0),
(119, 35, '68.webp', 1),
(120, 35, '66.webp', 0),
(121, 35, '67.webp', 0),
(122, 36, '65.webp', 1),
(123, 36, '16349518051837-1.webp', 0),
(124, 36, '16349552600647.webp', 0),
(125, 37, '63.webp', 1),
(126, 37, '64.webp', 0),
(127, 37, '62.webp', 0),
(128, 38, '61.webp', 1),
(129, 38, '60.webp', 0),
(130, 38, '59.webp', 0),
(131, 39, '56.webp', 1),
(132, 39, '57.webp', 0),
(133, 39, '58.webp', 0),
(134, 40, '54.webp', 1),
(135, 40, '53.webp', 0),
(136, 40, '52.webp', 0),
(137, 41, 'isle of dogs_031.webp', 1),
(138, 41, 'isle of dogs_04.webp', 0),
(139, 41, 'isle of dogs_02.webp', 0),
(140, 42, '4045166.webp', 1),
(141, 42, '4045167.webp', 0),
(142, 42, '4045168.webp', 0),
(143, 43, '1024x768.webp', 1),
(144, 43, '1024x768 (2).webp', 0),
(145, 43, '1024x768 (1).webp', 0),
(146, 44, '63625a7843855e32971c0c21f25e777e.webp', 1),
(147, 44, '1629245384-765323400-g_n.webp', 0),
(148, 44, 'lishan-960.webp', 0),
(149, 45, '100.webp', 1),
(150, 45, '99.webp', 0),
(151, 45, '97.webp', 0),
(152, 46, '20191030135612_76510.webp', 1),
(153, 46, '20191030141933_45718.webp', 0),
(154, 46, '20191030142622_42036.webp', 0),
(155, 47, 'pexels-cottonbro-studio-5358788.webp', 1),
(156, 47, 'pexels-baihaki-hine-4314203.webp', 0),
(157, 47, 'pexels-cottonbro-studio-5994748.webp', 0),
(158, 48, '68.webp', 1),
(159, 48, '66.webp', 0),
(160, 48, '67.webp', 0),
(161, 49, '65.webp', 1),
(162, 49, '16349518051837-1.webp', 0),
(163, 49, '16349552600647.webp', 0),
(164, 50, '54.webp', 1),
(165, 50, '53.webp', 0),
(166, 50, '52.webp', 0);

-- --------------------------------------------------------

--
-- 資料表結構 `forgotpsw`
--

CREATE TABLE `forgotpsw` (
  `s_id` int(11) NOT NULL,
  `user_mail` varchar(75) NOT NULL,
  `resetCode` varchar(10) NOT NULL,
  `create_time` timestamp NOT NULL DEFAULT current_timestamp()
) ENGINE=InnoDB DEFAULT CHARSET=utf8mb4 COLLATE=utf8mb4_general_ci;

-- --------------------------------------------------------

--
-- 資料表結構 `inventory`
--

CREATE TABLE `inventory` (
  `inventory_id` int(11) NOT NULL,
  `product_id` int(11) NOT NULL,
  `color_spec` int(11) DEFAULT NULL,
  `size_spec` int(11) DEFAULT NULL,
  `material_spec` int(11) DEFAULT NULL,
  `quantity` int(11) NOT NULL
) ENGINE=InnoDB DEFAULT CHARSET=utf8mb4 COLLATE=utf8mb4_general_ci;

--
-- 傾印資料表的資料 `inventory`
--

INSERT INTO `inventory` (`inventory_id`, `product_id`, `color_spec`, `size_spec`, `material_spec`, `quantity`) VALUES
(7, 39, 1, 5, 10, 5),
(8, 39, 1, 6, 10, 5),
(9, 39, 1, 7, 10, 5),
(11, 40, 5, 19, 10, 5),
(13, 63, 2, 20, 10, 50),
(14, 42, 2, 7, 10, 50),
(15, 42, 2, 8, 10, 50),
(16, 42, 3, 9, 10, 50),
(17, 43, 2, 7, 10, 3),
(18, 51, 22, 7, 10, 50),
(19, 51, 22, 6, 10, 50),
(20, 51, 22, 8, 10, 50),
(23, 52, 23, 28, 30, 50),
(24, 54, 2, 7, 10, 50),
(26, 54, 1, 7, 10, 50),
(29, 55, 1, 20, 10, 50),
(30, 41, 3, NULL, 10, 15),
(31, 44, 3, 20, 10, 10),
(32, 45, 20, 24, 10, 10),
(33, 46, 19, 20, 10, 10),
(34, 47, 3, 20, 10, 7),
(35, 48, 20, 21, 20, 12),
(36, 49, 1, 6, 10, 6),
(37, 49, 1, 7, 10, 3),
(39, 49, 1, 8, 10, 3),
(44, 50, 1, 7, 10, 0),
(46, 52, 23, 29, 30, 23),
(47, 53, 23, 28, 31, 5),
(48, 53, 23, 29, 31, 7),
(49, 57, 1, 20, 10, 8),
(50, 58, 24, 20, 9, 9),
(51, 59, 19, 20, 9, 6),
(52, 60, 1, 20, 32, 4),
(53, 61, 1, 5, 32, 6),
(54, 62, 20, 1, 32, 25),
(55, 64, 26, 20, 33, 6),
(56, 65, 1, 20, 34, 0),
(58, 66, 1, 20, 34, 8),
(59, 67, 1, 20, 9, 8),
(60, 68, 18, 20, 9, 9),
(61, 69, 24, 20, 9, 12),
(62, 70, 1, 20, 9, 15),
(63, 72, 1, 20, 9, 10),
(64, 73, 1, 20, 34, 15),
(65, 74, 1, 20, 9, 18),
(66, 75, 1, 20, 34, 20),
(67, 76, 1, 20, 34, 8),
(68, 77, 1, 20, 34, 16),
(69, 78, 19, 20, 32, 300),
(70, 79, 24, 20, 32, 75),
(71, 56, 24, 20, 10, 4);

-- --------------------------------------------------------

--
-- 資料表結構 `members`
--

CREATE TABLE `members` (
  `user_id` int(11) NOT NULL,
  `user_name` varchar(100) NOT NULL,
  `password` varchar(100) NOT NULL,
  `first_name` varchar(50) NOT NULL,
  `last_name` varchar(50) NOT NULL,
  `gender` tinyint(1) NOT NULL,
  `user_mail` varchar(75) NOT NULL,
  `user_img` varchar(100) NOT NULL,
  `user_phone` varchar(15) NOT NULL,
  `city` varchar(10) NOT NULL,
  `area` varchar(10) NOT NULL,
  `user_address` varchar(100) NOT NULL,
  `postal_code` int(6) NOT NULL,
  `create_date` timestamp NOT NULL DEFAULT current_timestamp(),
  `update_date` timestamp NOT NULL DEFAULT current_timestamp(),
  `user_state` tinyint(1) NOT NULL DEFAULT 1,
  `level_id` tinyint(2) NOT NULL DEFAULT 1
) ENGINE=InnoDB DEFAULT CHARSET=utf8mb4 COLLATE=utf8mb4_general_ci;

--
-- 傾印資料表的資料 `members`
--

INSERT INTO `members` (`user_id`, `user_name`, `password`, `first_name`, `last_name`, `gender`, `user_mail`, `user_img`, `user_phone`, `city`, `area`, `user_address`, `postal_code`, `create_date`, `update_date`, `user_state`, `level_id`) VALUES
(4, 'Tom123', '$2a$08$pppez6ONf6G7o3Q.FspxK.wRx4n94C31MM3zAAGPJUxI0NGQYotb2', 'Close', 'Tom', 1, 'Tom_Close@campmail.com', '4_1697420591792.png', '9553658464', '臺南市', '安南區', '開安一街9號', 709, '2023-07-24 06:00:30', '2023-10-16 01:43:11', 1, 2),
(5, 'Amy456', '$2a$08$pppez6ONf6G7o3Q.FspxK.wRx4n94C31MM3zAAGPJUxI0NGQYotb2', '宜琳', '陳', 1, '456@campmail.com', '5_1697420591792.png', '9364444444', '屏東縣', '新園鄉', '中山路3號', 900, '2023-07-24 06:02:24', '2023-07-30 03:21:02', 1, 2),
(6, 'Sue111', '$2a$08$pppez6ONf6G7o3Q.FspxK.wRx4n94C31MM3zAAGPJUxI0NGQYotb2', '江', '一二', 0, 'AGGGG@campmail.com', '6_1697420591792.png', '1234567890', '宜蘭縣', '員山鄉', '大湖十二路14號', 264, '2023-07-24 06:22:16', '2023-07-28 09:32:08', 1, 3),
(7, 'Salen156', '$2a$08$pppez6ONf6G7o3Q.FspxK.wRx4n94C31MM3zAAGPJUxI0NGQYotb2', '林', '國', 1, 'TTSSS13@campmail.com', '7_1697420591792.png', '1456667890', '臺南市', '仁德區', '中清路14號', 700, '2023-07-24 06:22:16', '2023-07-30 03:21:13', 1, 2),
(8, 'Tony8792', '$2a$08$pppez6ONf6G7o3Q.FspxK.wRx4n94C31MM3zAAGPJUxI0NGQYotb2', '洪', '都拉斯', 1, 'Tose@campmail.com', '8_1697420591792.png', '9553658464', '花蓮縣', '光復鄉', '民生路11號', 970, '2023-07-24 06:22:16', '2023-07-30 03:21:21', 1, 2),
(9, 'Alex579', '$2a$08$pppez6ONf6G7o3Q.FspxK.wRx4n94C31MM3zAAGPJUxI0NGQYotb2', '林', '小明', 1, 'Toe1385@campmail.com', '9_1697420591792.png', '8085956321', '臺北市', '大安區', '濟南路23號', 100, '2023-07-24 06:22:16', '2023-07-30 03:25:29', 1, 3),
(10, 'Rest', '$2a$08$pppez6ONf6G7o3Q.FspxK.wRx4n94C31MM3zAAGPJUxI0NGQYotb2', '王', '曉華', 0, 'G153as@campmail.com', '10_1697420591792.png', '2592585299', '臺中市', '神岡區', '前寮路31號', 429, '2023-07-24 06:22:16', '2023-07-24 06:22:16', 1, 2),
(11, 'TT45676', '$2a$08$pppez6ONf6G7o3Q.FspxK.wRx4n94C31MM3zAAGPJUxI0NGQYotb2', '吳', '柏毅', 1, 'cpcp@campmail.com', '11_1697420591792.png', '1659665842', '彰化縣', '花壇鄉', '虎山街16號', 503, '2023-07-24 06:22:16', '2023-07-24 06:22:16', 1, 3),
(12, 'Reee13', '$2a$08$pppez6ONf6G7o3Q.FspxK.wRx4n94C31MM3zAAGPJUxI0NGQYotb2', '賴', '貼圖', 1, 'vvvv@campmail.com', '12_1697420591792.png', '9854621351', '臺中市', '烏日區', '三榮路5號', 414, '2023-07-24 06:22:16', '2023-07-26 06:11:01', 1, 4),
(13, 'YEEEEsss', '$2a$08$pppez6ONf6G7o3Q.FspxK.wRx4n94C31MM3zAAGPJUxI0NGQYotb2', '蔡', '英文', 0, 'aspsds@campmail.com', '13_1697420591792.png', '2147483647', '高雄市', '旗山區', '光復二街21號', 800, '2023-07-24 06:22:16', '2023-07-30 02:33:05', 1, 6),
(14, 'POPEOL', '$2a$08$pppez6ONf6G7o3Q.FspxK.wRx4n94C31MM3zAAGPJUxI0NGQYotb2', '蘇', '加權', 1, 'aposldd@campmail.com', '14_1697420591792.png', '9845741691', '桃園市', '大溪區', '安和路29號', 335, '2023-07-24 06:22:16', '2023-07-24 06:22:16', 1, 5),
(15, 'KLOL333', '$2a$08$pppez6ONf6G7o3Q.FspxK.wRx4n94C31MM3zAAGPJUxI0NGQYotb2', '江', '哲明', 1, 'bbsdsds@campmail.com', '15_1697420591792.png', '9874581651', '苗栗縣', '頭份市', '興四街25號', 351, '2023-07-24 06:22:16', '2023-07-24 06:22:16', 1, 5),
(16, 'Sue11', '$2a$08$pppez6ONf6G7o3Q.FspxK.wRx4n94C31MM3zAAGPJUxI0NGQYotb2', '江', '二', 1, 'AGGG@campmail.com', '16_1697420591792.png', '1234554690', '臺中市', '北屯區', '景賢三路31號', 406, '2023-07-24 06:31:27', '2023-07-24 06:31:27', 1, 4),
(17, 'Sal156', '$2a$08$pppez6ONf6G7o3Q.FspxK.wRx4n94C31MM3zAAGPJUxI0NGQYotb2', '林', '家女孩', 0, 'TTS13@campmail.com', '17_1697420591792.png', '1123667890', '臺南市', '關廟區', '深坑三街33號', 718, '2023-07-24 06:31:27', '2023-07-24 06:31:27', 1, 4),
(18, 'Ton792', '$2a$08$pppez6ONf6G7o3Q.FspxK.wRx4n94C31MM3zAAGPJUxI0NGQYotb2', '洪', '黃藍', 1, 'Toe@campmail.com', '18_1697420591792.png', '9553489462', '新北市', '雙溪區', '大平21號', 207, '2023-07-24 06:31:27', '2023-07-30 06:07:09', 1, 1),
(19, 'Al579', '$2a$08$pppez6ONf6G7o3Q.FspxK.wRx4n94C31MM3zAAGPJUxI0NGQYotb2', '林', '阿明', 1, 'To185@campmail.com', '19_1697420591792.png', '8085556321', '彰化縣', '和美鎮', '忠全路10號', 500, '2023-07-24 06:31:27', '2023-07-30 03:09:01', 1, 1),
(20, 'Rt', '$2a$08$pppez6ONf6G7o3Q.FspxK.wRx4n94C31MM3zAAGPJUxI0NGQYotb2', '王', '國華', 0, 'G53as@campmail.com', '20_1697420591792.png', '2592225255', '南投縣', '南投市', '大庄路16號', 540, '2023-07-24 06:31:27', '2023-07-30 03:09:05', 1, 1),
(21, 'TT676', '$2a$08$pppez6ONf6G7o3Q.FspxK.wRx4n94C31MM3zAAGPJUxI0NGQYotb2', '陳', '相', 0, 'ccp@campmail.com', '21_1697420591792.png', '1659655442', '臺中市', '大里區', '上田街21號', 412, '2023-07-24 06:31:27', '2023-07-24 06:31:27', 1, 4),
(22, 'Re13', '$2a$08$pppez6ONf6G7o3Q.FspxK.wRx4n94C31MM3zAAGPJUxI0NGQYotb2', '賴', '痛', 1, 'vvv@campmail.com', '22_1697420591792.png', '9878921359', '宜蘭縣', '五結鄉', '錦草五路16號', 260, '2023-07-24 06:31:27', '2023-07-30 03:09:17', 1, 1),
(23, 'YEEEss', '$2a$08$pppez6ONf6G7o3Q.FspxK.wRx4n94C31MM3zAAGPJUxI0NGQYotb2', '蔡', '菜子', 0, 'aspds@campmail.com', '23_1697420591792.png', '2147483647', '南投縣', '集集鎮', '中山街13號', 540, '2023-07-24 06:31:27', '2023-07-30 03:09:29', 1, 1),
(24, 'POPE', '$2a$08$pppez6ONf6G7o3Q.FspxK.wRx4n94C31MM3zAAGPJUxI0NGQYotb2', '蘇', '達丙', 1, 'apldd@campmail.com', '24_1697420591792.png', '9845789699', '桃園市', '中壢區', '松智二街5號', 320, '2023-07-24 06:31:27', '2023-07-30 03:10:30', 1, 1),
(25, 'LOL3', '$2a$08$pppez6ONf6G7o3Q.FspxK.wRx4n94C31MM3zAAGPJUxI0NGQYotb2', '蘇', '翠翠', 0, 'bbdss@campmail.com', '25_1697420591792.png', '9877891654', '雲林縣', '麥寮鄉', '光復路6號', 630, '2023-07-24 06:31:27', '2023-07-30 03:10:48', 1, 1),
(26, 'Tony8792', '$2a$08$pppez6ONf6G7o3Q.FspxK.wRx4n94C31MM3zAAGPJUxI0NGQYotb2', '洪', '都拉斯', 0, 'Tose@campmail.com', '26_1697420591792.png', '9553658464', '花蓮縣', '光復鄉', '民生路11號', 970, '2023-07-24 06:22:16', '2023-07-30 03:11:22', 1, 1),
(27, 'Andy123', '$2a$08$pppez6ONf6G7o3Q.FspxK.wRx4n94C31MM3zAAGPJUxI0NGQYotb2', '王', '中仁', 1, 'andy879@campmail.com', '27_1697420591792.png', '1254984521', '臺中市', '西區', '精誠三十街5號', 400, '2023-07-24 08:55:58', '2023-07-30 03:19:49', 1, 1),
(37, 'YEEEEsss', '$2a$08$pppez6ONf6G7o3Q.FspxK.wRx4n94C31MM3zAAGPJUxI0NGQYotb2', '蔡', '英文', 0, 'aspsds@campmail.com', '30_1697420591792', '2147483647', '高雄市', '旗山區', '光復二街21號', 800, '2023-07-26 09:55:53', '2023-07-30 03:20:18', 1, 1),
(38, 'YEEEEsss', '$2a$08$pppez6ONf6G7o3Q.FspxK.wRx4n94C31MM3zAAGPJUxI0NGQYotb2', '蔡', '英文', 0, 'aspsds@campmail.com', '31_1697420591792', '2147483647', '高雄市', '旗山區', '光復二街21號', 800, '2023-07-26 10:17:55', '2023-07-30 03:20:27', 1, 1),
(43, 'ROE888', '$2a$08$pppez6ONf6G7o3Q.FspxK.wRx4n94C31MM3zAAGPJUxI0NGQYotb2', '王', '大名', 1, 'REN888@campmail.com', '32_1697420591792', '1698745862', '台北市', '信義區', '吃吃路呵呵街56號', 124, '2023-07-26 11:56:00', '2023-07-26 11:56:00', 1, 3),
(46, 'Tom123', '$2a$08$pppez6ONf6G7o3Q.FspxK.wRx4n94C31MM3zAAGPJUxI0NGQYotb2', '林', '天與', 1, '1@13.mo', '33_1697420591792', '1985649372', '新北市', '深坑區', '00路000號', 207, '2023-07-28 06:42:37', '2023-07-30 03:20:41', 1, 1),
(47, 'Sal156', '$2a$08$pppez6ONf6G7o3Q.FspxK.wRx4n94C31MM3zAAGPJUxI0NGQYotb2', '林', '家女孩', 0, 'TTS13@campmail.com', '34_1697420591792', '1123667890', '臺南市', '關廟區', '深坑三街33號', 700, '2023-07-24 06:31:27', '2023-07-30 03:22:32', 1, 2),
(51, 'PineApple', '$2a$08$KLy3LX.j5f50UiZLcI2T8eiGE.YVRKhHJfbkBGVQqMI/E9xlG4tY2', '珍妮', '波蘿汁', 0, 'Jenny@campmail.com', '', '9553658464', '臺南市', '安南區', '開安一街9號', 709, '2023-10-04 02:32:58', '2023-10-04 02:32:58', 1, 1);

-- --------------------------------------------------------

--
-- 資料表結構 `msgcategory`
--

CREATE TABLE `msgcategory` (
  `id` int(3) NOT NULL,
  `uid` int(11) DEFAULT NULL,
  `categoryname` varchar(30) NOT NULL,
  `createTime` datetime DEFAULT NULL,
  `modifyTime` datetime DEFAULT NULL,
  `isValid` int(1) DEFAULT 1
) ENGINE=InnoDB DEFAULT CHARSET=utf8mb4 COLLATE=utf8mb4_general_ci;

--
-- 傾印資料表的資料 `msgcategory`
--

INSERT INTO `msgcategory` (`id`, `uid`, `categoryname`, `createTime`, `modifyTime`, `isValid`) VALUES
(1, 3, '心情', '2023-07-25 10:57:25', '2023-07-31 09:19:46', 1),
(2, 4, '分享', '2023-07-25 10:57:51', NULL, 1),
(3, 2, '教學', '2023-07-25 10:57:57', NULL, 1),
(4, 1, '討論', '2023-07-25 11:18:22', NULL, 1);

-- --------------------------------------------------------

--
-- 資料表結構 `msgs`
--

CREATE TABLE `msgs` (
  `id` int(5) NOT NULL,
  `name` varchar(30) NOT NULL,
  `msgcategory` int(3) DEFAULT NULL,
  `title` varchar(30) DEFAULT NULL,
  `content` text NOT NULL,
  `img` varchar(200) DEFAULT NULL,
  `createTime` datetime NOT NULL DEFAULT current_timestamp(),
  `modifyTime` datetime DEFAULT NULL,
  `isValid` int(1) NOT NULL DEFAULT 1,
  `browse` int(11) NOT NULL DEFAULT 0,
  `isTop` tinyint(1) NOT NULL DEFAULT 0,
  `userID` int(11) DEFAULT NULL
) ENGINE=InnoDB DEFAULT CHARSET=utf8mb4 COLLATE=utf8mb4_general_ci;

--
-- 傾印資料表的資料 `msgs`
--

INSERT INTO `msgs` (`id`, `name`, `msgcategory`, `title`, `content`, `img`, `createTime`, `modifyTime`, `isValid`, `browse`, `isTop`, `userID`) VALUES
(115, 'KEVIN', 4, '露營小幫手', '甚麼都不會', 'https://immersionglamping.com/wp-content/uploads/2021/06/image7.png', '2023-07-25 11:03:54', NULL, 1, 0, 0, 5),
(116, 'KEVIN', 4, '天氣不好也能露營的地點', '在陽台就好', 'https://cw1.tw/CW/images/article/201608/article-57c6c05b54226.jpg', '2023-07-25 11:26:11', NULL, 1, 0, 0, 6),
(117, 'Eryck', 2, '冬天好冷 我們去死亡谷找天體溫泉野營過冬吧!', '死亡谷國家公園對我來說是個很特別的地方\r\n他是我第一個獨自公路旅行的地點 也是讓我對越野跟overland開始有興趣的地方\r\n那是2017年 我那時候開MK6 GTI 所以只能待在鋪裝路面上參觀觀光客景點\r\n隔年 我換了4Rrunner 在除了越野胎跟車頂架以外其他都沒改也沒經驗的情況下 第一次下場越野\r\n然後就卡住了\r\n好不容易脫困後回到家 第二趟死亡谷之旅開啟了我一生至今最大的開銷之路\r\n地點\r\n死亡谷國家公園在加州中間偏東 離內華達州很近\r\n在18 19世紀跟美西很多地方一樣 以開礦為主要的經濟活動\r\n豐富的礦產是因為地質運動的關係而產生的\r\n(好啦 我想大家看我的文不是來上課的 對於死亡谷的過去有興趣的朋友可以自己估狗 接下來我們繼續觀光團看不到的東西)\r\n', 'https://encrypted-tbn0.gstatic.com/images?q=tbn:ANd9GcTxAo7AlvoDeM2bVFwi9eUQDrD_gYnvQIuxqG0vnWDqrEqk0UAhqWELOjcbO4VkpmkbUnk&usqp=CAU', '2023-07-25 13:35:00', NULL, 1, 0, 0, 7),
(119, 'Eryck', 2, '露營這回事並不是比裝備，很膚淺', '台灣的露營風潮從疫情後開始大流行，因為無法出國，轉向戶外活動，走向大自然，很多都是有小孩的家庭，但並不是所有人都可以馬上適應戶外的環境，比如颳風下雨，酷熱，酷寒還有蚊蟲的問題，自然就會因為環境而添購裝備解決這些問題，但如果喜歡愛上了，這勢必是一個坑，你有你的想法，有你想要的氣氛，為了達到氣氛而去添購設備！有的人喜歡簡簡單單的配置，或是喜歡原始一點的野營，那就是他喜歡的生活\r\n比裝備是比不完的，有人花一萬元的裝備就可以露營很開心，就可以感受露營的氣氛就夠了 有人光一張露營椅子就上萬元，但看到的風景是一樣的不是？我相信真的露營的人不會去比較裝備，而是只是覺得好看，適合自己，實用而已《補充：不是裝備價格與否，依照自己的能力與價值觀買適合自己的，而不是去比較》', 'https://encrypted-tbn0.gstatic.com/images?q=tbn:ANd9GcTXV05C-pVoAvuoXg_0LS0yp6H6hsaK5AhtYA&usqp=CAU', '2023-07-25 13:35:00', NULL, 1, 0, 0, 8),
(120, 'wakamoto', 2, '夏日露營，高海拔營區', '這次來到嘉義梅山區，振峰茶園太平山營地，這次幸運的在太平山營區初開放時首搭\r\n營主及小編也介紹了景點及步道供與我們前往觀賞\r\n體驗一下山林茶園步道之美，也走走太平老街嘗嘗在地美食，\r\n露營車宿星空，體驗夏日露營在高海拔營區也能夠舒服的體驗露營的樂趣\r\n就讓我們來趟露營車宿美食之旅吧!', 'https://cc.tvbs.com.tw/img/program/upload/2018/01/17/20180117141948-f936c3de.jpg', '2023-07-25 13:35:00', NULL, 1, 0, 0, 9),
(121, 'wakamoto', 1, '露營野餐的好幫手 - Metsa米特薩 眠月充氣床', '但由於本人淺眠 + 認床, 每次出去睡覺床如果不OK就很難睡得好(我老婆說我簡直是豌豆公主再世orz)\r\n所以找到一個在野外可以好睡的床真的是非常必要的事情啊(點頭)\r\n\r\n有時候為了滿足女兒露營的需求, 我們還常常自己在室內搭帳篷, 讓女兒可以睡在裡面, 但是, 哪有小朋友不愛跳的?\r\n跳完以後, 你就會看到老爸進入一個地獄般的循環:\r\n\r\n充氣床打氣完畢 => 女兒上去睡 => 睡不著開始跳 => 跳完充氣床開始沒氣 => 大人睡不好、女兒開始鬧 => 老爸繼續幫充氣床打氣...\r\n\r\n營都還沒開始露, 老爸都快掛了', 'https://encrypted-tbn0.gstatic.com/images?q=tbn:ANd9GcS1oggJxznpspJFZNc5tJhZZ3jm9b5glADEdw&usqp=CAU', '2023-07-25 13:35:00', NULL, 1, 0, 0, 4),
(122, 'wakamoto', 2, '夏天要去北海道露營, 請推薦帳篷', '一般營地(沒電吃電池)與小木屋(電池充電)交替著露營, 預計10天左右\r\n1. 越輕越好, 要上飛機\r\n2. 預計要4人帳, 家裡成員3人\r\n3. 帳篷要有前庭, 放行李箱', 'https://www.viviantrip.com/wp-content/uploads/2021/12/%E8%B1%AA%E8%8F%AF%E9%9C%B2%E7%87%9F-%E6%84%9B%E4%B8%8A%E5%96%9C%E7%BF%81.jpg', '2023-07-25 13:35:00', NULL, 1, 0, 0, 11),
(123, 'Tend', 2, 'COSTCO 部分露營用品特價', '剛剛去賣場看到的，現場床墊已搶光(內湖)，但線上還可以下單。', 'https://encrypted-tbn0.gstatic.com/images?q=tbn:ANd9GcQ_n5Zt9enupWo2GNLwNRiRcLQYGFlI4alFjNw3MvjuIxSBwt-mbn5pDSa7ZYSli9PSd9M&usqp=CAU', '2023-07-25 13:35:00', NULL, 1, 0, 0, 12),
(124, 'Tend', 4, '海邊露營', '露營車長期停在 海邊露營 ，會不會有侵占國有地問題', 'https://img.ltn.com.tw/Upload/news/600/2023/07/17/4366763_1_1.jpg', '2023-07-25 13:35:00', NULL, 1, 0, 0, 13),
(125, 'Jay', 2, '渡假風格露營區、這三款裝備懶人最愛', '嗨大家，我是Jay\r\n這次來到苗栗逗點露營區\r\n假日是很熱門的營區\r\n還好我們喜歡平日露營\r\n\r\n營區就在柏油路旁\r\n在這裡刮風下雨曝曬都不用怕\r\n因為全區都有雨棚\r\n而且每區的風格都不太一樣\r\n像渡假村一樣附很多的設施\r\n是帶小孩放電的好地方\r\n\r\n這次開一頂新的氣柱帳\r\n山型小屋有不一樣的fu\r\n搭設也真的很簡單方便\r\n有更多時間能享受\r\n所以也帶了充氣沙發\r\nAnna攤在上面沒一會就睡著了\r\n耍廢放鬆神器\r\n\r\n露營料理Anna也正常發揮\r\n餐點準備了三道啤酒入菜\r\n來去看看她都弄了些什麼吧', 'https://encrypted-tbn0.gstatic.com/images?q=tbn:ANd9GcSYMThv56RTsBML-X-bBra3ihjLJPT2blgupVqVAG9MOWu3ZGO4WEpGr3vrswM14bUqb5o&usqp=CAU', '2023-07-25 13:35:00', NULL, 1, 0, 0, 14),
(126, 'Jay', 3, 'COTD超完美烤盤 | 輕便型不沾烤盤開箱 | 露營好夥伴.', '帶著COTD超完美烤盤去露營，要來開箱跟大家分享這一款超級輕便的烤盤\r\n勺勺露營最喜歡烤五花肉了，之前帶去露營用的烤盤清洗不方便、重量也蠻重的\r\n後來看到了COTD超完美烤盤，主打輕便、好清洗而且價格不貴就立馬入手來用用看\r\n每次在露營幾乎都是我掌廚，所以需要一個方便與實用性的鍋子\r\n不只能帶出門，而在家也能使用，就屬COTD超完美烤盤CP值最高\r\n接下來一起來開箱吧\r\n\r\nCOTD超完美烤盤開箱配件\r\n一個烤盤、木質手柄、瀝油架，還有一個提袋\r\n烤盤是一體成形，無接縫，在清洗時非常輕易就能洗去髒污油垢\r\n材質是鋁合金鍋體，雙面麥飯石塗層鍋內鍋外不沾鍋\r\n烤盤體容量大，不論是煎/炒/煮/烤，都可以\r\n重點油煙量比較小，不會搞的烏煙瘴氣，身上都是油煙味\r\n比一般傳統的烤盤還能使用明火爐/電池爐/黑晶爐，使用上不設限', 'https://www.funtime.com.tw/blog/wp-content/uploads/2021/02/cover-1.jpg', '2023-07-25 13:35:00', NULL, 1, 16, 0, 16),
(127, 'Eryck', 3, '冬天好冷 我們去死亡谷找天體溫泉野營過冬吧!', '死亡谷國家公園對我來說是個很特別的地方\r\n他是我第一個獨自公路旅行的地點 也是讓我對越野跟overland開始有興趣的地方\r\n那是2017年 我那時候開MK6 GTI 所以只能待在鋪裝路面上參觀觀光客景點\r\n隔年 我換了4Rrunner 在除了越野胎跟車頂架以外其他都沒改也沒經驗的情況下 第一次下場越野\r\n然後就卡住了\r\n好不容易脫困後回到家 第二趟死亡谷之旅開啟了我一生至今最大的開銷之路\r\n地點\r\n死亡谷國家公園在加州中間偏東 離內華達州很近\r\n在18 19世紀跟美西很多地方一樣 以開礦為主要的經濟活動\r\n豐富的礦產是因為地質運動的關係而產生的\r\n(好啦 我想大家看我的文不是來上課的 對於死亡谷的過去有興趣的朋友可以自己估狗 接下來我們繼續觀光團看不到的東西)\r\n', 'https://image.kkday.com/v2/image/get/w_960%2Cc_fit%2Cq_55%2Ct_webp/s1.kkday.com/product_132948/20220905020319_939Dm/jpg', '2023-07-25 13:35:15', '2023-07-27 18:00:15', 1, 47, 0, 15),
(128, 'Eryck', 2, '請益輕便易攜帶露營折疊椅', '優點:\r\n椅背後面有帶子可以掛東西、椅布是加厚牛津布\r\n扶手部分使用的是柚木扶手，滿特別的，第一次看到這樣的設計\r\n感覺擺在家裡也很有質感 ，可以露營用也可居家用\r\n\r\n缺點:\r\n無法調整椅背角度', 'https://resources.matcha-jp.com/resize/720x2000/2022/01/19-120908.webp', '2023-07-25 13:35:15', NULL, 1, 5, 0, 21),
(129, 'Eryck', 3, '露營這回事並不是比裝備，很膚淺', '台灣的露營風潮從疫情後開始大流行，因為無法出國，轉向戶外活動，走向大自然，很多都是有小孩的家庭，但並不是所有人都可以馬上適應戶外的環境，比如颳風下雨，酷熱，酷寒還有蚊蟲的問題，自然就會因為環境而添購裝備解決這些問題，但如果喜歡愛上了，這勢必是一個坑，你有你的想法，有你想要的氣氛，為了達到氣氛而去添購設備！有的人喜歡簡簡單單的配置，或是喜歡原始一點的野營，那就是他喜歡的生活\r\n比裝備是比不完的，有人花一萬元的裝備就可以露營很開心，就可以感受露營的氣氛就夠了 有人光一張露營椅子就上萬元，但看到的風景是一樣的不是？我相信真的露營的人不會去比較裝備，而是只是覺得好看，適合自己，實用而已《補充：不是裝備價格與否，依照自己的能力與價值觀買適合自己的，而不是去比較》', 'https://www.camptrip.com.tw/wp-content/uploads/000001-4.jpeg', '2023-07-25 13:35:15', NULL, 1, 2, 0, 28),
(130, 'wakamoto', 0, '夏日露營，高海拔營區', '這次來到嘉義梅山區，振峰茶園太平山營地，這次幸運的在太平山營區初開放時首搭\r\n營主及小編也介紹了景點及步道供與我們前往觀賞\r\n體驗一下山林茶園步道之美，也走走太平老街嘗嘗在地美食，\r\n露營車宿星空，體驗夏日露營在高海拔營區也能夠舒服的體驗露營的樂趣\r\n就讓我們來趟露營車宿美食之旅吧!', 'https://immersionglamping.com/wp-content/uploads/2021/06/image4-1024x767.jpg', '2023-07-25 13:35:15', '2023-07-30 10:08:32', 1, 5, 0, 27),
(131, 'wakamoto', 2, '露營野餐的好幫手 - Metsa米特薩 眠月充氣床', '但由於本人淺眠 + 認床, 每次出去睡覺床如果不OK就很難睡得好(我老婆說我簡直是豌豆公主再世orz)\r\n所以找到一個在野外可以好睡的床真的是非常必要的事情啊(點頭)\r\n\r\n有時候為了滿足女兒露營的需求, 我們還常常自己在室內搭帳篷, 讓女兒可以睡在裡面, 但是, 哪有小朋友不愛跳的?\r\n跳完以後, 你就會看到老爸進入一個地獄般的循環:\r\n\r\n充氣床打氣完畢 => 女兒上去睡 => 睡不著開始跳 => 跳完充氣床開始沒氣 => 大人睡不好、女兒開始鬧 => 老爸繼續幫充氣床打氣...\r\n\r\n營都還沒開始露, 老爸都快掛了', 'https://storage.googleapis.com/smiletaiwan-cms-cwg-tw/article/202008/article-5f3351bf3576d.jpg', '2023-07-25 13:35:15', NULL, 1, 0, 0, 26),
(132, 'wakamoto', 1, '夏天要去北海道露營, 請推薦帳篷', '一般營地(沒電吃電池)與小木屋(電池充電)交替著露營, 預計10天左右\r\n1. 越輕越好, 要上飛機\r\n2. 預計要4人帳, 家裡成員3人\r\n3. 帳篷要有前庭, 放行李箱', 'https://s.yimg.com/ny/api/res/1.2/6PmiZXrXgzF3aiiImSk8qA--/YXBwaWQ9aGlnaGxhbmRlcjt3PTY0MDtoPTQ4MA--/https://s.yimg.com/os/creatr-uploaded-images/2022-06/bb621a90-ed2e-11ec-9fac-f708679f314a', '2023-07-25 13:35:15', NULL, 1, 2, 0, 25),
(133, 'Tend', 1, 'COSTCO 部分露營用品特價', '剛剛去賣場看到的，現場床墊已搶光(內湖)，但線上還可以下單。', 'https://pgw.udn.com.tw/gw/photo.php?u=https://uc.udn.com.tw/photo/2023/05/15/draft/22078949.jpg&x=0&y=0&sw=0&sh=0&sl=W&fw=800&exp=3600&w=930', '2023-07-25 13:35:15', NULL, 1, 13, 0, 24),
(135, 'Jay', 3, '渡假風格露營區、這三款裝備懶人最愛', '嗨大家，我是Jay\r\n這次來到苗栗逗點露營區\r\n假日是很熱門的營區\r\n還好我們喜歡平日露營\r\n\r\n營區就在柏油路旁\r\n在這裡刮風下雨曝曬都不用怕\r\n因為全區都有雨棚\r\n而且每區的風格都不太一樣\r\n像渡假村一樣附很多的設施\r\n是帶小孩放電的好地方\r\n\r\n這次開一頂新的氣柱帳\r\n山型小屋有不一樣的fu\r\n搭設也真的很簡單方便\r\n有更多時間能享受\r\n所以也帶了充氣沙發\r\nAnna攤在上面沒一會就睡著了\r\n耍廢放鬆神器\r\n\r\n露營料理Anna也正常發揮\r\n餐點準備了三道啤酒入菜\r\n來去看看她都弄了些什麼吧', 'https://www.chanshuo.tw/wp-content/uploads/2022/09/image3-1.jpg', '2023-07-25 13:35:15', NULL, 1, 1, 0, 23),
(136, 'Jay', 4, 'COTD超完美烤盤 | 輕便型不沾烤盤開箱 | 露營好夥伴.', '帶著COTD超完美烤盤去露營，要來開箱跟大家分享這一款超級輕便的烤盤\r\n勺勺露營最喜歡烤五花肉了，之前帶去露營用的烤盤清洗不方便、重量也蠻重的\r\n後來看到了COTD超完美烤盤，主打輕便、好清洗而且價格不貴就立馬入手來用用看\r\n每次在露營幾乎都是我掌廚，所以需要一個方便與實用性的鍋子\r\n不只能帶出門，而在家也能使用，就屬COTD超完美烤盤CP值最高\r\n接下來一起來開箱吧\r\n\r\nCOTD超完美烤盤開箱配件\r\n一個烤盤、木質手柄、瀝油架，還有一個提袋\r\n烤盤是一體成形，無接縫，在清洗時非常輕易就能洗去髒污油垢\r\n材質是鋁合金鍋體，雙面麥飯石塗層鍋內鍋外不沾鍋\r\n烤盤體容量大，不論是煎/炒/煮/烤，都可以\r\n重點油煙量比較小，不會搞的烏煙瘴氣，身上都是油煙味\r\n比一般傳統的烤盤還能使用明火爐/電池爐/黑晶爐，使用上不設限', 'https://www.japaholic.com/storage/files/article_images/VUq8nyw9V6GnVxcU58WxynLKtKBTPtasFuUXhmg5.jpg', '2023-07-25 13:35:15', NULL, 1, 0, 0, 22),
(181, 'KEVIN', 0, '死亡谷國家公園對我來說是個很特別的地方他是我第一個獨自公', '死亡谷國家公園對我來說是個很特別的地方\r\n他是我第一個獨自公路旅行的地點 也是讓我對越野跟overland開始有興趣的地方\r\n那是2017年 我那時候開MK6 GTI 所以只能待在鋪裝路面上參觀觀光客景點\r\n隔年 我換了4Rrunner 在除了越野胎跟車頂架以外其他都沒改也沒經驗的情況下 第一次下場越野\r\n然後就卡住了\r\n好不容易脫困後回到家 第二趟死亡谷之旅開啟了我一生至今最大的開銷之路\r\n地點\r\n死亡谷國家公園在加州中間偏東 離內華達州很近\r\n在18 19世紀跟美西很多地方一樣 以開礦為主要的經濟活動\r\n豐富的礦產是因為地質運動的關係而產生的\r\n(好啦 我想大家看我的文不是來上課的 對於死亡谷的過去有興趣的朋友可以自己估狗 接下來我們繼續觀光團看不到的東西)\r\n', 'https://as.chdev.tw/web/article/6/4/4/62659b3f-4899-4e95-9264-b99afc25e1661687944645.jpg', '2023-07-27 17:49:48', '2023-07-30 10:19:35', 1, 14, 0, 20),
(203, 'KEVIN', 1, '颱風天要怎麼露營', '不要露營去泛舟', 'https://encrypted-tbn0.gstatic.com/images?q=tbn:ANd9GcRbcy-22mAevYraKXg1hEDoVqx72Hik3NDvLw&usqp=CAU', '2023-07-31 10:06:59', NULL, 1, 4, 0, 6),
(228, '', 3, 'zzz', 'zzzz', 'http://localhost:3003/discussion/1024x768_attractions-image-zqfmgrgivemznek_ujj18q_1697627049304.jpg', '2023-10-18 19:04:09', NULL, 1, 0, 0, 4);

-- --------------------------------------------------------

--
-- 資料表結構 `payment`
--

CREATE TABLE `payment` (
  `payment_id` int(11) NOT NULL,
  `payment_method` varchar(128) NOT NULL,
  `payment_amount` int(11) NOT NULL
) ENGINE=InnoDB DEFAULT CHARSET=utf8mb4 COLLATE=utf8mb4_general_ci;

--
-- 傾印資料表的資料 `payment`
--

INSERT INTO `payment` (`payment_id`, `payment_method`, `payment_amount`) VALUES
(1, 'LINE PAY', 1250),
(4, '銀行匯款', 340),
(6, '信用卡', 350);

-- --------------------------------------------------------

--
-- 資料表結構 `product`
--

CREATE TABLE `product` (
  `product_id` int(11) NOT NULL,
  `product_name` varchar(128) NOT NULL,
  `product_description` text DEFAULT NULL,
  `unit_price` int(11) NOT NULL,
  `category_id` int(10) DEFAULT NULL,
  `brand_id` int(10) DEFAULT NULL,
  `list_img` varchar(999) DEFAULT NULL,
  `isDisplay` tinyint(1) NOT NULL DEFAULT 1,
  `create_date` datetime NOT NULL DEFAULT current_timestamp(),
  `last_update` datetime DEFAULT current_timestamp()
) ENGINE=InnoDB DEFAULT CHARSET=utf8mb4 COLLATE=utf8mb4_general_ci;

--
-- 傾印資料表的資料 `product`
--

INSERT INTO `product` (`product_id`, `product_name`, `product_description`, `unit_price`, `category_id`, `brand_id`, `list_img`, `isDisplay`, `create_date`, `last_update`) VALUES
(39, 'The North Face Men\'s Arctic Parka GTX', '這款長及大腿的 Arctic 派克大衣採用防水、透氣的 DryVent™ 2L 面料，採用 550 填充羽絨和 150 克 Heatseeker™ Eco 保暖，打造修身貼合感和出色的保暖重量比。', 6900, 15, 5, 'artic_parka_gtx_list.png,artic_parka_gtx(1).webp,artic_parka_gtx(2).webp,artic_parka_gtx(3).webp,artic_parka_gtx(4).webp,artic_parka_gtx(5).webp', 1, '2022-10-13 11:42:09', '2022-10-13 11:42:09'),
(40, 'The North Face Men\'s Circaloft Zip Pullover', 'Circaloft—我們全新的輕量、高度可包裝的合成絕緣產品線。 男士Circaloft 拉鍊套衫具有令人印象深刻的保暖重量比、完全回收的面料、可調節兜帽以及可存放在右手口袋（或外部儲物袋）中的能力，是一款多功能的首選單品。\r\n作為我們的圓形設計風格之一，純色選項採用具有可持續意識的材料製成，當您將其返還給我們時，可以回收。', 5600, 15, 5, 'circaloft_zip_pullo_list.png,circaloft_zip_pullo(1).webp,circaloft_zip_pullo(2).webp,circaloft_zip_pullo(3).webp,circaloft_zip_pullo(4).webp,circaloft_zip_pullo(5).webp', 1, '2023-10-04 14:22:03', '2023-10-04 14:22:03'),
(41, 'ZIZ TENT SHELTER ROCK GREY', '「ZIZ」是一款兩房帳篷，為家庭和團體提供舒適的空間。它有寬敞的起居和用餐空間，也可以用作巨大的庇護所。這是 Muraco 系列中最大的帳篷。內帳篷最多可容納 5 人。包括屋頂蓋。', 28900, 4, 11, 'ziz_tent_shelter_rock_grey_list.webp,ziz_tent_shelter_rock_grey1.jpg,ziz_tent_shelter_rock_grey4.jpg,ziz_tent_shelter_rock_grey3.webp,ziz_tent_shelter_rock_grey2.webp,ziz_tent_shelter_rock_grey1.webp', 1, '2023-10-05 09:38:18', '2023-10-05 09:38:18'),
(42, 'RAPIDE X1-2P GREY', 'RAPIDE X1是一款在舒適性和抗風性方面取得良好平衡的山地帳篷。這是一款適合日本氣候的兩人雙層圓頂帳篷。車架採用了muraco新開發的「ZETA Frame」。橫架交叉處裝有中心輪轂，可強力抑制風造成的變形。內帳篷的布料可依使用情況選擇全網布或半網布。最小重量為 1,630 克。外帳的顏色是「石墨灰」。', 9900, 3, 7, 'rapide_x1_2p_grey_list.webp,rapide_x1_2p_grey2.jpg,rapide_x1_2p_grey3.jpg,rapide_x1_2p_grey2.webp,rapide_x1_2p_grey1.jpg,rapide_x1_2p_grey1.webp,rapide_x1_2p_grey3.webp', 1, '2023-10-05 09:57:31', '2023-10-24 09:57:31'),
(43, 'GUSTAV 6P', 'Gustav 是一款旨在用作高海拔登山大本營的帳篷。它採用六桿組成的測地結構，兼具壓倒性的抗風性和宜居性。基本設計是基於 TUSKER TRAIL 官方採用的模型，TUSKER TRAIL 是一家攀登非洲大陸最高峰乞力馬扎羅山的旅遊公司。配備多種通風設備以適應日本濕熱的野外條件，是追求舒適性能的Muraco獨創規格。最多可容納 6 人。', 22000, 3, 4, 'gustav_6p_list.png,gustav_6p_11.webp,gustav_6p_6.jpg,gustav_6p_5.jpg,gustav_6p_4.jpg,gustav_6p_3.jpg,gustav_6p_2.jpg,gustav_6p_1.jpg,gustav_6p_10.jpg,gustav_6p_9.webp,gustav_6p_8.jpg,gustav_6p_7.webp', 1, '2023-10-08 17:39:00', '2023-10-08 17:39:00'),
(44, 'Heron 1 Pole Shelter', '與 and walk 合作的 1 桿帳篷庇護所。只要在放下外帳的四個角落後，簡單地豎起中心桿，您就可以在很短的時間內輕鬆搭建起避難所。\r\n*這是一套外帳和中心桿。不含內帳篷。', 17000, 4, 3, 'heron_1_pole_shelter_list.webp,heron_1_pole_shelter_1.jpeg,heron_1_pole_shelter_2.webp,heron_1_pole_shelter_3.jpeg,heron_1_pole_shelter_4.webp,heron_1_pole_shelter_5.jpeg,heron_1_pole_shelter_6.jpeg', 1, '2023-10-08 17:45:14', '2023-10-02 17:45:14'),
(45, 'Heron 2 Pole Shelter', '與 and walk 和 muraco 合作創建的露營帳篷。外帳採用 40D 防撕裂尼龍，耐水壓為 1500 毫米。桿體採用鋁合金材質，直徑25mm。只需將外帳的四個角釘住，然後豎起中心桿，您就可以在很短的時間內輕鬆搭建起一個大容量的庇護所。\r\n*這是一套外帳和中心桿。不含內帳篷。', 32000, 4, 3, 'heron_2_pole_shelter_list.webp,heron_2_pole_shelter_1.jpeg,heron_2_pole_shelter_2.jpeg,heron_2_pole_shelter_3.webp,heron_2_pole_shelter_4.jpeg', 1, '2023-10-08 18:11:19', '2023-10-08 18:11:19'),
(46, 'RAPIDE X1-2P INTERNATIONAL ORANGE', 'RAPIDE X1是一款在舒適性和抗風性方面取得良好平衡的山地帳篷。這是一款適合日本氣候的兩人雙層圓頂帳篷。車架採用了muraco新開發的「ZETA Frame」。橫架交叉處裝有中心輪轂，可強力抑制風造成的變形。內帳篷的布料可依使用情況選擇全網布或半網布。最小重量為 1,630 克。外帳的顏色是「International Orange」。', 14000, 3, 7, 'rapide_x1_2p_international_orange_list.webp,rapide_x1_2p_international_orange_1.jpg,rapide_x1_2p_international_orange_2.jpg,rapide_x1_2p_international_orange_3.webp,rapide_x1_2p_international_orange_4.webp,rapide_x1_2p_international_orange_5.webp', 1, '2023-10-08 18:24:18', '2023-10-08 18:24:18'),
(47, 'Heron Beak', 'HERON BEAK 與 HERON 系列方艙搭配使用。將其安裝到 HERON 外帳的拉鍊部分並用桿子將其升起，您可以創建一個與前艙空間相連的屋簷狀空間。', 2400, 4, 3, 'heron_beak_2.jpg,heron_beak_3.jpg,heron_beak_4.jpg,heron_beak_5.webp,heron_beak_6.webp,heron_beak_7.webp', 1, '2023-10-08 18:43:14', '2023-10-08 18:43:14'),
(48, 'Coleman 4P Shelter', '可與帳篷連結的大型網屋，讓起居空間更舒適\r\n四面紗網可拉起使用，保持室內空氣流通\r\n搭設簡易，1人就可以順利搭營\r\n附有易套接帳篷布\r\n', 12000, 4, 1, 'coleman_4P_shelter_list.jpeg,coleman_4P_shelter _2.jpeg,coleman_4P_shelter _1.jpg', 1, '2023-10-08 18:50:19', '2023-10-02 18:50:19'),
(49, 'Arcteryx Women\'s Salal Jacket Black', '防風防水的 40D 3L GORE-TEX面料搭配C-KNIT™內裡，柔軟舒適且透氣\r\n•經無氟DWR防潑水處理\r\n•可調兜帽提供保護\r\n•後側通風口幫助調節體溫\r\n•腰部後側調節繩可提升貼合度及顯腰身\r\n•彈性袖口可避免寒風侵入\r\n•兩個拉鍊插手口袋\r\n•標準版型及立體剪裁提升活動靈活度及穿著舒適度，方便層搭', 18800, 15, 9, 'salal_jacket_black_list.jpg,salal_jacket_black_1.jpg,salal_jacket_black_2.jpg,salal_jacket_black_3.jpg,salal_jacket_black_4.jpg,salal_jacket_black_5.jpg,salal_jacket_black_6.jpg', 1, '2023-10-08 18:59:10', '2023-10-02 18:59:10'),
(50, 'The North Face Men\'s Tek Piping Wind Pants', '反光線條、高度防風的 WindWall™ 布料和前衛的設計使這款休閒版型 Tek Piping Wind 長褲成為校園或外出小徑的首選。', 2300, 16, 5, 'tek_piping_wind_pants_list.jpg,tek_piping_wind_pants_1.jpg,tek_piping_wind_pants_2.jpg,tek_piping_wind_pants_3.webp,tek_piping_wind_pants_4.webp,tek_piping_wind_pants_5.webp', 1, '2023-10-08 19:06:35', '2023-10-02 19:06:35'),
(51, 'The North Face Women\'s Corefire Down Windstopper Jacket', '為了更新我們的女式Corefire 羽絨服，我們添加了完全防風、100% 可回收的GORE-TEX WINDSTOPPER® 外殼，以增加山上保護。為了最大限度地提高性能並提高保暖重量比，我們策略性地對主要部分進行了隔熱處理。主體採用550 填充羽絨，側片、兜帽和腋下採用合成Heatseeker™ Eco Pro。配有充足的安全拉鍊口袋、腋下通風口和按扣式粉裙，讓您從第一把椅子到最後一張椅子。', 14400, 15, 5, 'corefire_down_windstopper_jacket_list.webp,corefire_down_windstopper_jacket_1.webp,corefire_down_windstopper_jacket_2.webp,corefire_down_windstopper_jacket_3.jpg,corefire_down_windstopper_jacket_4.webp,corefire_down_windstopper_jacket_5.webp,', 1, '2023-10-08 21:08:14', '2023-10-08 21:08:14'),
(52, 'The North Face Men\'s Chilkat V Lace Waterproof Boots', '全新的男士 Chilkat V 蕾絲防水靴輕盈舒適，這款經典冬季主力靴的新版本將使您在下一次冷鋒襲來時歡呼雀躍。讓你寒冷的氣候露營時感到非常暖和。', 4200, 18, 5, 'chilkat_v_lace_waterproof_boots_list.jpg,chilkat_v_lace_waterproof_boots_1.jpg,chilkat_v_lace_waterproof_boots_2.webp,chilkat_v_lace_waterproof_boots_4.webp,chilkat_v_lace_waterproof_boots_3.webp', 1, '2023-10-08 21:18:37', '2023-10-08 21:18:37'),
(53, 'The North Face Men Nuptse Mules Corduroy', '這款耐用的男士 Nuptse 穆勒燈芯絨鞋採用 550 填充羽絨保暖，是我們經典的寒冷天氣鞋履，配有精緻的燈芯絨外層。', 2700, 18, 5, 'men_nuptse_mules_corduroy_list.jpg,men_nuptse_mules_corduroy_1.jpg,men_nuptse_mules_corduroy_3.webp,men_nuptse_mules_corduroy_2.jpg,men_nuptse_mules_corduroy_4.webp', 1, '2023-10-08 21:25:43', '2023-10-02 21:25:43'),
(54, 'The North Face Men NSE Low Shoes', '男士 NSE Low 是一款風格前衛且超級舒適的懶人鞋，採用再生 P.E.T. 防撕裂鞋面和堅固的外底。您剛剛找到了適合城市冒險的新鞋。', 3100, 18, 5, 'nse_low_shoes_list.webp,nse_low_shoes_1.webp,nse_low_shoes_2.webp,nse_low_shoes_3.webp,nse_low_shoes_4.jpg', 1, '2023-10-08 21:32:34', '2023-10-02 21:32:34'),
(55, 'Polar 400', '「POLAR」是一款以800FP灰鵝絨製成的高品質羽絨睡袋。立式箱式被子可有效循環身體熱量，中央拉鍊可輕鬆打開和關閉。容易受涼的腳部採用橫向絎縫立體腳盒。此款式採用 400 克羽絨，適合全年穿著，從夏季的高山到冬季的低山。舒適溫度6℃～下限溫度-3℃', 11000, 13, 8, 'polar_400_list.webp,polar_400_1.webp,polar_400_2.webp,polar_400_3.webp,polar_400_4.webp,polar_400_5.webp,polar_400_6.webp', 1, '2023-10-09 00:29:48', '2023-10-09 00:29:48'),
(56, 'Polar 750', 'POLAR」是一款以800FP灰鵝絨製成的高品質羽絨睡袋。立式箱式被子可有效循環身體熱量，中央拉鍊可輕鬆打開和關閉。容易受涼的腳部採用橫向絎縫立體腳盒。含750克羽絨，適合冬季登山、冬季露營、車內睡覺。舒適溫度-3℃ / 下限溫度-10℃', 15000, 13, 8, 'polar_750_list.webp,polar_750_1.webp,polar_750_2.webp,polar_750_3.webp,polar_750_4.webp,polar_750_5.webp,polar_750_6.webp', 1, '2023-10-10 00:08:10', '2023-10-02 00:08:10'),
(57, 'Kraken Tent Shelter', 'KRAKEN是一個大型露營帳篷，其特點是其寬敞的內部空間（這是大型露營帳篷的最大特點）以及極其堅固的測地線結構。它不僅可以用作客廳或餐廳，還可以使用內帳篷用作臥室。', 36000, 4, 10, 'kraken_tent_shelter_list.webp,kraken_tent_shelter_1.webp,kraken_tent_shelter_2.jpg,kraken_tent_shelter_3.jpg,kraken_tent_shelter_4.jpg,kraken_tent_shelter_5.webp,kraken_tent_shelter_6.webp', 1, '2023-10-10 00:22:15', '2023-10-10 00:22:15'),
(58, 'Rapide Tarp Grey', '由 15D 防撕裂尼龍製成的輕質防水布。 Muraco 最小的防水布適合 1 至 2 人，也推薦用於單人露營。 此尺寸使其可以單獨使用或與 RAPIDE X1 山地帳篷結合使用。 透過兩側都有曲線，我們的目標是改善陰影區域並簡化設定。 此外，繩索的設計可以在連接到帳篷時快速設置。', 4000, 5, 7, 'rapide_tarp_grey_list.jpg,rapide_tarp_grey_1.jpg,rapide_tarp_grey_2.webp,rapide_tarp_grey_3.webp,rapide_tarp_grey_4.webp', 1, '2023-10-10 00:29:15', '2023-10-17 00:29:15'),
(59, 'Rapide Tarp International Orange', '由 15D 防撕裂尼龍製成的輕質防水布。 Muraco 最小的防水布適合 1 至 2 人，也推薦用於單人露營。 此尺寸使其可以單獨使用或與 RAPIDE X1 山地帳篷結合使用。 透過兩側都有曲線，我們的目標是改善陰影區域並簡化設定。 此外，繩索的設計可以在連接到帳篷時快速設置。', 4000, 5, 7, 'rapide_tarp_international_orange_list.jpg,rapide_tarp_international_orange_1.jpg,rapide_tarp_international_orange_2.jpg,rapide_tarp_international_orange_3.webp,rapide_tarp_international_orange_4.webp,rapide_tarp_international_orange_5.jpg', 1, '2023-10-10 00:29:15', '2023-10-10 00:29:15'),
(60, 'Kraken Hat', '由尼龍材料製成，可用於從日常使用到露營場景的各種用途。\r\n其特點是完美的深度和精緻的角度和尺寸，修臉的設計使臉部的線條看起來更加立體。四季皆可著用，並且適合男女的各種穿搭場合。', 1050, 17, 7, 'kraken_hat_list.webp,kraken_hat_1.webp,kraken_hat_2.webp,kraken_hat_3.webp', 1, '2023-10-10 01:08:43', '2023-10-02 01:08:43'),
(61, 'Kraken Tee Black', '這件T卹正面繡有海妖的腳，背面繡有海妖的全身。 使用從普通普梳紗中除去短纖維而製成的精梳紗，可以減少絨毛的產生。 這是一款男女皆可著用的商品。', 1400, 15, 7, 'kraken_tee_black_list.webp,kraken_tee_black_1.webp,kraken_tee_black_2.webp,kraken_tee_black_3.webp', 1, '2023-10-10 01:08:43', '2023-10-10 01:08:43'),
(62, 'Kraken Crew Socks', '精心挑選長度的圓領襪，適合搭配短褲和運動鞋。其特點之一是類似滑冰襪的厚底絨和彈性羅紋的韌性。', 400, 17, 7, 'kraken_crew_socks_list.jpg,kraken_crew_socks_1.jpg,kraken_crew_socks_2.webp', 1, '2023-10-10 01:33:32', '2023-10-17 01:33:32'),
(63, 'Coleman Foldable Chair', '十分耐用的戶外折疊椅，輕量化的設計提高了其便攜性，讓設置露營時更加輕鬆快速', 1700, 12, 1, 'coleman_foldable_chair_list.jpg,coleman_foldable_chair_1.jpg,coleman_foldable_chair_2.jpg,coleman_foldable_chair_3.jpg', 1, '2023-10-10 01:47:18', '2023-10-10 01:47:18'),
(64, 'Coleman Foldable Table', '十分耐用的戶外折疊桌，輕量化的設計提高了其便攜性，讓設置露營時更加輕鬆快速', 1700, 12, 1, 'coleman_foldable_table_list.jpg,coleman_foldable_table_1.jpg,coleman_foldable_table_2.jpg,coleman_foldable_table_3.jpg,coleman_foldable_table_4.jpg,coleman_foldable_table_5.jpg', 1, '2023-10-10 01:47:18', '2023-10-10 01:47:18'),
(65, 'Rapide Carajas Peg Hammer', '釘錘的特點是重量輕和可儲存。 它的名字是巴西的一座鐵礦CARAJAS，是世界上最大的鐵礦石生產國。 雖然重量僅為236g，但重量分佈適中，實現了輕拍。 頭部的筆直形狀而不是傳統的T形提供了極好的存儲，可以用帳篷或防水布存放。 頭部是在Muraco自己的工廠切割不鏽鋼製成的，還具有釘子提取功能。', 990, 10, 7, 'carajas_peghammer_list.webp,carajas_peghammer_1.webp,carajas_peghammer_2.webp,carajas_peghammer_3.webp,carajas_peghammer_4.webp,carajas_peghammer_5.webp', 1, '2023-10-10 19:22:32', '2023-10-02 19:22:32'),
(66, 'Rapide Y Shaped Pegs', '這些是具有 Y 形橫截面的鋁合金釘。 非常適合固定輕型防水布和獨立式帳篷。 6 件套。', 540, 9, 7, 'y_shaped_pegs_list.webp,y_shaped_pegs_1.webp,y_shaped_pegs_2.webp,y_shaped_pegs_3.webp,y_shaped_pegs_4.webp', 1, '2023-10-10 19:30:46', '2023-10-17 19:30:46'),
(67, 'Rapide Hanging Line Black', '「HANGING LINE」是一種方便晾曬衣服和存放燈籠等小物品的繩子。 您可以透過鉤住繩子並滑動它來輕鬆調整張力。 它可以固定在帳篷內的環上、樹上或桿子上，或作為衣架將燈籠懸掛在 Hexa Ultra Tarp 的桿子之間。 透過用珠子夾住要懸掛的物體，可以將其牢固地固定。 長約3.6m。', 500, 11, 7, 'hanging_line_black_list.webp,hanging_line_black_1.webp,hanging_line_black_2.webp,hanging_line_black_3.webp,hanging_line_black_4.webp', 1, '2023-10-10 20:13:06', '2023-10-10 20:13:06'),
(68, 'Rapide Hanging Line Yellow\r\n', '「HANGING LINE」是一種方便晾曬衣服和存放吊燈等小物品的繩子。 您可以透過鉤住繩子並滑動它來輕鬆調整張力。 它可以固定在帳篷內的環上、樹上或桿子上，或作為衣架將燈籠懸掛在 Hexa Ultra Tarp 的桿子之間。 透過用珠子夾住要懸掛的物體，可以將其牢固地固定。 長約3.6m。', 500, 11, 7, 'hanging_line_yellow_list.webp,hanging_line_yellow_1.webp,hanging_line_yellow_2.webp,hanging_line_yellow_3.webp,hanging_line_yellow_4.webp', 1, '2023-10-10 20:13:06', '2023-10-10 20:13:06'),
(69, 'Rapide Darwin Bark', 'Darwin\'s Bark 是一種由 Dyneema® 纖維製成的繩索，既輕又堅固。 直徑為 3.5 毫米，非常厚。 這是 Muraco 系列中最強的繩索。 覆蓋材料中融入了大面積的反射，大大提高了夜間的可視性。 以 10m 為單位出售。', 700, 11, 7, 'darwin_bark_list.webp,darwin_bark_1.webp,darwin_bark_2.webp', 1, '2023-10-10 21:05:40', '2023-10-10 21:05:40'),
(70, 'Rapide Iron Cord Black', '鐵繩是由 Dyneema® 纖維製成的繩索，非常適合山地帳篷等艱苦條件。 它是一種反光繩，高度可見且易於操作。 以 15m 為單位出售。', 500, 11, 7, 'iron_cord_black_list.webp,iron_cord_black_1.webp,iron_cord_black_2.webp', 1, '2023-10-10 21:12:28', '2023-10-17 21:12:28'),
(72, 'Rapide NorthPole Fat 280', 'FAT系列是管徑Φ31mm的極粗管材，具有較強的抗彎強度的篷布桿系列。 最大高度可達 280 厘米，非常適合用作防水布的主桿。 材質為A5056鋁合金，其中含有大量的鎂。', 3700, 9, 7, 'northpole_280_list.webp,northpole_280_1.webp,northpole_280_2.webp', 1, '2023-10-10 21:17:25', '2023-10-10 21:17:25'),
(73, 'Rapide NorthPole Fat 210', 'FAT系列是管徑Φ31mm的極粗管材，具有較強的抗彎強度的篷布桿系列。 FAT 210 的最大高度可達 210 厘米，非常適合用作防水布的主桿。 使用的材料是A5056鋁合金，其中含有大量的鎂。', 3000, 9, 7, 'northpole_210_list.webp,northpole_210_1.webp,northpole_210_2.webp', 1, '2023-10-10 21:22:23', '2023-10-02 21:22:23'),
(74, 'Rapide NorthPole Carbon 210', '這是一種碳纖維防水布桿，薄而輕，但強度高。 與日本領先的碳高爾夫球桿製造商之一 Graphite Design 共同開發。 雖然只有 460 克，但強度與 NORTHPOLE™️ FAT 相同，可用作主桿。 在追求強度、重量和彈性之間的平衡的同時，熟練的工程師將用於結構材料的碳編織在一起，目的是創造一種即使在不太可能發生斷裂的情況下也能安全的結構結構。 接頭採用不銹鋼，以分散過載時的壓力。 桿子用減震繩連接，方便組裝。', 3300, 9, 7, 'northpole_carbon_list.webp,northpole_carbon_1.webp,northpole_carbon_2.webp,northpole_carbon_3.jpg', 1, '2023-10-10 21:26:49', '2023-10-02 21:26:49'),
(75, 'Rapide NorthPole Carbon 150', '與 Graphite Design 共同開發的產品，Graphite Design 是日本運動碳纖維領域的領先公司之一。 雖然只有 405 克，但卻擁有與 muraco NORTHPOLE FAT 相同的強度。 碳是由熟練的工程師將結構材料中使用的碳編織在一起製成的。 在追求強度、重量和彈性之間的平衡的同時，我們的目標是創造一種編織結構，在斷裂時可以防止受傷。 接頭採用不銹鋼，以分散過載時的壓力。 桿子透過減震繩連接，設計方便安裝。 建議與 RAPIDE TARP 結合使用。', 3300, 9, 7, 'northpole_carbon_150_list.webp,northpole_carbon_150_1.webp,northpole_carbon_150_2.webp,northpole_carbon_150_3.webp', 1, '2023-10-10 21:26:49', '2023-10-17 21:26:49'),
(76, 'Satellite Fire Base', 'Satellite Fire Base 是一款集便攜性和穩定性於一體的火架，其設計方法與現有產品完全不同。 Muraco獨特的展開結構採用先進的切割技術，實現了「高便攜性」、「輕鬆快速設定」和「對柴火和強風的穩定性」的高水準。', 4745, 14, 1, 'firebase_list.webp,firebase_1.webp,firebase_2.webp,firebase_3.webp', 1, '2023-10-10 21:38:51', '2023-10-02 21:38:51'),
(77, 'Grill Mesh', '一種特殊的不銹鋼烤架，用於使用 Muraco Satellite Firebase 作為烤架。 它由直徑 5 毫米的超粗不銹鋼絲構成，結構簡單，易於清潔和維護。 也可用於明火烹飪，也可用作放置鐵板或鍋子的烤爐。', 800, 14, 1, 'grill_mesh_list.webp,grill_mesh_1.webp,grill_mesh_2.webp,grill_mesh_3.webp', 1, '2023-10-10 21:44:02', '2023-10-10 21:44:02'),
(78, 'Fire Plugs 10pcs', '加拿大Pro Camp Tech公司開發的火塞。 它是一種用途廣泛的點火器，點火效果非常好。 壓縮棉浸有石蠟，用手指或小刀撕開並弄鬆即可輕鬆點燃。 幾乎沒有黏性和異味，即使在雨中或潮濕的環境中也能穩定點火。 10 件入。', 200, 14, 1, 'fireplug10_list.webp,fireplug10_1.webp,fireplug10_2.webp,fireplug10_3.webp', 1, '2023-10-10 21:52:28', '2023-10-25 21:52:28'),
(79, 'Double Knit Gloves Grey', '適合握住熱物體（例如烹飪鍋）的針織手套。 透過使用含有大量空氣的兩層針織物，我們實現了高絕緣性和可操作性。 外部由易燃且含有空氣的棉製成，內部由高強度、耐切割的芳綸纖維製成。 左右沒有區分，可以快速穿上，寬大的下擺方便脫下。 可以手洗，因此可以乾淨地使用。 這些手套非常適合在明火上烹飪。', 1040, 14, 1, 'double_knit_gloves_list.webp,double_knit_gloves_1.webp,double_knit_gloves_2.webp,double_knit_gloves_3.webp,double_knit_gloves_4.webp,double_knit_gloves_5.webp', 1, '2023-10-10 22:07:20', '2023-10-17 22:07:20');

-- --------------------------------------------------------

--
-- 資料表結構 `productdiscount`
--

CREATE TABLE `productdiscount` (
  `product_id` int(11) NOT NULL,
  `discount` float NOT NULL,
  `discount_info` varchar(128) DEFAULT NULL,
  `id` int(11) NOT NULL
) ENGINE=InnoDB DEFAULT CHARSET=utf8mb4 COLLATE=utf8mb4_general_ci;

--
-- 傾印資料表的資料 `productdiscount`
--

INSERT INTO `productdiscount` (`product_id`, `discount`, `discount_info`, `id`) VALUES
(39, 0.3, '換季折扣促銷', 1),
(40, 0.3, '換季折扣促銷', 2),
(53, 0.1, '換季折扣促銷', 3),
(44, 0.2, '換季折扣促銷', 4),
(49, 0.5, '換季折扣促銷', 5),
(60, 0.05, '換季折扣促銷', 6);

-- --------------------------------------------------------

--
-- 資料表結構 `purchase`
--

CREATE TABLE `purchase` (
  `purchase_id` int(11) NOT NULL,
  `purchase_date` datetime DEFAULT NULL,
  `delivery_status` varchar(128) DEFAULT NULL,
  `payment_id` int(11) DEFAULT NULL,
  `user_id` int(11) NOT NULL
) ENGINE=InnoDB DEFAULT CHARSET=utf8mb4 COLLATE=utf8mb4_general_ci;

--
-- 傾印資料表的資料 `purchase`
--

INSERT INTO `purchase` (`purchase_id`, `purchase_date`, `delivery_status`, `payment_id`, `user_id`) VALUES
(17, '2023-06-01 12:15:11', '已送達', 6, 4),
(18, '2023-06-02 09:45:23', '已送達', 1, 16),
(19, '2023-06-03 14:30:54', '已送達', 4, 4),
(20, '2023-06-04 17:20:31', '已送達', 6, 18),
(21, '2023-06-05 11:10:42', '已送達', 1, 19),
(22, '2023-06-06 16:55:27', '已送達', 4, 20),
(23, '2023-06-07 08:25:15', '已送達', 6, 21),
(24, '2023-06-08 13:40:03', '已送達', 1, 22),
(25, '2023-06-09 10:00:59', '已送達', 4, 23),
(26, '2023-06-10 15:50:36', '已送達', 1, 24),
(27, '2023-06-11 19:05:47', '已送達', 4, 25),
(28, '2023-06-12 22:35:08', '已送達', 6, 26),
(29, '2023-06-13 20:15:59', '已送達', 1, 27),
(30, '2023-07-01 09:30:13', '已送達', 4, 15),
(31, '2023-07-02 14:20:29', '已送達', 6, 16),
(32, '2023-07-03 16:45:37', '已送達', 1, 17),
(33, '2023-07-04 11:05:48', '已送達', 4, 18),
(34, '2023-07-05 18:10:21', '已送達', 6, 19),
(35, '2023-07-06 12:55:33', '已送達', 1, 20),
(36, '2023-07-07 21:25:44', '已送達', 4, 21),
(37, '2023-07-08 13:40:52', '已送達', 6, 22),
(38, '2023-07-09 17:55:18', '已送達', 1, 23),
(39, '2023-07-10 08:00:37', '已送達', 4, 24),
(42, '2023-07-13 19:30:25', '已送達', NULL, 27),
(43, '2023-08-01 10:40:45', '已送達', NULL, 15),
(44, '2023-08-02 16:25:14', '已送達', NULL, 16),
(45, '2023-08-03 12:50:27', '已送達', NULL, 17),
(46, '2023-08-04 20:05:33', '已送達', NULL, 18),
(47, '2023-08-05 13:15:02', '已送達', NULL, 19),
(48, '2023-08-06 09:55:16', '已送達', NULL, 20),
(49, '2023-08-07 18:10:39', '已送達', NULL, 21),
(50, '2023-08-08 14:30:58', '已送達', NULL, 22),
(51, '2023-08-09 11:45:06', '已送達', NULL, 23),
(52, '2023-08-10 17:55:23', '已送達', NULL, 24),
(53, '2023-08-11 19:00:52', '已送達', NULL, 25),
(54, '2023-08-12 22:05:37', '已送達', NULL, 26),
(55, '2023-08-13 16:30:29', '已送達', NULL, 27);

-- --------------------------------------------------------

--
-- 資料表結構 `purchase_details`
--

CREATE TABLE `purchase_details` (
  `purchase_detail_id` int(11) NOT NULL,
  `pcs_purchased` int(11) NOT NULL,
  `inventory_id` int(11) NOT NULL,
  `purchase_id` int(11) NOT NULL
) ENGINE=InnoDB DEFAULT CHARSET=utf8mb4 COLLATE=utf8mb4_general_ci;

--
-- 傾印資料表的資料 `purchase_details`
--

INSERT INTO `purchase_details` (`purchase_detail_id`, `pcs_purchased`, `inventory_id`, `purchase_id`) VALUES
(1, 1, 7, 17),
(2, 2, 8, 17),
(3, 3, 9, 19),
(4, 4, 7, 20),
(5, 5, 9, 21),
(6, 1, 12, 22),
(7, 2, 13, 23),
(8, 3, 15, 24),
(9, 4, 16, 25),
(10, 5, 38, 26),
(11, 1, 39, 27),
(13, 3, 7, 29),
(14, 4, 9, 30),
(15, 5, 12, 31),
(16, 1, 13, 32),
(17, 2, 15, 33),
(18, 3, 16, 34),
(22, 2, 7, 38),
(23, 3, 9, 39),
(26, 1, 15, 42),
(27, 2, 16, 43),
(28, 3, 38, 44),
(29, 4, 39, 45),
(30, 5, 2, 46),
(31, 1, 7, 47),
(32, 2, 9, 48),
(33, 3, 12, 49),
(34, 4, 13, 50),
(35, 5, 15, 51),
(36, 1, 16, 52),
(37, 2, 38, 53),
(38, 3, 39, 54),
(39, 4, 2, 55);

-- --------------------------------------------------------

--
-- 資料表結構 `registration_form`
--

CREATE TABLE `registration_form` (
  `id` int(11) NOT NULL,
  `events_id` int(11) DEFAULT NULL,
  `user_id` varchar(255) CHARACTER SET utf8mb4 COLLATE utf8mb4_unicode_ci DEFAULT NULL,
  `email` varchar(255) CHARACTER SET utf8mb4 COLLATE utf8mb4_unicode_ci DEFAULT NULL,
  `number_of_applicants` int(11) DEFAULT NULL,
  `emergency_contact` varchar(255) CHARACTER SET utf8mb4 COLLATE utf8mb4_unicode_ci DEFAULT NULL,
  `phone` varchar(11) DEFAULT NULL
) ENGINE=InnoDB DEFAULT CHARSET=latin1 COLLATE=latin1_swedish_ci;

--
-- 傾印資料表的資料 `registration_form`
--

INSERT INTO `registration_form` (`id`, `events_id`, `user_id`, `email`, `number_of_applicants`, `emergency_contact`, `phone`) VALUES
(1, 2, '4', '', 2, '林宜蓁', '0953088781'),
(2, 1, '7', '', 1, '張家豪', '0953088782'),
(3, 4, '14', '', 2, '陳信宏', '0953088783'),
(4, 12, '8', '', 2, '蔡怡萱', '0953088784'),
(5, 45, '9', '', 1, '鄭文傑', '0953088785'),
(6, 1, '10', '', 3, '王雅琪', '0953088786'),
(7, 2, '5', '', 1, '楊建宇', '0953088787'),
(8, 4, '15', '', 2, '許佳慧', '0953088788'),
(9, 3, '4', '', 2, '賴孟勳', '0953088789'),
(10, 6, '10', '', 1, '朱佳玲', '0953088790'),
(11, 7, '6', '', 2, '黃冠宇', '0953088791'),
(12, 8, '5', '', 2, '趙雅琴', '0953088792'),
(13, 10, '24', '', 2, '許偉哲', '0953088793'),
(14, 14, '23', '', 1, '劉雅文', '0953088794'),
(15, 22, '18', '', 2, '鍾宗翰', '0953088795'),
(16, 20, '4', '', 2, '陳怡靜', '0953088796'),
(17, 21, '5', '', 3, '', '0953088797'),
(18, 22, '19', '', 2, '葉家豪', '0953088798'),
(19, 3, '11', '', 1, '林怡君', '0953088799'),
(20, 4, '16', '', 16, '陳小明', '0915478123'),
(21, 5, '17', '', 1, '王美玲', '0947584154'),
(22, 6, '11', '', 2, '李大偉', '0947584155'),
(23, 7, '16', '', 2, '張小娟', '0985412364'),
(24, 8, '10', '', 1, '林志偉', '0985412365'),
(25, 9, '22', '', 3, '黃雅琳', '0985412366'),
(26, 10, '21', '', 1, '吳明慧', '0985412367'),
(27, 11, '20', '', 2, '劉宏達', '0985412368'),
(28, 12, '9', '', 2, '許佳琪', '0985412369'),
(29, 13, '20', '', 1, '鄭家豪', '0985412370'),
(30, 14, '5', '', 2, '蔡宜君', '0985412371'),
(31, 15, '6', '', 2, '顏偉成', '0985412372'),
(32, 16, '7', '', 2, '陸佳怡', '0985412373'),
(33, 17, '8', '', 1, '高文翰', '0985412374'),
(34, 18, '9', '', 2, '蕭怡萱', '0985412375'),
(35, 19, '10', '', 2, '郭大維', '0985412376'),
(36, 20, '5', '', 3, '梁美玲', '0985412377'),
(37, 21, '4', '', 2, '鍾家豪', '0985412378'),
(38, 22, '20', '', 1, '賴怡文', '0985412379'),
(39, 23, '22', '', 2, '朱志明', '0985412380'),
(40, 24, '21', '', 1, '顏偉成', '0985412381'),
(41, 25, '13', '', 2, '陸佳怡', '0985412382'),
(42, 26, '15', '', 2, '高文翰', '0985412383'),
(43, 27, '18', '', 1, '蕭怡萱', '0985412384'),
(44, 28, '16', '', 3, '郭大維', '0985412385'),
(45, 29, '14', '', 1, '梁美玲', '0985412386'),
(46, 30, '15', '', 2, '鍾家豪', '0985412387'),
(47, 31, '16', '', 2, '顏偉成', '0985412388'),
(48, 32, '17', '', 1, '陸佳怡', '0985412389'),
(49, 33, '4', '', 2, '高文翰', '0985412390'),
(50, 34, '1', '', 3, '陸佳怡', '0953808741'),
(51, 1, '4', '', 6, '王大陸', '0953878787'),
(53, 6, '15', NULL, 13, NULL, NULL),
(80, 0, '5', 'wait123@yahoo.com', 1, '洪碩', '0953808781'),
(91, 5, '18', 'wait123@yahoo.com', 2, '洪碩', '0953808781'),
(92, 5, '10', 'wait123@yahoo.com', 2, '洪碩', '0953808781'),
(93, 5, '16', 'wait123@yahoo.com', 2, '洪碩', '0953808781'),
(94, 5, '20', 'wait123@yahoo.com', 2, '洪碩', '0953808781'),
(95, 5, '43', 'wait123@yahoo.com', 1, '洪碩', '0953808781'),
(96, 2, '6', 'wait123@yahoo.com', 1, '洪碩', '0953741636'),
(97, 3, '12', 'wait123@yahoo.com', 2, '亨亨', '0953808784'),
(136, 8, '11', 'ben12345@gmail.com', 2, '洪碩', '0953808781'),
(138, 7, '17', 'ben123@gmail.com', 2, '洪樹', '0953808781'),
(142, 18, '17', 'wait455231@gmail.com', 1, '洪碩', '0953808781'),
(143, 17, '11', 'wait455231@gmail.com', 2, '洪碩', '0953808781'),
(144, 3, '13', 'wait455231@gmail.com', 2, '洪碩', '0953808781');

-- --------------------------------------------------------

--
-- 資料表結構 `reply`
--

CREATE TABLE `reply` (
  `id` int(5) NOT NULL,
  `userID` int(11) NOT NULL,
  `articleID` int(11) NOT NULL,
  `createTime` timestamp NOT NULL DEFAULT current_timestamp() ON UPDATE current_timestamp(),
  `replycontent` text CHARACTER SET utf8mb4 COLLATE utf8mb4_general_nopad_ci NOT NULL,
  `replyID` int(5) DEFAULT NULL
) ENGINE=InnoDB DEFAULT CHARSET=utf8mb4 COLLATE=utf8mb4_general_ci;

--
-- 傾印資料表的資料 `reply`
--

INSERT INTO `reply` (`id`, `userID`, `articleID`, `createTime`, `replycontent`, `replyID`) VALUES
(1, 4, 121, '2023-10-21 13:05:13', '讚喔！！！', NULL),
(2, 4, 122, '2023-10-21 13:05:44', '值得分享', NULL);

-- --------------------------------------------------------

--
-- 資料表結構 `sessions`
--

CREATE TABLE `sessions` (
  `session_id` varchar(128) CHARACTER SET utf8mb4 COLLATE utf8mb4_bin NOT NULL,
  `expires` int(11) UNSIGNED NOT NULL,
  `data` mediumtext CHARACTER SET utf8mb4 COLLATE utf8mb4_bin DEFAULT NULL
) ENGINE=InnoDB DEFAULT CHARSET=utf8mb4 COLLATE=utf8mb4_general_ci;

-- --------------------------------------------------------

--
-- 資料表結構 `spec`
--

CREATE TABLE `spec` (
  `spec_id` int(11) NOT NULL,
  `spec_name` varchar(50) DEFAULT NULL,
  `spec_type` varchar(50) DEFAULT NULL
) ENGINE=InnoDB DEFAULT CHARSET=utf8mb4 COLLATE=utf8mb4_general_ci;

--
-- 傾印資料表的資料 `spec`
--

INSERT INTO `spec` (`spec_id`, `spec_name`, `spec_type`) VALUES
(1, '黑', '顏色'),
(2, '白', '顏色'),
(3, '灰', '顏色'),
(4, 'XL', '尺寸'),
(5, 'L', '尺寸'),
(6, 'M', '尺寸'),
(7, 'S', '尺寸'),
(8, 'XS', '尺寸'),
(9, '尼龍', '材質'),
(10, '聚酯纖維', '材質'),
(18, '黃', '顏色'),
(19, '橘', '顏色'),
(20, 'one-size', '尺寸'),
(21, '綠/黃', '顏色'),
(22, '粉紅', '顏色'),
(23, '棕', '顏色'),
(24, '淺灰', '顏色'),
(25, '水藍', '顏色'),
(26, '淺木', '顏色'),
(27, '無', '顏色'),
(28, '43', '尺寸'),
(29, '44', '尺寸'),
(30, '麂皮/橡膠', '材質'),
(31, '棉/燈芯絨', '材質'),
(32, '棉', '材質'),
(33, '密合木板', '材質'),
(34, '不鏽鋼', '材質');

-- --------------------------------------------------------

--
-- 資料表結構 `store`
--

CREATE TABLE `store` (
  `store_id` int(8) NOT NULL,
  `store` varchar(255) DEFAULT NULL,
  `business_hours` varchar(255) DEFAULT NULL,
  `phone` varchar(255) DEFAULT NULL,
  `address` varchar(255) DEFAULT NULL
) ENGINE=InnoDB DEFAULT CHARSET=utf8 COLLATE=utf8_general_ci;

--
-- 傾印資料表的資料 `store`
--

INSERT INTO `store` (`store_id`, `store`, `business_hours`, `phone`, `address`) VALUES
(1, 'INVINCIBLE NORTH', '星期二～星期日(週一公休) 11:00 - 22:00', '02-29067818', '台北市大安區忠孝東路四段181巷35弄3號'),
(2, 'INVINCIBLE WEST', '星期二～星期日(週一公休) 11:00 - 22:00', '02-29067819', '台中市西區美村路一段149巷15號'),
(3, 'INVINCIBLE SOUTH', '星期二～星期日(週一公休) 11:00 - 22:00', '02-29067820', '高雄市新興區德順街19號'),
(4, 'INVINCIBLE EAST', '星期二～星期日(週一公休) 11:00 - 22:00', '02-29067821', '花蓮縣花蓮市和平路581號');

--
-- 已傾印資料表的索引
--

--
-- 資料表索引 `bookmark_article`
--
ALTER TABLE `bookmark_article`
  ADD PRIMARY KEY (`b_id`);

--
-- 資料表索引 `brand`
--
ALTER TABLE `brand`
  ADD PRIMARY KEY (`brand_id`);

--
-- 資料表索引 `campcart`
--
ALTER TABLE `campcart`
  ADD PRIMARY KEY (`campCartID`);

--
-- 資料表索引 `campground`
--
ALTER TABLE `campground`
  ADD PRIMARY KEY (`campGroundID`);

--
-- 資料表索引 `campgroundadditionaloptions`
--
ALTER TABLE `campgroundadditionaloptions`
  ADD PRIMARY KEY (`campgroundAdditionalOptionsID`);

--
-- 資料表索引 `campingareatype`
--
ALTER TABLE `campingareatype`
  ADD PRIMARY KEY (`campingAreaTypeID`),
  ADD KEY `campGroundID` (`campGroundID`);

--
-- 資料表索引 `cart`
--
ALTER TABLE `cart`
  ADD PRIMARY KEY (`cart_id`),
  ADD KEY `user_id` (`user_id`),
  ADD KEY `inventory_id` (`inventory_id`);

--
-- 資料表索引 `category`
--
ALTER TABLE `category`
  ADD PRIMARY KEY (`category_id`);

--
-- 資料表索引 `events`
--
ALTER TABLE `events`
  ADD PRIMARY KEY (`id`);

--
-- 資料表索引 `eventsimg`
--
ALTER TABLE `eventsimg`
  ADD PRIMARY KEY (`img_id`);

--
-- 資料表索引 `forgotpsw`
--
ALTER TABLE `forgotpsw`
  ADD PRIMARY KEY (`s_id`);

--
-- 資料表索引 `inventory`
--
ALTER TABLE `inventory`
  ADD PRIMARY KEY (`inventory_id`),
  ADD KEY `product_id` (`product_id`),
  ADD KEY `color_spec` (`color_spec`,`size_spec`,`material_spec`),
  ADD KEY `size_spec` (`size_spec`),
  ADD KEY `material_spec` (`material_spec`);

--
-- 資料表索引 `members`
--
ALTER TABLE `members`
  ADD PRIMARY KEY (`user_id`,`user_name`),
  ADD KEY `level_no` (`level_id`);

--
-- 資料表索引 `msgcategory`
--
ALTER TABLE `msgcategory`
  ADD PRIMARY KEY (`id`);

--
-- 資料表索引 `msgs`
--
ALTER TABLE `msgs`
  ADD PRIMARY KEY (`id`),
  ADD KEY `userID` (`userID`),
  ADD KEY `category` (`msgcategory`);

--
-- 資料表索引 `payment`
--
ALTER TABLE `payment`
  ADD PRIMARY KEY (`payment_id`);

--
-- 資料表索引 `product`
--
ALTER TABLE `product`
  ADD PRIMARY KEY (`product_id`),
  ADD KEY `category_id` (`category_id`,`brand_id`),
  ADD KEY `brand_id` (`brand_id`);

--
-- 資料表索引 `productdiscount`
--
ALTER TABLE `productdiscount`
  ADD PRIMARY KEY (`id`),
  ADD KEY `product_id` (`product_id`);

--
-- 資料表索引 `purchase`
--
ALTER TABLE `purchase`
  ADD PRIMARY KEY (`purchase_id`);

--
-- 資料表索引 `purchase_details`
--
ALTER TABLE `purchase_details`
  ADD PRIMARY KEY (`purchase_detail_id`),
  ADD KEY `product_id` (`inventory_id`),
  ADD KEY `purchase_id` (`purchase_id`);

--
-- 資料表索引 `registration_form`
--
ALTER TABLE `registration_form`
  ADD PRIMARY KEY (`id`);

--
-- 資料表索引 `reply`
--
ALTER TABLE `reply`
  ADD PRIMARY KEY (`id`);

--
-- 資料表索引 `sessions`
--
ALTER TABLE `sessions`
  ADD PRIMARY KEY (`session_id`);

--
-- 資料表索引 `spec`
--
ALTER TABLE `spec`
  ADD PRIMARY KEY (`spec_id`);

--
-- 資料表索引 `store`
--
ALTER TABLE `store`
  ADD PRIMARY KEY (`store_id`);

--
-- 在傾印的資料表使用自動遞增(AUTO_INCREMENT)
--

--
-- 使用資料表自動遞增(AUTO_INCREMENT) `bookmark_article`
--
ALTER TABLE `bookmark_article`
  MODIFY `b_id` int(11) NOT NULL AUTO_INCREMENT, AUTO_INCREMENT=5;

--
-- 使用資料表自動遞增(AUTO_INCREMENT) `brand`
--
ALTER TABLE `brand`
  MODIFY `brand_id` int(11) NOT NULL AUTO_INCREMENT, AUTO_INCREMENT=12;

--
-- 使用資料表自動遞增(AUTO_INCREMENT) `campcart`
--
ALTER TABLE `campcart`
  MODIFY `campCartID` int(11) NOT NULL AUTO_INCREMENT, AUTO_INCREMENT=210;

--
-- 使用資料表自動遞增(AUTO_INCREMENT) `campground`
--
ALTER TABLE `campground`
  MODIFY `campGroundID` int(11) NOT NULL AUTO_INCREMENT, AUTO_INCREMENT=94;

--
-- 使用資料表自動遞增(AUTO_INCREMENT) `campgroundadditionaloptions`
--
ALTER TABLE `campgroundadditionaloptions`
  MODIFY `campgroundAdditionalOptionsID` int(11) NOT NULL AUTO_INCREMENT, AUTO_INCREMENT=120;

--
-- 使用資料表自動遞增(AUTO_INCREMENT) `campingareatype`
--
ALTER TABLE `campingareatype`
  MODIFY `campingAreaTypeID` int(11) NOT NULL AUTO_INCREMENT, AUTO_INCREMENT=378;

--
-- 使用資料表自動遞增(AUTO_INCREMENT) `cart`
--
ALTER TABLE `cart`
  MODIFY `cart_id` int(11) NOT NULL AUTO_INCREMENT, AUTO_INCREMENT=5;

--
-- 使用資料表自動遞增(AUTO_INCREMENT) `category`
--
ALTER TABLE `category`
  MODIFY `category_id` int(11) NOT NULL AUTO_INCREMENT, AUTO_INCREMENT=20;

--
-- 使用資料表自動遞增(AUTO_INCREMENT) `events`
--
ALTER TABLE `events`
  MODIFY `id` int(11) NOT NULL AUTO_INCREMENT, AUTO_INCREMENT=105;

--
-- 使用資料表自動遞增(AUTO_INCREMENT) `eventsimg`
--
ALTER TABLE `eventsimg`
  MODIFY `img_id` int(11) NOT NULL AUTO_INCREMENT, AUTO_INCREMENT=167;

--
-- 使用資料表自動遞增(AUTO_INCREMENT) `forgotpsw`
--
ALTER TABLE `forgotpsw`
  MODIFY `s_id` int(11) NOT NULL AUTO_INCREMENT, AUTO_INCREMENT=16;

--
-- 使用資料表自動遞增(AUTO_INCREMENT) `inventory`
--
ALTER TABLE `inventory`
  MODIFY `inventory_id` int(11) NOT NULL AUTO_INCREMENT, AUTO_INCREMENT=72;

--
-- 使用資料表自動遞增(AUTO_INCREMENT) `members`
--
ALTER TABLE `members`
  MODIFY `user_id` int(11) NOT NULL AUTO_INCREMENT, AUTO_INCREMENT=52;

--
-- 使用資料表自動遞增(AUTO_INCREMENT) `msgcategory`
--
ALTER TABLE `msgcategory`
  MODIFY `id` int(3) NOT NULL AUTO_INCREMENT, AUTO_INCREMENT=65;

--
-- 使用資料表自動遞增(AUTO_INCREMENT) `msgs`
--
ALTER TABLE `msgs`
  MODIFY `id` int(5) NOT NULL AUTO_INCREMENT, AUTO_INCREMENT=229;

--
-- 使用資料表自動遞增(AUTO_INCREMENT) `payment`
--
ALTER TABLE `payment`
  MODIFY `payment_id` int(11) NOT NULL AUTO_INCREMENT, AUTO_INCREMENT=7;

--
-- 使用資料表自動遞增(AUTO_INCREMENT) `product`
--
ALTER TABLE `product`
  MODIFY `product_id` int(11) NOT NULL AUTO_INCREMENT, AUTO_INCREMENT=80;

--
-- 使用資料表自動遞增(AUTO_INCREMENT) `productdiscount`
--
ALTER TABLE `productdiscount`
  MODIFY `id` int(11) NOT NULL AUTO_INCREMENT, AUTO_INCREMENT=7;

--
-- 使用資料表自動遞增(AUTO_INCREMENT) `purchase`
--
ALTER TABLE `purchase`
  MODIFY `purchase_id` int(11) NOT NULL AUTO_INCREMENT, AUTO_INCREMENT=56;

--
-- 使用資料表自動遞增(AUTO_INCREMENT) `purchase_details`
--
ALTER TABLE `purchase_details`
  MODIFY `purchase_detail_id` int(11) NOT NULL AUTO_INCREMENT, AUTO_INCREMENT=40;

--
-- 使用資料表自動遞增(AUTO_INCREMENT) `registration_form`
--
ALTER TABLE `registration_form`
  MODIFY `id` int(11) NOT NULL AUTO_INCREMENT, AUTO_INCREMENT=145;

--
-- 使用資料表自動遞增(AUTO_INCREMENT) `reply`
--
ALTER TABLE `reply`
  MODIFY `id` int(5) NOT NULL AUTO_INCREMENT, AUTO_INCREMENT=3;

--
-- 使用資料表自動遞增(AUTO_INCREMENT) `spec`
--
ALTER TABLE `spec`
  MODIFY `spec_id` int(11) NOT NULL AUTO_INCREMENT, AUTO_INCREMENT=35;

--
-- 使用資料表自動遞增(AUTO_INCREMENT) `store`
--
ALTER TABLE `store`
  MODIFY `store_id` int(8) NOT NULL AUTO_INCREMENT, AUTO_INCREMENT=5;

--
-- 已傾印資料表的限制式
--

--
-- 資料表的限制式 `cart`
--
ALTER TABLE `cart`
  ADD CONSTRAINT `cart_ibfk_1` FOREIGN KEY (`inventory_id`) REFERENCES `inventory` (`inventory_id`) ON UPDATE CASCADE;

--
-- 資料表的限制式 `inventory`
--
ALTER TABLE `inventory`
  ADD CONSTRAINT `inventory_ibfk_1` FOREIGN KEY (`product_id`) REFERENCES `product` (`product_id`) ON UPDATE CASCADE,
  ADD CONSTRAINT `inventory_ibfk_2` FOREIGN KEY (`color_spec`) REFERENCES `spec` (`spec_id`) ON UPDATE CASCADE,
  ADD CONSTRAINT `inventory_ibfk_3` FOREIGN KEY (`size_spec`) REFERENCES `spec` (`spec_id`) ON UPDATE CASCADE,
  ADD CONSTRAINT `inventory_ibfk_4` FOREIGN KEY (`material_spec`) REFERENCES `spec` (`spec_id`) ON UPDATE CASCADE;

--
-- 資料表的限制式 `product`
--
ALTER TABLE `product`
  ADD CONSTRAINT `product_ibfk_5` FOREIGN KEY (`brand_id`) REFERENCES `brand` (`brand_id`) ON UPDATE CASCADE,
  ADD CONSTRAINT `product_ibfk_6` FOREIGN KEY (`category_id`) REFERENCES `category` (`category_id`) ON UPDATE CASCADE;

--
-- 資料表的限制式 `productdiscount`
--
ALTER TABLE `productdiscount`
  ADD CONSTRAINT `productdiscount_ibfk_1` FOREIGN KEY (`product_id`) REFERENCES `product` (`product_id`) ON UPDATE CASCADE;
COMMIT;

/*!40101 SET CHARACTER_SET_CLIENT=@OLD_CHARACTER_SET_CLIENT */;
/*!40101 SET CHARACTER_SET_RESULTS=@OLD_CHARACTER_SET_RESULTS */;
/*!40101 SET COLLATION_CONNECTION=@OLD_COLLATION_CONNECTION */;
