-- phpMyAdmin SQL Dump
-- version 5.2.1
-- https://www.phpmyadmin.net/
--
-- 主機： 127.0.0.1
-- 產生時間： 2023-10-06 12:01:00
-- 伺服器版本： 10.4.28-MariaDB
-- PHP 版本： 8.2.4

SET SQL_MODE = "NO_AUTO_VALUE_ON_ZERO";
START TRANSACTION;
SET time_zone = "+00:00";


/*!40101 SET @OLD_CHARACTER_SET_CLIENT=@@CHARACTER_SET_CLIENT */;
/*!40101 SET @OLD_CHARACTER_SET_RESULTS=@@CHARACTER_SET_RESULTS */;
/*!40101 SET @OLD_COLLATION_CONNECTION=@@COLLATION_CONNECTION */;
/*!40101 SET NAMES utf8mb4 */;

--
-- 資料庫： `events`
--

-- --------------------------------------------------------

--
-- 資料表結構 `events`
--

CREATE TABLE `events` (
  `id` int(11) NOT NULL,
  `events_id` int(11) DEFAULT NULL,
  `title` varchar(255) DEFAULT NULL,
  `registration_start_time` date DEFAULT NULL,
  `registration_end_time` date DEFAULT NULL,
  `event_start` varchar(255) DEFAULT NULL,
  `evets_time` varchar(255) DEFAULT NULL,
  `simpleIntro` varchar(255) DEFAULT NULL,
  `fullIntro` varchar(255) DEFAULT NULL,
  `applicantlimitedqty` int(11) DEFAULT NULL,
  `maplocation` varchar(255) DEFAULT NULL,
  `location` varchar(255) DEFAULT NULL,
  `store_id` int(11) DEFAULT NULL,
  `state` int(11) DEFAULT NULL,
  `click` int(11) NOT NULL
) ENGINE=InnoDB DEFAULT CHARSET=utf8mb4 COLLATE=utf8mb4_unicode_ci;

--
-- 傾印資料表的資料 `events`
--

INSERT INTO `events` (`id`, `events_id`, `title`, `registration_start_time`, `registration_end_time`, `event_start`, `evets_time`, `simpleIntro`, `fullIntro`, `applicantlimitedqty`, `maplocation`, `location`, `store_id`, `state`, `click`) VALUES
(1, 1, '初次攀岩 第一次攀岩就上手', '2023-10-01', '2023-10-25', '2023/10/28', '11:00~14:00', '攀岩不是肌肉男的專利\n攀岩運動不分男女，就算是初學者只要找到安全攀岩場、學習基本技巧，並帶著一顆勇於挑戰的心，相信你也可以從中找到樂趣。', '上攀是大家對攀岩的第一印象，有著大約3層樓高（9-15米不等）的上攀牆，需穿著安全吊帶與攀岩鞋，使用專門的繩索與快扣，下方有一位確保員。抱石是攀岩的一種型態，但是與多數攀登型態最大不同處是抱石不用繩索等器材確保，因而攀爬高度不高，以確保攀登者墜落無危險。而確保方法也異於一般攀登確保，抱石確保其目的也非使攀登者遠離地面，而是使確保者墜落時，身體為垂直地面，避免使攀登者因墜落而造成背與頭部傷害。', 10, '台北市-萬華區', '台北市萬華區大理街149號', 1, 1, 1),
(2, 2, '最安全的極限運動！最爽酷的娛樂健身！', '2023-10-01', '2023-10-25', '2023/10/28', '06:00~14:00', '想學衝浪又不想跑海邊讓衝浪新手挑戰大海前先在這裡好好練習。', '體驗室內衝浪，也有專業的教練課程，讓教練針對每個人不同的體能情形，手把手帶你學習衝浪的酷炫特技。\n結束後裡面還有各種娛樂設施像是恆溫泳池、泡泡池、健身房、滑水供會員體驗結束後使用。', 12, '新北市-板橋區', '新北市板橋區華江三路211號1樓', 1, 1, 2),
(3, 3, '極限體能王', '2023-10-01', '2023-10-25', '2023/10/28', '11:00~14:00', '極限體能王全新副本開啟！考驗平衡、膽試、協調性、敏捷、爆發力、身體應用能力。', '課程時間90分鐘，依序先熱身，讓教練了解大家體能狀況，接著進行關卡示範教學與練習。\n在此階段，教練會視情況調整關卡難易程度。最後將關卡串聯起來，進行個人挑戰或分組對抗，或者是繼續練習/挑戰其他項目。剩下30分鐘可自由練習關卡。', 14, '台北市-信義區', '台北市信義區基隆路一段25號', 1, 1, 3),
(4, 4, '海上巡航 包船狂歡', '2023-10-01', '2023-10-25', '2023/10/28', '13:00~15:00', '走向海洋感受浪漫仙境龜山島牛奶海的魅力，享受浪漫帆船融入遼闊山海，並在平靜水域進行水上活動！', '★【浪漫牛奶海】最壯闊！最熱門！ 最夯！最潮！法式雙體帆船豪華派對雙體帆船SUP體驗\n★【說走就走 包船行程】不跟別人湊團併船！不尷尬！好安排！放鬆、自在、玩到瘋！\n★【海上戲水趴】提供SUP立槳、充氣浮具、海上魔毯、音樂派對、紅酒香檳享高端\n★【活動有保障】企業經營！合法船艇！多重保險！救生員教練、教學戒護！\n★【帆船派對FU】感受海洋魅力、享受渡假甜蜜、編織美麗回憶！', 20, '宜蘭縣-頭城鎮', '宜蘭縣頭城鎮烏石遊艇碼頭', 1, 1, 4),
(5, 5, '什麼，城市裡也能潛水？', '2023-10-01', '2023-10-25', '2023/10/28', '11:00~15:00', '不需要舟車勞頓在城市中客製化你的潛水活動! ', '水肺潛水沉船體驗\n座落在台中西屯區的都市水下沈船\n風靡了亞洲海內外的潛水員前來朝聖！\n不需要到外海深處\n在都市中就可以體驗沈船探險\n專屬於水肺潛水員的沈船區\n不會游泳也可以來體驗！', 16, '台中市-西屯區', '台中市西屯區安和西路69號', 2, 1, 5),
(6, 6, '準備好與好友一決勝負或者來探索古埃及之謎', '2023-10-01', '2023-10-25', '2023/10/28', '10:00~14:00', '雷射槍戰是一種射擊遊戲，在遊戲中每位玩家使用雷射槍去射擊對手或敵方隊伍來取得分數以贏得最後的勝利!!!', '遊戲進行時，每位玩家將會穿著六度空間所提供的感應背心和雷射槍。六度空間的雷射對戰遊戲是非常安全不會有任何疼痛的(除非你很久沒運動肌肉痠痛)，而且也不需要準備任何服裝及裝備，隨時都能與親友一起進行激戰!!!\n感應系統可以讓我們在不同遊戲模式中得到不同的體驗並搭配上您自己的對戰策略，這將會是智力與體力上的挑戰!!!', 16, '台中市-南屯區', '台中市南屯區豐偉路87號B1', 2, 1, 6),
(7, 7, '輕航機飛行體驗', '2023-10-01', '2023-10-25', '2023/10/28', '11:00~13:00', '台中輕航機體驗，當一日飛行員!', '無需任何飛行經驗，即可翱翔於藍天白雲間\n專業機師教練全程陪同，最高級的設備帶你俯瞰台中市容\n秉持「專業、合法、安全」三大精神，幫助有心飛向天際的有志之士一圓飛行夢', 18, '台中市-烏日區', '台中市烏日區慶光路59-6號', 2, 1, 7),
(8, 8, '台中露營｜森渼原ALIVE Glamping Base', '2023-10-01', '2023-10-25', '2023/10/28', '11:00~14:00', '以大地為床、星空為幕的頂級旅宿體驗！', '懶人豪華露營，入住絕美神殿帳、露營車，享受星級飯店規格寢具住宿！\n配備有舒適的寢具用品、設計精緻的浴廁空間\n一泊三食享受在地食材異國料理的餐飲服務', 12, '台中市-外埔區', '台中市外埔區二崁路700號', 2, 1, 8),
(9, 9, '流動小熊DIY手作課程體驗', '2023-10-01', '2023-10-25', '2023/10/28', '11:00~14:00', '藝術來自於生活中每一個細節，最需要先學習放手感受，享受美好瞬間', '不需繪畫基礎、沒有特定框架也能開心體會手作的樂趣\n產品介紹、手做流體小熊DIY體驗', 10, '高雄市-新興區', '高雄市新興區玉竹一街17巷9號2樓', 3, 1, 9),
(10, 10, '遠山望月溫泉風呂露營', '2023-10-01', '2023-10-25', '2023/10/28', '13:00~15:00', '位於高雄六龜的遠山望月溫泉風呂露營體驗，來到這邊遠離都會喧囂，放鬆身心。', '露營的同時，可享受擁有美人湯之稱的碳酸氫鹽泉，浸泡其中有如沐浴於天然化妝水中，具有滋潤肌膚的功效\n遠山望月溫泉風呂露營體驗，返璞歸真的環境氛圍，讓來到六龜寶來中海拔的山區之中的旅人，藉以重新思考真正「生活豐饒」的定義。', 14, '高雄市-六龜區', '高雄市六龜區寶來二巷花賞溫泉公園', 3, 0, 10),
(11, 11, '橋頭水彈槍戰．弓箭對戰體驗', '2023-10-01', '2023-10-25', '2023/10/28', '11:00~15:00', '平均10分鐘即可完成一局水彈槍戰；弓箭對戰項目，享受不同類型的對戰樂趣，一次玩得盡興。', '平均10分鐘即可完成一局水彈槍戰；弓箭對戰項目，享受不同類型的對戰樂趣，一次玩得盡興\n水彈槍安全性高，只要佩戴護目鏡就可以放心玩耍，不用擔心對身體和周邊物件造成破壞\n不會產生污染、環境清理問題，也不像漆彈那樣在您身上殘留油彩\n適合親子同樂的新型態槍戰水彈槍的安全性高於軟氣槍和漆彈槍', 16, '高雄市-橋頭區', '高雄市橋頭區橋南路688-1號', 3, 1, 11),
(12, 12, '暢跳體驗', '2023-10-01', '2023-10-25', '2023/10/28', '10:00~14:00', '開放式遊樂大空間以「彈跳」為主題，引進美國製造最高品質的彈跳床設施', '專業美國原廠技師來台技術指導，一起快樂運動\n透過遊戲提升體能與四肢協調性，也可培養孩子學習運用頭腦通過重重未知的關卡，進而具備克服並挑戰困難的心理素質。\n勇者堡壘滑梯遊樂區、XBOX互動遊戲區、雷射迷宮等各項遊樂主題等你來挑戰，加上不定時舉辦躲避球大賽、排球大賽、雷射 PARTY、彈跳團體課程，讓你天天驚喜不斷！', 12, '高雄市-前鎮區', '高雄市前鎮區中安路1-1號（KM PARK Outlets 高雄草衙大道西2樓', 3, 1, 12),
(13, 13, '泛舟體驗', '2023-10-01', '2023-10-25', '2023/10/28', '11:00~13:00', '領略秀姑巒溪河岸風光，平川與激流相結合，零經驗也沒問題', '希望能到大自然裡面放鬆身心，相比之下安全係數更高的輕挑戰更能讓人釋放壓力。像原始人一樣駕一葉小舟，時而徜徉於平川、時而飛越激流，驚險刺激的泛舟是放鬆自己的不錯選擇。台灣秀姑巒溪的美無需贅述，此地泛舟之頻繁，無論是教練還是裝備的專業性也相當值得信賴，乘坐最先進的小舟，便可無後顧之憂地盡情放肆了。', 12, '花蓮縣-瑞穗鎮', '秀姑巒溪泛舟中心（花蓮縣瑞穗鎮中山路三段216號）', 4, 1, 13),
(14, 14, '獵人體驗', '2023-10-01', '2023-10-25', '2023/10/28', '11:00~14:00', '接受傳統弓箭、彈弓的獵人資格考驗，了解先人如何智取獵物', '體驗花東原住民的生活方式，感受阿美族的熱情與好客！\n使用新鮮的竹子和米飯，自己手做美味的竹筒飯\n接受傳統弓箭、彈弓的獵人資格考驗，了解先人如何智取獵物\n學會捕魚和鑽木生火等求生技能\n享用由多種當季野菜煮成的原住民間康風味湯品', 10, '花蓮縣-吉安鄉', '花蓮縣吉安鄉吉興二街231號', 4, 1, 14),
(15, 15, '清水斷崖SUP立槳體驗', '2023-10-01', '2023-10-25', '2023/10/28', '11:00~14:00', '在台灣十景之一的花蓮清水斷崖玩SUP，欣賞太平洋海天一色', '專業教練會在岸上進行教學，再帶你破浪出海，探訪開車到不了的私房景點。\n海平面上感受磅礴的斷崖山勢，不同時段出發各有其不同特色。\n專業教練指導陪同，附贈拍照服務，為你捕捉最美的回憶\n體驗近年超夯的立式划槳SUP！站著、坐著、趴著隨你玩！', 12, '花蓮縣-秀林鄉', '花蓮縣秀林鄉海濱路98-2號', 4, 1, 15),
(16, 16, '野猴子探險森林', '2023-10-01', '2023-10-25', '2023/10/28', '13:00~15:00', '擁抱台灣東部亞熱帶森林的壯麗美景', '欣賞花蓮鬱鬱葱葱的茂盛綠植跟著中文教練的腳步，穿越迷宮般的森林，從樹梢上欣賞山脈和平原的全景，體驗樹頂探險、空中迷宮、森林溜索。', 12, '花蓮縣-壽豐鄉', '花蓮縣壽豐鄉月眉路三段10號', 4, 1, 16),
(17, 17, '探索古道奇跡之旅 - 大溪老街古蹟漫遊', '2023-10-01', '2023-10-25', '2023/10/28', '11:00~15:00', '走進時光隧道，漫遊大溪老街，發現古老建築之美。這是一場穿越歷史的奇妙之旅。', '漫步在台灣大溪古老街區，感受悠久歷史。專業導覽帶領，解說每個古蹟背後的故事。', 10, '桃園市-大溪區', '桃園市大溪區復興路一段385號', 1, 1, 17),
(18, 18, '踏上仙境徒步之旅 - 溪頭自然步道探秘', '2023-10-01', '2023-10-25', '2023/10/28', '10:00~14:00', '與大自然對話，徒步溪頭自然步道。這是一場深度探索山水間奧妙之旅。', '在台灣南投溪頭，跟隨自然步道，穿越原始森林，發現瀑布、溪流，沉浸於山水之美。', 12, '南投縣-仁愛鄉', '南投縣仁愛鄉仁和路14號', 2, 1, 18),
(19, 19, '星夜浪漫騎行 - 阿里山夜間單車之旅', '2023-10-01', '2023-10-25', '2023/10/28', '11:00~13:00', '遠離塵囂，騎行於阿里山星夜。這是一場令人陶醉於夜空星光的浪漫騎行體驗。', '夜晚的阿里山，星光璀璨。騎著自行車穿越山間小徑，沐浴在星夜浪漫氛圍中。', 12, '嘉義縣-阿里山鄉', '嘉義縣阿里山鄉新中橫公路605號', 3, 1, 19),
(20, 20, '海灣暢遊 - 墾丁龍磐公園浮潛探險', '2023-10-01', '2023-10-25', '2023/10/28', '11:00~14:00', '與海底世界相遇，展開墾丁龍磐公園浮潛探險。這是一場水下奇幻之旅。', '於台灣墾丁，穿梭於龍磐公園浮潛區，探索繽紛珊瑚礁、熱帶魚群，感受海底世界的奇妙。', 10, '屏東縣-恆春鎮', '屏東縣恆春鎮南灣路鞍山巷66號', 3, 1, 20),
(21, 21, '高山驚艷 - 合歡山花季登山之旅', '2023-10-01', '2023-10-25', '2023/10/28', '11:00~14:00', '征服高峰，沐浴花海。參與合歡山花季登山，感受高山之美。', '在台灣合歡山，攀登至海拔高峰，花季時分山頭綻放五彩繽紛花朵，一場高山花海之旅。', 12, '南投縣-仁愛鄉', '南投縣仁愛鄉仁和路50號', 2, 1, 21),
(22, 22, '沙灘夢幻之夜 - 蘭嶼夜光海生態尋奇', '2023-10-01', '2023-10-25', '2023/10/28', '13:00~15:00', '沙灘之夜，海上耀眼夜光。加入蘭嶼夜光海尋奇之旅，感受沙灘夢幻魅力。', '蘭嶼的夜光海，星星點點浮於海面，猶如夢幻仙境。專業導覽解說，深度體驗海洋生態之美。', 10, '台東縣-蘭嶼鄉', '台東縣蘭嶼鄉37號', 4, 1, 22),
(23, 23, '森林冒險挑戰 - 台東知本溫泉生態探索', '2023-10-01', '2023-10-25', '2023/10/28', '11:00~15:00', '森林深處，湯泉涌現。參與知本溫泉生態探索，享受森林冒險挑戰。', '於台東知本，踏入綠意濃密的溫泉森林，感受大自然的療癒力。深度探索，發現隱藏在森林中的美妙。', 10, '台東縣-卑南鄉', '台東縣泰安村泰安路486-10號', 4, 1, 23),
(24, 24, '草原奔馳之旅 - 台中梨山草原越野機車探險', '2023-10-01', '2023-10-25', '2023/10/28', '10:00~14:00', '草原廣闊，風景奔馳。加入梨山草原越野機車探險，感受草原風情。', '在台中梨山，穿梭於廣大草原，機車奔馳於風光明媚的山坡上，挑戰極速探險。', 12, '台中市-和平區', '台中市和平區中興路三段16-8號', 2, 1, 24),
(25, 25, '溪流歡樂漂流 - 花蓮石梯坪泛舟冒險', '2023-10-01', '2023-10-25', '2023/10/28', '11:00~13:00', '溪水歡笑，冒險之心。加入石梯坪泛舟活動，感受溪流歡樂漂流之樂。', '在台灣花蓮石梯坪，搭乘泛舟，穿越急流，歡笑聲在溪水間回蕩。', 12, '花蓮縣-秀林鄉', '花蓮縣秀林鄉海濱路48-2號', 4, 1, 25),
(26, 26, '科技魔法工作坊 - 動手製作機器人的有趣旅程', '2023-10-01', '2023-10-25', '2023/10/28', '11:00~14:00', ' 融合科技與創意，親子一同參與製作機器人的有趣工作坊，啟發未來科學家！', ' 在這個充滿科技魔法的工作坊中，孩子們將親手打造自己的小型機器人，學習基礎的電子學和編程概念。透過遊戲與實作，啟發創造力並激發科學興趣。適合6歲以上兒童參加', 12, '台北市中正區', '台北市中正區中山南路7號', 1, 1, 12),
(27, 27, '經典藝術沙龍 - 沉浸名畫世界的藝術之夜', '2023-10-01', '2023-10-25', '2023/10/28', '11:00~14:00', '藝術家與你相約，一同沉浸於名畫之美，品味經典藝術的奇妙之夜。', '這場藝術沙龍將引領您走進經典名畫的世界，深度解讀畫作背後的故事，並進行手作藝術創作。在輕鬆的氛圍中，享受與藝術家互動的美好時光。適合藝術愛好者與初學者。', 10, '台中市西區', '台中市西區美村路一段389號', 2, 1, 13),
(28, 28, '漫遊太空奇境 - 虛擬實境太空探險之旅', '2023-10-01', '2023-10-25', '2023/10/28', '13:00~15:00', '穿越星際，感受虛擬實境太空奇境。挑戰極限，冒險未知星系的探索之旅。', '這是一場虛擬實境冒險，穿戴VR裝置，置身於太空中。感受浩瀚星系、懸浮在彗星旁，猶如置身奇幻太空之中。結合最新科技，打造身歷其境的太空體驗。', 14, '新北市三峽區', '新北市三峽區三樹路2號', 1, 1, 14),
(29, 29, '美食大師廚藝班 - 一場味蕾的創意狂歡', '2023-10-01', '2023-10-25', '2023/10/28', '11:00~15:00', '廚藝藝術，親手打造美味佳餚。加入美食大師班，展現獨特創意，享受烹飪樂趣。', ' 在這場廚藝班中，由專業廚師傳授烹飪技巧，學習精緻菜餚製作，並發揮個人創意，打造獨特口味。無論是初學者或是廚藝愛好者，都能在這裡挖掘烹飪的樂趣。', 16, '台南市北區', '台南市北區西門路四段101號', 3, 1, 15),
(30, 30, '奇幻電玩體驗 - 虛擬現實VR遊戲之夜', '2023-10-01', '2023-10-25', '2023/10/28', '10:00~14:00', ' 走進虛擬世界，感受身歷其境的遊戲奇幻。這是一場令人著迷的VR電玩之旅。', ' 透過先進的虛擬現實技術，參與者將沉浸在電玩世界中。挑戰各種虛擬場景，從恐龍時代到未來科技城市，每一步都是奇幻冒險。', 16, '高雄市左營區', '高雄市左營區實踐路101號', 3, 1, 16),
(31, 31, '音樂大師工作坊 - 學習創作屬於你的音樂故事', '2023-10-01', '2023-10-25', '2023/10/28', '11:00~13:00', '音樂創作新體驗，參與音樂大師工作坊，一同譜寫屬於自己的動人樂章。', ' 在這場音樂工作坊中，將由專業音樂家指導，從基礎音樂理論到創作技巧，讓參與者發揮創意，寫下屬於自己的音樂故事。', 12, '新竹市東區', '新竹市東區光復路二段101號', 1, 1, 18),
(32, 32, '戲劇表演工作坊 - 融入舞台，演繹人生故事', '2023-10-01', '2023-10-25', '2023/10/28', '11:00~14:00', '舞台魔法，戲劇表演新體驗。參與工作坊，挑戰演技，展現人生故事。', ' 融入戲劇世界，由資深表演導師指導，學習表演技巧、情感演繹，透過劇本演繹自己的人生片段。適合戲劇愛好者與初學者。', 12, '台中市南區', '台中市南區南平路36號', 2, 1, 15),
(33, 33, '電影手作工作坊 - 打造個人風格的影視道具', '2023-10-01', '2023-10-25', '2023/10/28', '11:00~14:00', '走進電影世界，親手製作影視道具。這是一場融入電影手作，發揮創意的工作坊。', '參與者將學習電影道具製作的基本技巧，從原型設計到手作實踐，創造出個人風格的影視道具。', 12, '台南市東區', '台南市東區崇善路151號', 3, 1, 19),
(34, 34, '山林徒步探秘 - 太魯閣奇峰遠足之旅', '2023-10-01', '2023-10-25', '2023/10/28', '13:00~15:00', '探索太魯閣美景，徒步穿越奇峰。挑戰山徑，品味大自然之美。', '在台灣太魯閣國家公園，沿著古老山徑遠足，穿越壯麗峽谷與奇特岩層，感受大自然的獨特魅力。', 12, '花蓮縣秀林鄉', '花蓮縣秀林鄉和平村263號', 4, 1, 20),
(35, 35, '海灣冒險激流 - 宜蘭綠美溪泛舟之旅', '2023-10-01', '2023-10-25', '2023/10/28', '11:00~15:00', ' 奮鬥激流，體驗宜蘭綠美溪泛舟。歡笑與水流共挑戰。', '漂流於宜蘭綠美溪，途中穿越急流與翠綠林蔭，全家歡樂參與，體驗刺激冒險。', 10, '宜蘭縣冬山鄉', '宜蘭縣冬山鄉永興路一段257號', 1, 1, 21),
(36, 36, '星光露營之夜 - 溪頭星空露營體驗', '2023-10-01', '2023-10-25', '2023/10/28', '10:00~14:00', '山谷星夜，體驗溪頭星空露營。仰望星辰，享受大自然的寧靜之夜。', ' 在台灣南投溪頭，露營於清涼山谷，沉浸在星光中。專業導覽解說星座，共享難得寧靜夜晚。', 14, '南投縣仁愛鄉', '南投縣仁愛鄉仁和路43號1樓', 2, 1, 22),
(37, 37, '海岸寶藏狩獵 - 蓮花池浮潛寶石獵奇', '2023-10-01', '2023-10-25', '2023/10/28', '11:00~13:00', '蓮花池寶藏，展開浮潛尋寶之旅。挖掘海底寶石，感受海岸奇幻之美。', '深入台灣東海岸，蓮花池浮潛區，尋找海底珊瑚寶石，品味大海豐富生態。', 16, '宜蘭縣頭城鎮', '宜蘭縣頭城鎮青雲路三段126號', 1, 1, 23),
(38, 38, '山嶺攀登之旅 - 喀拉業山高山登頂', '2023-10-01', '2023-10-25', '2023/10/28', '11:00~14:00', '突破高山巔峰，攀登喀拉業山。遠眺山谷，感受登頂之榮耀。', '在台灣合歡山脈，挑戰喀拉業山高峰。攀登頂峰，俯瞰雲海山川，享受高山登頂的成就感。', 12, '南投縣仁愛鄉', '南投縣仁愛鄉大同村忠孝巷', 2, 1, 24),
(39, 39, '湖畔自行車之旅 - 日月潭畔風光騎行', '2023-10-01', '2023-10-25', '2023/10/28', '11:00~14:00', ' 風情湖畔，沿著日月潭騎行。感受微風湖光，享受自行車湖畔之旅。', '漫遊於台灣日月潭畔，騎行自行車，欣賞湖光山色。途中探訪文創村落，品味湖畔風情。', 14, '南投縣魚池鄉', '南投縣魚池鄉中山路8號', 2, 1, 25),
(40, 40, '雲端步道漫遊 - 阿里山神木湖登山健行', '2023-10-01', '2023-10-25', '2023/10/28', '13:00~15:00', '徜徉雲端，登上阿里山神木湖。沿著步道徒步，感受山林靜謐之美。', ' 在台灣阿里山，登上神木湖，漫遊雲端步道。沿途欣賞奇花異木，深入原始森林。', 12, '嘉義縣阿里山鄉', '嘉義縣阿里山鄉2鄰36號', 3, 1, 26),
(41, 41, '浪漫熱氣球之旅 - 高空熱氣球飄浮仙境', '2023-10-01', '2023-10-25', '2023/10/28', '11:00~15:00', '翱翔仙境，挑戰高空熱氣球飄浮。俯瞰大地，享受浪漫熱氣球之旅。', '於台灣平原上，搭乘熱氣球，飄浮於高空仙境。俯瞰山川湖泊，感受浪漫飛行體驗。', 12, '桃園市復興區', '桃園市復興區華陵里21-1號 ', 1, 1, 27),
(42, 42, '林間生態尋奇 - 墾丁龍磐步道生態探險', '2023-10-01', '2023-10-25', '2023/10/28', '10:00~14:00', '森林尋奇，穿越墾丁龍磐步道。探索生態奧秘，享受大自然探險之旅。', '踏足墾丁龍磐步道，穿越原始森林，尋找樹海中的奇幻生態。', 10, '屏東縣恆春鎮', '屏東縣恆春鎮南灣路鞍山巷66號', 3, 1, 28),
(43, 43, '湖畔草原野餐 - 日月潭畔自然野餐之旅', '2023-10-01', '2023-10-25', '2023/10/28', '11:00~13:00', '綠意湖畔，享受日月潭畔野餐。沐浴陽光，感受湖光草色之美。', '於日月潭湖畔，準備野餐，沉浸在綠意湖光中。遠離塵囂，感受自然寧靜。', 10, '南投縣魚池鄉', '南投縣魚池鄉中山路291-26號', 2, 1, 29),
(44, 44, '夢幻花海攝影之旅 - 三峽櫻花季隨拍', '2023-10-01', '2023-10-25', '2023/10/28', '11:00~14:00', '漫步花海，捕捉櫻花美景。攝影者夢幻時刻，三峽櫻花季的浪漫之旅。', '櫻花盛開於三峽老街，攝影者可沿著古街巷弄，捕捉櫻花風情，創作美麗攝影作品。', 12, '新北市三峽區', '新北市三峽區79號', 1, 1, 30),
(45, 45, '歷史探險遊 - 台南古蹟巡禮之旅', '2023-10-01', '2023-10-25', '2023/10/28', '11:00~14:00', '步入古城，探索台南古蹟。歷史漫遊，體驗悠久文化，沉浸在古老街巷中。', '台南充滿歷史古蹟，包括赤崁樓、安平古堡等，導覽員將帶領遊客深入探索台南豐富的歷史文化。詳細地址：台南市中西區。', 10, '台南市中西區', '台南市中西區正興街92號', 3, 1, 31),
(46, 46, '山水畫意 - 宜蘭蘭陽平原油畫創作工作坊', '2023-10-01', '2023-10-25', '2023/10/28', '13:00~15:00', '墨染大地，踏入蘭陽平原。油畫創作工作坊，挑戰藝術創意，描繪山水風情。', '在宜蘭蘭陽平原，參與者將學習油畫技巧，描繪大地風光，創作出屬於自己的山水畫作品。', 12, '宜蘭縣蘇澳鎮', '宜蘭縣蘇澳鎮港區路8號', 1, 1, 12),
(47, 47, '極速賽車體驗 - 台中車迷極速飆車之夜', '2023-10-01', '2023-10-25', '2023/10/28', '11:00~15:00', ' 灼熱馳騁，感受台中極速賽道。賽車體驗者，挑戰極速快感。', '台中賽車場舉辦極速體驗活動，參與者將有機會駕駛賽車，體驗極速飆車的刺激與挑戰。', 16, '台中市南區', '台中市南區工學北路2號', 2, 1, 2),
(48, 48, '自然尋寶之旅 - 花蓮秘境瀑布藏寶地', '2023-10-01', '2023-10-25', '2023/10/28', '10:00~14:00', '探索秘境，發現花蓮瀑布寶藏。尋寶者歷險，沐浴自然美景。', '在花蓮山區，隨導覽員尋找隱藏瀑布，探險者將穿越原始森林，發現秘境中的自然寶藏。', 10, '花蓮縣秀林鄉', '花蓮縣秀林鄉263號', 4, 1, 4),
(49, 49, '浪漫燈海夜遊 - 彰化八卦山燈區遊走', '2023-10-01', '2023-10-25', '2023/10/28', '11:00~13:00', '燈光綻放，漫步八卦山。浪漫夜遊者，沉醉在燈海的溫馨氛圍。', ' 彰化八卦山舉辦燈區活動，參與者可夜間漫遊於燈海之間，感受浪漫的夜晚氛圍。', 16, '彰化縣鹿港鎮', '彰化縣鹿港鎮某旦巷85號505', 2, 1, 5),
(50, 50, '高山星空露營 - 台東夜間星光露營之旅', '2023-10-01', '2023-10-25', '2023/10/29', '11:00~14:00', '登上高山，露營星空下。星空露營者，盡情沉浸在宇宙奇蹟。', '台東高山地區提供高海拔露營體驗，參與者可欣賞到高山夜空中清晰的星光，享受星空露營之樂。', 14, '台東縣鹿野鄉', '台東縣鹿野鄉新源路85巷68號', 4, 1, 10),
(51, 51, '古道探奇之旅 - 嘉義阿里山神木湖古道徒步', '2023-10-01', '2023-10-25', '2023/10/30', '11:00~14:00', '踏上古道，探訪神木湖。古道探險者，感受神秘山野之美。', '阿里山神木湖古道徒步，導覽員帶領參與者穿越原始樹海，探索古老山徑的神秘之旅。', 12, '嘉義縣阿里山鄉', '嘉義縣阿里山鄉伊利雅娜部落聯絡道', 3, 1, 12),
(52, 52, '海灘沙雕藝術 - 墾丁白沙灣藝術沙雕創作', '2023-10-01', '2023-10-25', '2023/10/31', '13:00~15:00', ' 白沙灣藝術，挑戰沙雕巧思。沙雕藝術家，在墾丁展現創意天地。', '墾丁白沙灣舉辦沙雕藝術創作活動，藝術家們在沙灘上展現獨特巧思，打造出令人驚艷的沙雕藝術品。', 12, '屏東縣恆春鎮', '屏東縣恆春鎮樹林路51-10號', 3, 1, 15);

-- --------------------------------------------------------

--
-- 資料表結構 `eventsimg`
--

CREATE TABLE `eventsimg` (
  `img_id` int(11) NOT NULL,
  `events_id` int(11) DEFAULT NULL,
  `img_file` varchar(255) DEFAULT NULL,
  `show_first` int(11) DEFAULT NULL
) ENGINE=InnoDB DEFAULT CHARSET=latin1 COLLATE=latin1_swedish_ci;

--
-- 傾印資料表的資料 `eventsimg`
--

INSERT INTO `eventsimg` (`img_id`, `events_id`, `img_file`, `show_first`) VALUES
(1, 1, 'pexels-allan-mas-5384641.jpg', 1),
(2, 1, 'pexels-cottonbro-studio-6700629.jpg', 0),
(3, 1, 'pexels-cottonbro-studio-6701735.jpg', 0),
(4, 1, 'pexels-skitterphoto-9606.jpg', 0),
(5, 2, 'pexels-guy-kawasaki-1654493.jpg', 1),
(6, 2, 'pexels-nataliya-vaitkevich-4944685.jpg', 0),
(7, 2, 'pexels-pixabay-390051.jpg', 0),
(8, 2, 'pexels-ray-bilcliff-1494720.jpg', 0),
(9, 3, 'IMG_4923.jpg.webp', 1),
(10, 3, '242748793_238343778272715_9070842738044796765_n-scaled.webp', 0),
(11, 3, 'SIRH5811-scaled.webp', 0),
(12, 3, '243273135_564899844775265_3407748544771119618_n-scaled.webp', 0),
(13, 4, 'y3othfzvpdfin6jzrg8l.webp', 1),
(14, 4, '44348020-bc48-11ea-adfc-54f3c74b6ebd.webp', 0),
(15, 4, '62da2d4c36bd1.jpg', 0),
(16, 4, '62abfe345714d.jpg', 0),
(17, 5, 'diving05.jpg', 1),
(18, 5, 'diving02.jpg', 0),
(19, 5, 'diving04.jpg', 0),
(20, 5, 'pexels-emma-li-5106323.jpg', 0),
(21, 6, 'fight-1400-x-650.jpg', 1),
(22, 6, 'gamezone-warzone-1400x650.jpg', 0),
(23, 6, 'Haloween-deco-2-1400x650.jpg', 0),
(24, 6, 'vest-1400-650.jpg', 0),
(25, 7, 'btcwuzwdqsfjiyypkwnc.webp', 1),
(26, 7, 'aljkscoyuprghodgxnbr.webp', 0),
(27, 7, '49889287313_99a38fb7b0_b.webp', 0),
(28, 7, '43001627061_25d2de10d8_h.webp', 0),
(29, 8, '2.jpg', 1),
(30, 8, '21.jpg', 0),
(31, 8, '1.jpg', 0),
(32, 8, '06.jpg', 0),
(33, 9, '20230309172543_64.jpg', 1),
(34, 9, '20230306214505_19.jpg', 0),
(35, 9, '20230306214508_95.jpg', 0),
(36, 9, '20230309172600_33.jpg', 0),
(37, 10, 'pexels-cottonbro-studio-5358788.jpg', 1),
(38, 10, 'pexels-baihaki-hine-4314203.jpg', 0),
(39, 10, 'pexels-cottonbro-studio-5994748.jpg', 0),
(40, 10, 'room-4_1.jpg', 0),
(41, 11, '2306020935194198024120.jpg', 1),
(42, 11, '2306020934369208305330.jpg', 0),
(43, 11, '2306020935351806732615.jpg', 0),
(44, 11, 'jpg.webp', 0),
(45, 12, 'qkmjrrpiouzla7uxents.webp', 1),
(46, 12, 'e3wyiumlbolwq0gcepx6.webp', 0),
(47, 12, 'qkmjrrpiouzla7uxents.webp', 0),
(48, 12, 'abtwmwhqrvoq6xd2oxsp.webp', 0),
(49, 13, 'pexels-brett-sayles-2348108.jpg', 1),
(50, 13, 'pexels-tom-fisk-1732278.jpg', 0),
(51, 13, 'pexels-tom-fisk-1732281.jpg', 0),
(52, 13, 'pexels-tom-fisk-1732284.jpg', 0),
(53, 14, '12.jpg', 1),
(54, 14, '13.jpg', 0),
(55, 14, '20200807_171227-scaled.jpg', 0),
(56, 14, '20200821_111525-scaled.jpg', 0),
(57, 15, 'pexels-vanngo-ng-17237155.jpg', 1),
(58, 15, 'pexels-laura-stanley-1790184.jpg', 0),
(59, 15, 'pexels-kindel-media-7426143.jpg', 0),
(60, 15, 'pexels-chris-clark-7432774.jpg', 0),
(61, 16, '20210922230712_16.jpg', 1),
(62, 16, '1234.webp', 0),
(63, 16, 'jpg (2).webp', 0),
(64, 16, 'jpg (1).webp', 0),
(65, 17, '100.jpg', 1),
(66, 17, '99.jpg', 0),
(67, 17, '97.jpg', 0),
(68, 18, '20191030135612_76510.jpg', 1),
(69, 18, '20191030141933_45718.jpg', 0),
(70, 18, '20191030142622_42036.jpg', 0),
(71, 19, 'image2-1024x683.jpg', 1),
(72, 19, 'image3-1024x683.jpg', 0),
(73, 19, 'image6-1024x683.jpg', 0),
(74, 20, '96.JPG', 1),
(75, 20, '95.jpg', 0),
(76, 20, 'P7240199.JPG', 0),
(77, 21, '2023-1.jpg', 1),
(78, 21, 'unnamed-file-100.jpg', 0),
(79, 21, 'unnamed-file-103.jpg', 0),
(80, 22, '93.jpg', 1),
(81, 22, '94.jpg', 0),
(82, 22, '92.jpg', 0),
(83, 23, '1024x768.jpg', 1),
(84, 23, '1024x768 (2).jpg', 0),
(85, 23, '1024x768 (1).jpg', 0),
(86, 24, '63625a7843855e32971c0c21f25e777e.webp', 1),
(87, 24, '1629245384-765323400-g_n.jpg', 0),
(88, 24, 'lishan-960.jpg', 0),
(89, 25, 'show_22_1.jpg', 1),
(90, 25, '91.jpg', 0),
(91, 25, '90.jpg', 0),
(92, 26, '89.jpg', 1),
(93, 26, '88.jpg', 0),
(94, 26, '87.jpg', 0),
(95, 27, '1909170244042083851951.jpg', 1),
(96, 27, '195.jpg', 0),
(97, 27, '86.jpg', 0),
(98, 28, '4045166.webp', 1),
(99, 28, '4045167.webp', 0),
(100, 28, '4045168.webp', 0),
(101, 29, 'f8.jpg', 1),
(102, 29, '74.jpg', 0),
(103, 29, '123.jpg', 0),
(104, 30, '72.jpg', 1),
(105, 30, 'BD0200_P_02_02.jpg', 0),
(106, 30, '73.jpg', 0),
(107, 31, '18.jpg', 1),
(108, 31, '07.jpg', 0),
(109, 31, '12345.jpg', 0),
(110, 32, '70.jpg', 1),
(111, 32, '69.jpg', 0),
(112, 32, '71.jpg', 0),
(113, 33, 'isle of dogs_031.jpg', 1),
(114, 33, 'isle of dogs_04.jpg', 0),
(115, 33, 'isle of dogs_02.png', 0),
(116, 34, '1711111126531758.jpg', 1),
(117, 34, '1711110848341758-600x400.jpg', 0),
(118, 34, '1711110847541758.jpg', 0),
(119, 35, '68.jpg', 1),
(120, 35, '66.jpg', 0),
(121, 35, '67.jpg', 0),
(122, 36, '65.jpg', 1),
(123, 36, '16349518051837-1.jpg', 0),
(124, 36, '16349552600647.jpg', 0),
(125, 37, '63.jpg', 1),
(126, 37, '64.jpg', 0),
(127, 37, '62.jpg', 0),
(128, 38, '61.jpg', 1),
(129, 38, '60.jpg', 0),
(130, 38, '59.jpg', 0),
(131, 39, '56.jpg', 1),
(132, 39, '57.jpg', 0),
(133, 39, '58.jpg', 0),
(134, 40, '54.jpg', 1),
(135, 40, '53.jpg', 0),
(136, 40, '52.jpg', 0),
(137, 41, 'isle of dogs_031.jpg', 1),
(138, 41, 'isle of dogs_04.jpg', 0),
(139, 41, 'isle of dogs_02.png', 0),
(140, 42, '4045166.webp', 1),
(141, 42, '4045167.webp', 0),
(142, 42, '4045168.webp', 0),
(143, 43, '1024x768.jpg', 1),
(144, 43, '1024x768 (2).jpg', 0),
(145, 43, '1024x768 (1).jpg', 0),
(146, 44, '63625a7843855e32971c0c21f25e777e.webp', 1),
(147, 44, '1629245384-765323400-g_n.jpg', 0),
(148, 44, 'lishan-960.jpg', 0),
(149, 45, '100.jpg', 1),
(150, 45, '99.jpg', 0),
(151, 45, '97.jpg', 0),
(152, 46, '20191030135612_76510.jpg', 1),
(153, 46, '20191030141933_45718.jpg', 0),
(154, 46, '20191030142622_42036.jpg', 0),
(155, 47, 'pexels-cottonbro-studio-5358788.jpg', 1),
(156, 47, 'pexels-baihaki-hine-4314203.jpg', 0),
(157, 47, 'pexels-cottonbro-studio-5994748.jpg', 0),
(158, 48, '68.jpg', 1),
(159, 48, '66.jpg', 0),
(160, 48, '67.jpg', 0),
(161, 49, '65.jpg', 1),
(162, 49, '16349518051837-1.jpg', 0),
(163, 49, '16349552600647.jpg', 0),
(164, 50, '54.jpg', 1),
(165, 50, '53.jpg', 0),
(166, 50, '52.jpg', 0);

-- --------------------------------------------------------

--
-- 資料表結構 `registration_form`
--

CREATE TABLE `registration_form` (
  `id` int(11) NOT NULL,
  `events_id` int(11) DEFAULT NULL,
  `user_id` varchar(255) CHARACTER SET utf8mb4 COLLATE utf8mb4_unicode_ci DEFAULT NULL,
  `email` varchar(255) CHARACTER SET utf8mb4 COLLATE utf8mb4_unicode_ci DEFAULT NULL,
  `number_of_applicants` int(11) DEFAULT NULL,
  `emergency_contact` varchar(255) CHARACTER SET utf8mb4 COLLATE utf8mb4_unicode_ci DEFAULT NULL,
  `phone` varchar(11) DEFAULT NULL
) ENGINE=InnoDB DEFAULT CHARSET=latin1 COLLATE=latin1_swedish_ci;

--
-- 傾印資料表的資料 `registration_form`
--

INSERT INTO `registration_form` (`id`, `events_id`, `user_id`, `email`, `number_of_applicants`, `emergency_contact`, `phone`) VALUES
(1, 2, '', '', 2, '林宜蓁', '0953088781'),
(2, 1, '', '', 1, '張家豪', '0953088782'),
(3, 4, '', '', 2, '陳信宏', '0953088783'),
(4, 12, '', '', 2, '蔡怡萱', '0953088784'),
(5, 45, '', '', 1, '鄭文傑', '0953088785'),
(6, 1, '', '', 3, '王雅琪', '0953088786'),
(7, 2, '', '', 1, '楊建宇', '0953088787'),
(8, 4, '', '', 2, '許佳慧', '0953088788'),
(9, 3, '', '', 2, '賴孟勳', '0953088789'),
(10, 6, '', '', 1, '朱佳玲', '0953088790'),
(11, 7, '', '', 2, '黃冠宇', '0953088791'),
(12, 8, '', '', 2, '趙雅琴', '0953088792'),
(13, 10, '', '', 2, '許偉哲', '0953088793'),
(14, 14, '', '', 1, '劉雅文', '0953088794'),
(15, 22, '', '', 2, '鍾宗翰', '0953088795'),
(16, 20, '', '', 2, '陳怡靜', '0953088796'),
(17, 21, '', '', 3, '', '0953088797'),
(18, 22, '', '', 2, '葉家豪', '0953088798'),
(19, 3, '', '', 1, '林怡君', '0953088799'),
(20, 4, '', '', 2, '陳小明', '0915478123'),
(21, 5, '', '', 1, '王美玲', '0947584154'),
(22, 6, '', '', 2, '李大偉', '0947584155'),
(23, 7, '', '', 2, '張小娟', '0985412364'),
(24, 8, '', '', 1, '林志偉', '0985412365'),
(25, 9, '', '', 3, '黃雅琳', '0985412366'),
(26, 10, '', '', 1, '吳明慧', '0985412367'),
(27, 11, '', '', 2, '劉宏達', '0985412368'),
(28, 12, '', '', 2, '許佳琪', '0985412369'),
(29, 13, '', '', 1, '鄭家豪', '0985412370'),
(30, 14, '', '', 2, '蔡宜君', '0985412371'),
(31, 15, '', '', 2, '顏偉成', '0985412372'),
(32, 16, '', '', 2, '陸佳怡', '0985412373'),
(33, 17, '', '', 1, '高文翰', '0985412374'),
(34, 18, '', '', 2, '蕭怡萱', '0985412375'),
(35, 19, '', '', 2, '郭大維', '0985412376'),
(36, 20, '', '', 3, '梁美玲', '0985412377'),
(37, 21, '', '', 2, '鍾家豪', '0985412378'),
(38, 22, '', '', 1, '賴怡文', '0985412379'),
(39, 23, '', '', 2, '朱志明', '0985412380'),
(40, 24, '', '', 1, '顏偉成', '0985412381'),
(41, 25, '', '', 2, '陸佳怡', '0985412382'),
(42, 26, '', '', 2, '高文翰', '0985412383'),
(43, 27, '', '', 1, '蕭怡萱', '0985412384'),
(44, 28, '', '', 3, '郭大維', '0985412385'),
(45, 29, '', '', 1, '梁美玲', '0985412386'),
(46, 30, '', '', 2, '鍾家豪', '0985412387'),
(47, 31, '', '', 2, '顏偉成', '0985412388'),
(48, 32, '', '', 1, '陸佳怡', '0985412389'),
(49, 33, '', '', 2, '高文翰', '0985412390'),
(50, 34, '', '', 3, '陸佳怡', '0953808741');

-- --------------------------------------------------------

--
-- 資料表結構 `sessions`
--

CREATE TABLE `sessions` (
  `session_id` varchar(128) CHARACTER SET utf8mb4 COLLATE utf8mb4_bin NOT NULL,
  `expires` int(11) UNSIGNED NOT NULL,
  `data` mediumtext CHARACTER SET utf8mb4 COLLATE utf8mb4_bin DEFAULT NULL
) ENGINE=InnoDB DEFAULT CHARSET=latin1 COLLATE=latin1_swedish_ci;

-- --------------------------------------------------------

--
-- 資料表結構 `store`
--

CREATE TABLE `store` (
  `store_id` int(8) NOT NULL,
  `store` varchar(255) DEFAULT NULL,
  `business_hours` varchar(255) DEFAULT NULL,
  `phone` varchar(255) DEFAULT NULL,
  `address` varchar(255) DEFAULT NULL
) ENGINE=InnoDB DEFAULT CHARSET=utf8 COLLATE=utf8_general_ci;

--
-- 傾印資料表的資料 `store`
--

INSERT INTO `store` (`store_id`, `store`, `business_hours`, `phone`, `address`) VALUES
(1, 'INVINCIBLE NORTH', '星期二～星期日(週一公休) 11:00 - 22:00', '02-29067818', '台北市大安區忠孝東路四段181巷35弄3號'),
(2, 'INVINCIBLE WEST', '星期二～星期日(週一公休) 11:00 - 22:00', '02-29067819', '台中市西區美村路一段149巷15號'),
(3, 'INVINCIBLE SOUTH', '星期二～星期日(週一公休) 11:00 - 22:00', '02-29067820', '高雄市新興區德順街19號'),
(4, 'INVINCIBLE EAST', '星期二～星期日(週一公休) 11:00 - 22:00', '02-29067821', '花蓮縣花蓮市和平路581號');

--
-- 已傾印資料表的索引
--

--
-- 資料表索引 `events`
--
ALTER TABLE `events`
  ADD PRIMARY KEY (`id`);

--
-- 資料表索引 `eventsimg`
--
ALTER TABLE `eventsimg`
  ADD PRIMARY KEY (`img_id`);

--
-- 資料表索引 `registration_form`
--
ALTER TABLE `registration_form`
  ADD PRIMARY KEY (`id`);

--
-- 資料表索引 `sessions`
--
ALTER TABLE `sessions`
  ADD PRIMARY KEY (`session_id`);

--
-- 資料表索引 `store`
--
ALTER TABLE `store`
  ADD PRIMARY KEY (`store_id`);

--
-- 在傾印的資料表使用自動遞增(AUTO_INCREMENT)
--

--
-- 使用資料表自動遞增(AUTO_INCREMENT) `events`
--
ALTER TABLE `events`
  MODIFY `id` int(11) NOT NULL AUTO_INCREMENT, AUTO_INCREMENT=53;

--
-- 使用資料表自動遞增(AUTO_INCREMENT) `eventsimg`
--
ALTER TABLE `eventsimg`
  MODIFY `img_id` int(11) NOT NULL AUTO_INCREMENT, AUTO_INCREMENT=167;

--
-- 使用資料表自動遞增(AUTO_INCREMENT) `registration_form`
--
ALTER TABLE `registration_form`
  MODIFY `id` int(11) NOT NULL AUTO_INCREMENT, AUTO_INCREMENT=51;

--
-- 使用資料表自動遞增(AUTO_INCREMENT) `store`
--
ALTER TABLE `store`
  MODIFY `store_id` int(8) NOT NULL AUTO_INCREMENT, AUTO_INCREMENT=5;
COMMIT;

/*!40101 SET CHARACTER_SET_CLIENT=@OLD_CHARACTER_SET_CLIENT */;
/*!40101 SET CHARACTER_SET_RESULTS=@OLD_CHARACTER_SET_RESULTS */;
/*!40101 SET COLLATION_CONNECTION=@OLD_COLLATION_CONNECTION */;
